-66,-110,eiyVBXWUy3XyrDYBGkepjkY7cp4=,NkKSTN1Q+y3+2rPoIlSCv0RfIEs=
-67,-110,eiyVBXWUy3XyrDYBGkepjkY7cp4=,NkKSTN1Q+y3+2rPoIlSCv0RfIEs=
-77,-112,eiyVBXWUy3XyrDYBGkepjkY7cp4=,NkKSTN1Q+y3+2rPoIlSCv0RfIEs=
-70,-97,eiyVBXWUy3XyrDYBGkepjkY7cp4=,NkKSTN1Q+y3+2rPoIlSCv0RfIEs=
-71,-97,eiyVBXWUy3XyrDYBGkepjkY7cp4=,NkKSTN1Q+y3+2rPoIlSCv0RfIEs=
-72,-97,eiyVBXWUy3XyrDYBGkepjkY7cp4=,NkKSTN1Q+y3+2rPoIlSCv0RfIEs=
-78,-97,eiyVBXWUy3XyrDYBGkepjkY7cp4=,NkKSTN1Q+y3+2rPoIlSCv0RfIEs=
-76,-97,eiyVBXWUy3XyrDYBGkepjkY7cp4=,NkKSTN1Q+y3+2rPoIlSCv0RfIEs=
-65,-111,eiyVBXWUy3XyrDYBGkepjkY7cp4=,NkKSTN1Q+y3+2rPoIlSCv0RfIEs=
-77,-97,eiyVBXWUy3XyrDYBGkepjkY7cp4=,NkKSTN1Q+y3+2rPoIlSCv0RfIEs=
-66,-111,eiyVBXWUy3XyrDYBGkepjkY7cp4=,NkKSTN1Q+y3+2rPoIlSCv0RfIEs=
-79,-97,eiyVBXWUy3XyrDYBGkepjkY7cp4=,NkKSTN1Q+y3+2rPoIlSCv0RfIEs=
-68,-111,eiyVBXWUy3XyrDYBGkepjkY7cp4=,NkKSTN1Q+y3+2rPoIlSCv0RfIEs=
-67,-111,eiyVBXWUy3XyrDYBGkepjkY7cp4=,NkKSTN1Q+y3+2rPoIlSCv0RfIEs=
-69,-111,eiyVBXWUy3XyrDYBGkepjkY7cp4=,NkKSTN1Q+y3+2rPoIlSCv0RfIEs=
-70,-111,eiyVBXWUy3XyrDYBGkepjkY7cp4=,NkKSTN1Q+y3+2rPoIlSCv0RfIEs=
-72,-111,eiyVBXWUy3XyrDYBGkepjkY7cp4=,NkKSTN1Q+y3+2rPoIlSCv0RfIEs=
-71,-111,eiyVBXWUy3XyrDYBGkepjkY7cp4=,NkKSTN1Q+y3+2rPoIlSCv0RfIEs=
-74,-111,eiyVBXWUy3XyrDYBGkepjkY7cp4=,NkKSTN1Q+y3+2rPoIlSCv0RfIEs=
-75,-111,eiyVBXWUy3XyrDYBGkepjkY7cp4=,NkKSTN1Q+y3+2rPoIlSCv0RfIEs=
-77,-111,eiyVBXWUy3XyrDYBGkepjkY7cp4=,NkKSTN1Q+y3+2rPoIlSCv0RfIEs=
-80,-97,eiyVBXWUy3XyrDYBGkepjkY7cp4=,NkKSTN1Q+y3+2rPoIlSCv0RfIEs=
-73,-111,eiyVBXWUy3XyrDYBGkepjkY7cp4=,NkKSTN1Q+y3+2rPoIlSCv0RfIEs=
-68,-110,eiyVBXWUy3XyrDYBGkepjkY7cp4=,NkKSTN1Q+y3+2rPoIlSCv0RfIEs=
-76,-111,eiyVBXWUy3XyrDYBGkepjkY7cp4=,NkKSTN1Q+y3+2rPoIlSCv0RfIEs=
-69,-98,eiyVBXWUy3XyrDYBGkepjkY7cp4=,NkKSTN1Q+y3+2rPoIlSCv0RfIEs=
-70,-98,eiyVBXWUy3XyrDYBGkepjkY7cp4=,NkKSTN1Q+y3+2rPoIlSCv0RfIEs=
-71,-98,eiyVBXWUy3XyrDYBGkepjkY7cp4=,NkKSTN1Q+y3+2rPoIlSCv0RfIEs=
-75,-97,eiyVBXWUy3XyrDYBGkepjkY7cp4=,NkKSTN1Q+y3+2rPoIlSCv0RfIEs=
-65,-98,eiyVBXWUy3XyrDYBGkepjkY7cp4=,NkKSTN1Q+y3+2rPoIlSCv0RfIEs=
-72,-98,eiyVBXWUy3XyrDYBGkepjkY7cp4=,NkKSTN1Q+y3+2rPoIlSCv0RfIEs=
-78,-112,eiyVBXWUy3XyrDYBGkepjkY7cp4=,NkKSTN1Q+y3+2rPoIlSCv0RfIEs=
-79,-111,eiyVBXWUy3XyrDYBGkepjkY7cp4=,NkKSTN1Q+y3+2rPoIlSCv0RfIEs=
-77,-98,eiyVBXWUy3XyrDYBGkepjkY7cp4=,NkKSTN1Q+y3+2rPoIlSCv0RfIEs=
-78,-98,eiyVBXWUy3XyrDYBGkepjkY7cp4=,NkKSTN1Q+y3+2rPoIlSCv0RfIEs=
-79,-98,eiyVBXWUy3XyrDYBGkepjkY7cp4=,NkKSTN1Q+y3+2rPoIlSCv0RfIEs=
-80,-98,eiyVBXWUy3XyrDYBGkepjkY7cp4=,NkKSTN1Q+y3+2rPoIlSCv0RfIEs=
-67,-98,eiyVBXWUy3XyrDYBGkepjkY7cp4=,NkKSTN1Q+y3+2rPoIlSCv0RfIEs=
-66,-98,eiyVBXWUy3XyrDYBGkepjkY7cp4=,NkKSTN1Q+y3+2rPoIlSCv0RfIEs=
-66,-97,eiyVBXWUy3XyrDYBGkepjkY7cp4=,NkKSTN1Q+y3+2rPoIlSCv0RfIEs=
-65,-112,eiyVBXWUy3XyrDYBGkepjkY7cp4=,NkKSTN1Q+y3+2rPoIlSCv0RfIEs=
-65,-97,eiyVBXWUy3XyrDYBGkepjkY7cp4=,NkKSTN1Q+y3+2rPoIlSCv0RfIEs=
-73,-98,eiyVBXWUy3XyrDYBGkepjkY7cp4=,NkKSTN1Q+y3+2rPoIlSCv0RfIEs=
-69,-110,eiyVBXWUy3XyrDYBGkepjkY7cp4=,NkKSTN1Q+y3+2rPoIlSCv0RfIEs=
-78,-111,eiyVBXWUy3XyrDYBGkepjkY7cp4=,NkKSTN1Q+y3+2rPoIlSCv0RfIEs=
-70,-99,eiyVBXWUy3XyrDYBGkepjkY7cp4=,NkKSTN1Q+y3+2rPoIlSCv0RfIEs=
-71,-99,eiyVBXWUy3XyrDYBGkepjkY7cp4=,NkKSTN1Q+y3+2rPoIlSCv0RfIEs=
-72,-99,eiyVBXWUy3XyrDYBGkepjkY7cp4=,NkKSTN1Q+y3+2rPoIlSCv0RfIEs=
-73,-99,eiyVBXWUy3XyrDYBGkepjkY7cp4=,NkKSTN1Q+y3+2rPoIlSCv0RfIEs=
-68,-98,eiyVBXWUy3XyrDYBGkepjkY7cp4=,NkKSTN1Q+y3+2rPoIlSCv0RfIEs=
-73,-97,eiyVBXWUy3XyrDYBGkepjkY7cp4=,NkKSTN1Q+y3+2rPoIlSCv0RfIEs=
-76,-98,eiyVBXWUy3XyrDYBGkepjkY7cp4=,NkKSTN1Q+y3+2rPoIlSCv0RfIEs=
-74,-97,eiyVBXWUy3XyrDYBGkepjkY7cp4=,NkKSTN1Q+y3+2rPoIlSCv0RfIEs=
-77,-99,eiyVBXWUy3XyrDYBGkepjkY7cp4=,NkKSTN1Q+y3+2rPoIlSCv0RfIEs=
-78,-99,eiyVBXWUy3XyrDYBGkepjkY7cp4=,NkKSTN1Q+y3+2rPoIlSCv0RfIEs=
-79,-99,eiyVBXWUy3XyrDYBGkepjkY7cp4=,NkKSTN1Q+y3+2rPoIlSCv0RfIEs=
-79,-112,eiyVBXWUy3XyrDYBGkepjkY7cp4=,NkKSTN1Q+y3+2rPoIlSCv0RfIEs=
-80,-99,eiyVBXWUy3XyrDYBGkepjkY7cp4=,NkKSTN1Q+y3+2rPoIlSCv0RfIEs=
-69,-97,eiyVBXWUy3XyrDYBGkepjkY7cp4=,NkKSTN1Q+y3+2rPoIlSCv0RfIEs=
-67,-97,eiyVBXWUy3XyrDYBGkepjkY7cp4=,NkKSTN1Q+y3+2rPoIlSCv0RfIEs=
-66,-112,eiyVBXWUy3XyrDYBGkepjkY7cp4=,NkKSTN1Q+y3+2rPoIlSCv0RfIEs=
-80,-111,eiyVBXWUy3XyrDYBGkepjkY7cp4=,NkKSTN1Q+y3+2rPoIlSCv0RfIEs=
-70,-110,eiyVBXWUy3XyrDYBGkepjkY7cp4=,NkKSTN1Q+y3+2rPoIlSCv0RfIEs=
-65,-100,eiyVBXWUy3XyrDYBGkepjkY7cp4=,NkKSTN1Q+y3+2rPoIlSCv0RfIEs=
-74,-98,eiyVBXWUy3XyrDYBGkepjkY7cp4=,NkKSTN1Q+y3+2rPoIlSCv0RfIEs=
-70,-100,eiyVBXWUy3XyrDYBGkepjkY7cp4=,NkKSTN1Q+y3+2rPoIlSCv0RfIEs=
-71,-100,eiyVBXWUy3XyrDYBGkepjkY7cp4=,NkKSTN1Q+y3+2rPoIlSCv0RfIEs=
-72,-100,eiyVBXWUy3XyrDYBGkepjkY7cp4=,NkKSTN1Q+y3+2rPoIlSCv0RfIEs=
-73,-100,eiyVBXWUy3XyrDYBGkepjkY7cp4=,NkKSTN1Q+y3+2rPoIlSCv0RfIEs=
-68,-99,eiyVBXWUy3XyrDYBGkepjkY7cp4=,NkKSTN1Q+y3+2rPoIlSCv0RfIEs=
-66,-99,eiyVBXWUy3XyrDYBGkepjkY7cp4=,NkKSTN1Q+y3+2rPoIlSCv0RfIEs=
-68,-97,eiyVBXWUy3XyrDYBGkepjkY7cp4=,NkKSTN1Q+y3+2rPoIlSCv0RfIEs=
-67,-99,eiyVBXWUy3XyrDYBGkepjkY7cp4=,NkKSTN1Q+y3+2rPoIlSCv0RfIEs=
-77,-100,eiyVBXWUy3XyrDYBGkepjkY7cp4=,NkKSTN1Q+y3+2rPoIlSCv0RfIEs=
-79,-100,eiyVBXWUy3XyrDYBGkepjkY7cp4=,NkKSTN1Q+y3+2rPoIlSCv0RfIEs=
-80,-100,eiyVBXWUy3XyrDYBGkepjkY7cp4=,NkKSTN1Q+y3+2rPoIlSCv0RfIEs=
-78,-100,eiyVBXWUy3XyrDYBGkepjkY7cp4=,NkKSTN1Q+y3+2rPoIlSCv0RfIEs=
-65,-99,eiyVBXWUy3XyrDYBGkepjkY7cp4=,NkKSTN1Q+y3+2rPoIlSCv0RfIEs=
-69,-100,eiyVBXWUy3XyrDYBGkepjkY7cp4=,NkKSTN1Q+y3+2rPoIlSCv0RfIEs=
-75,-99,eiyVBXWUy3XyrDYBGkepjkY7cp4=,NkKSTN1Q+y3+2rPoIlSCv0RfIEs=
-74,-100,eiyVBXWUy3XyrDYBGkepjkY7cp4=,NkKSTN1Q+y3+2rPoIlSCv0RfIEs=
-67,-112,eiyVBXWUy3XyrDYBGkepjkY7cp4=,NkKSTN1Q+y3+2rPoIlSCv0RfIEs=
-71,-110,eiyVBXWUy3XyrDYBGkepjkY7cp4=,NkKSTN1Q+y3+2rPoIlSCv0RfIEs=
-70,-101,eiyVBXWUy3XyrDYBGkepjkY7cp4=,NkKSTN1Q+y3+2rPoIlSCv0RfIEs=
-71,-101,eiyVBXWUy3XyrDYBGkepjkY7cp4=,NkKSTN1Q+y3+2rPoIlSCv0RfIEs=
-72,-101,eiyVBXWUy3XyrDYBGkepjkY7cp4=,NkKSTN1Q+y3+2rPoIlSCv0RfIEs=
-73,-101,eiyVBXWUy3XyrDYBGkepjkY7cp4=,NkKSTN1Q+y3+2rPoIlSCv0RfIEs=
-74,-101,eiyVBXWUy3XyrDYBGkepjkY7cp4=,NkKSTN1Q+y3+2rPoIlSCv0RfIEs=
-75,-101,eiyVBXWUy3XyrDYBGkepjkY7cp4=,NkKSTN1Q+y3+2rPoIlSCv0RfIEs=
-75,-100,eiyVBXWUy3XyrDYBGkepjkY7cp4=,NkKSTN1Q+y3+2rPoIlSCv0RfIEs=
-76,-99,eiyVBXWUy3XyrDYBGkepjkY7cp4=,NkKSTN1Q+y3+2rPoIlSCv0RfIEs=
-74,-99,eiyVBXWUy3XyrDYBGkepjkY7cp4=,NkKSTN1Q+y3+2rPoIlSCv0RfIEs=
-79,-101,eiyVBXWUy3XyrDYBGkepjkY7cp4=,NkKSTN1Q+y3+2rPoIlSCv0RfIEs=
-80,-101,eiyVBXWUy3XyrDYBGkepjkY7cp4=,NkKSTN1Q+y3+2rPoIlSCv0RfIEs=
-75,-98,eiyVBXWUy3XyrDYBGkepjkY7cp4=,NkKSTN1Q+y3+2rPoIlSCv0RfIEs=
-78,-101,eiyVBXWUy3XyrDYBGkepjkY7cp4=,NkKSTN1Q+y3+2rPoIlSCv0RfIEs=
-69,-99,eiyVBXWUy3XyrDYBGkepjkY7cp4=,NkKSTN1Q+y3+2rPoIlSCv0RfIEs=
-68,-100,eiyVBXWUy3XyrDYBGkepjkY7cp4=,NkKSTN1Q+y3+2rPoIlSCv0RfIEs=
-66,-100,eiyVBXWUy3XyrDYBGkepjkY7cp4=,NkKSTN1Q+y3+2rPoIlSCv0RfIEs=
-77,-101,eiyVBXWUy3XyrDYBGkepjkY7cp4=,NkKSTN1Q+y3+2rPoIlSCv0RfIEs=
-72,-110,eiyVBXWUy3XyrDYBGkepjkY7cp4=,NkKSTN1Q+y3+2rPoIlSCv0RfIEs=
-71,-102,eiyVBXWUy3XyrDYBGkepjkY7cp4=,NkKSTN1Q+y3+2rPoIlSCv0RfIEs=
-72,-102,eiyVBXWUy3XyrDYBGkepjkY7cp4=,NkKSTN1Q+y3+2rPoIlSCv0RfIEs=
-73,-102,eiyVBXWUy3XyrDYBGkepjkY7cp4=,NkKSTN1Q+y3+2rPoIlSCv0RfIEs=
-74,-102,eiyVBXWUy3XyrDYBGkepjkY7cp4=,NkKSTN1Q+y3+2rPoIlSCv0RfIEs=
-67,-100,eiyVBXWUy3XyrDYBGkepjkY7cp4=,NkKSTN1Q+y3+2rPoIlSCv0RfIEs=
-76,-100,eiyVBXWUy3XyrDYBGkepjkY7cp4=,NkKSTN1Q+y3+2rPoIlSCv0RfIEs=
-76,-101,eiyVBXWUy3XyrDYBGkepjkY7cp4=,NkKSTN1Q+y3+2rPoIlSCv0RfIEs=
-78,-102,eiyVBXWUy3XyrDYBGkepjkY7cp4=,NkKSTN1Q+y3+2rPoIlSCv0RfIEs=
-79,-102,eiyVBXWUy3XyrDYBGkepjkY7cp4=,NkKSTN1Q+y3+2rPoIlSCv0RfIEs=
-75,-102,eiyVBXWUy3XyrDYBGkepjkY7cp4=,NkKSTN1Q+y3+2rPoIlSCv0RfIEs=
-65,-101,eiyVBXWUy3XyrDYBGkepjkY7cp4=,NkKSTN1Q+y3+2rPoIlSCv0RfIEs=
-67,-101,eiyVBXWUy3XyrDYBGkepjkY7cp4=,NkKSTN1Q+y3+2rPoIlSCv0RfIEs=
-68,-112,eiyVBXWUy3XyrDYBGkepjkY7cp4=,NkKSTN1Q+y3+2rPoIlSCv0RfIEs=
-67,-103,eiyVBXWUy3XyrDYBGkepjkY7cp4=,NkKSTN1Q+y3+2rPoIlSCv0RfIEs=
-68,-103,eiyVBXWUy3XyrDYBGkepjkY7cp4=,NkKSTN1Q+y3+2rPoIlSCv0RfIEs=
-70,-102,eiyVBXWUy3XyrDYBGkepjkY7cp4=,NkKSTN1Q+y3+2rPoIlSCv0RfIEs=
-77,-102,eiyVBXWUy3XyrDYBGkepjkY7cp4=,NkKSTN1Q+y3+2rPoIlSCv0RfIEs=
-69,-112,eiyVBXWUy3XyrDYBGkepjkY7cp4=,NkKSTN1Q+y3+2rPoIlSCv0RfIEs=
-72,-103,eiyVBXWUy3XyrDYBGkepjkY7cp4=,NkKSTN1Q+y3+2rPoIlSCv0RfIEs=
-73,-110,eiyVBXWUy3XyrDYBGkepjkY7cp4=,NkKSTN1Q+y3+2rPoIlSCv0RfIEs=
-71,-103,eiyVBXWUy3XyrDYBGkepjkY7cp4=,NkKSTN1Q+y3+2rPoIlSCv0RfIEs=
-73,-103,eiyVBXWUy3XyrDYBGkepjkY7cp4=,NkKSTN1Q+y3+2rPoIlSCv0RfIEs=
-74,-103,eiyVBXWUy3XyrDYBGkepjkY7cp4=,NkKSTN1Q+y3+2rPoIlSCv0RfIEs=
-80,-102,eiyVBXWUy3XyrDYBGkepjkY7cp4=,NkKSTN1Q+y3+2rPoIlSCv0RfIEs=
-76,-103,eiyVBXWUy3XyrDYBGkepjkY7cp4=,NkKSTN1Q+y3+2rPoIlSCv0RfIEs=
-69,-101,eiyVBXWUy3XyrDYBGkepjkY7cp4=,NkKSTN1Q+y3+2rPoIlSCv0RfIEs=
-75,-103,eiyVBXWUy3XyrDYBGkepjkY7cp4=,NkKSTN1Q+y3+2rPoIlSCv0RfIEs=
-76,-102,eiyVBXWUy3XyrDYBGkepjkY7cp4=,NkKSTN1Q+y3+2rPoIlSCv0RfIEs=
-65,-102,eiyVBXWUy3XyrDYBGkepjkY7cp4=,NkKSTN1Q+y3+2rPoIlSCv0RfIEs=
-68,-101,eiyVBXWUy3XyrDYBGkepjkY7cp4=,NkKSTN1Q+y3+2rPoIlSCv0RfIEs=
-66,-104,eiyVBXWUy3XyrDYBGkepjkY7cp4=,NkKSTN1Q+y3+2rPoIlSCv0RfIEs=
-67,-104,eiyVBXWUy3XyrDYBGkepjkY7cp4=,NkKSTN1Q+y3+2rPoIlSCv0RfIEs=
-66,-103,eiyVBXWUy3XyrDYBGkepjkY7cp4=,NkKSTN1Q+y3+2rPoIlSCv0RfIEs=
-69,-104,eiyVBXWUy3XyrDYBGkepjkY7cp4=,NkKSTN1Q+y3+2rPoIlSCv0RfIEs=
-70,-104,eiyVBXWUy3XyrDYBGkepjkY7cp4=,NkKSTN1Q+y3+2rPoIlSCv0RfIEs=
-71,-104,eiyVBXWUy3XyrDYBGkepjkY7cp4=,NkKSTN1Q+y3+2rPoIlSCv0RfIEs=
-72,-104,eiyVBXWUy3XyrDYBGkepjkY7cp4=,NkKSTN1Q+y3+2rPoIlSCv0RfIEs=
-70,-112,eiyVBXWUy3XyrDYBGkepjkY7cp4=,NkKSTN1Q+y3+2rPoIlSCv0RfIEs=
-74,-110,eiyVBXWUy3XyrDYBGkepjkY7cp4=,NkKSTN1Q+y3+2rPoIlSCv0RfIEs=
-73,-104,eiyVBXWUy3XyrDYBGkepjkY7cp4=,NkKSTN1Q+y3+2rPoIlSCv0RfIEs=
-74,-104,eiyVBXWUy3XyrDYBGkepjkY7cp4=,NkKSTN1Q+y3+2rPoIlSCv0RfIEs=
-75,-104,eiyVBXWUy3XyrDYBGkepjkY7cp4=,NkKSTN1Q+y3+2rPoIlSCv0RfIEs=
-76,-104,eiyVBXWUy3XyrDYBGkepjkY7cp4=,NkKSTN1Q+y3+2rPoIlSCv0RfIEs=
-77,-104,eiyVBXWUy3XyrDYBGkepjkY7cp4=,NkKSTN1Q+y3+2rPoIlSCv0RfIEs=
-69,-103,eiyVBXWUy3XyrDYBGkepjkY7cp4=,NkKSTN1Q+y3+2rPoIlSCv0RfIEs=
-70,-103,eiyVBXWUy3XyrDYBGkepjkY7cp4=,NkKSTN1Q+y3+2rPoIlSCv0RfIEs=
-66,-101,eiyVBXWUy3XyrDYBGkepjkY7cp4=,NkKSTN1Q+y3+2rPoIlSCv0RfIEs=
-65,-105,eiyVBXWUy3XyrDYBGkepjkY7cp4=,NkKSTN1Q+y3+2rPoIlSCv0RfIEs=
-66,-105,eiyVBXWUy3XyrDYBGkepjkY7cp4=,NkKSTN1Q+y3+2rPoIlSCv0RfIEs=
-67,-105,eiyVBXWUy3XyrDYBGkepjkY7cp4=,NkKSTN1Q+y3+2rPoIlSCv0RfIEs=
-68,-105,eiyVBXWUy3XyrDYBGkepjkY7cp4=,NkKSTN1Q+y3+2rPoIlSCv0RfIEs=
-69,-105,eiyVBXWUy3XyrDYBGkepjkY7cp4=,NkKSTN1Q+y3+2rPoIlSCv0RfIEs=
-70,-105,eiyVBXWUy3XyrDYBGkepjkY7cp4=,NkKSTN1Q+y3+2rPoIlSCv0RfIEs=
-71,-105,eiyVBXWUy3XyrDYBGkepjkY7cp4=,NkKSTN1Q+y3+2rPoIlSCv0RfIEs=
-72,-105,eiyVBXWUy3XyrDYBGkepjkY7cp4=,NkKSTN1Q+y3+2rPoIlSCv0RfIEs=
-73,-105,eiyVBXWUy3XyrDYBGkepjkY7cp4=,NkKSTN1Q+y3+2rPoIlSCv0RfIEs=
-71,-112,eiyVBXWUy3XyrDYBGkepjkY7cp4=,NkKSTN1Q+y3+2rPoIlSCv0RfIEs=
-75,-110,eiyVBXWUy3XyrDYBGkepjkY7cp4=,NkKSTN1Q+y3+2rPoIlSCv0RfIEs=
-80,-103,eiyVBXWUy3XyrDYBGkepjkY7cp4=,NkKSTN1Q+y3+2rPoIlSCv0RfIEs=
-75,-105,eiyVBXWUy3XyrDYBGkepjkY7cp4=,NkKSTN1Q+y3+2rPoIlSCv0RfIEs=
-74,-105,eiyVBXWUy3XyrDYBGkepjkY7cp4=,NkKSTN1Q+y3+2rPoIlSCv0RfIEs=
-80,-104,eiyVBXWUy3XyrDYBGkepjkY7cp4=,NkKSTN1Q+y3+2rPoIlSCv0RfIEs=
-79,-103,eiyVBXWUy3XyrDYBGkepjkY7cp4=,NkKSTN1Q+y3+2rPoIlSCv0RfIEs=
-79,-104,eiyVBXWUy3XyrDYBGkepjkY7cp4=,NkKSTN1Q+y3+2rPoIlSCv0RfIEs=
-65,-106,eiyVBXWUy3XyrDYBGkepjkY7cp4=,NkKSTN1Q+y3+2rPoIlSCv0RfIEs=
-66,-106,eiyVBXWUy3XyrDYBGkepjkY7cp4=,NkKSTN1Q+y3+2rPoIlSCv0RfIEs=
-68,-106,eiyVBXWUy3XyrDYBGkepjkY7cp4=,NkKSTN1Q+y3+2rPoIlSCv0RfIEs=
-76,-105,eiyVBXWUy3XyrDYBGkepjkY7cp4=,NkKSTN1Q+y3+2rPoIlSCv0RfIEs=
-69,-106,eiyVBXWUy3XyrDYBGkepjkY7cp4=,NkKSTN1Q+y3+2rPoIlSCv0RfIEs=
-70,-106,eiyVBXWUy3XyrDYBGkepjkY7cp4=,NkKSTN1Q+y3+2rPoIlSCv0RfIEs=
-67,-106,eiyVBXWUy3XyrDYBGkepjkY7cp4=,NkKSTN1Q+y3+2rPoIlSCv0RfIEs=
-71,-106,eiyVBXWUy3XyrDYBGkepjkY7cp4=,NkKSTN1Q+y3+2rPoIlSCv0RfIEs=
-72,-106,eiyVBXWUy3XyrDYBGkepjkY7cp4=,NkKSTN1Q+y3+2rPoIlSCv0RfIEs=
-73,-106,eiyVBXWUy3XyrDYBGkepjkY7cp4=,NkKSTN1Q+y3+2rPoIlSCv0RfIEs=
-72,-112,eiyVBXWUy3XyrDYBGkepjkY7cp4=,NkKSTN1Q+y3+2rPoIlSCv0RfIEs=
-74,-106,eiyVBXWUy3XyrDYBGkepjkY7cp4=,NkKSTN1Q+y3+2rPoIlSCv0RfIEs=
-76,-110,eiyVBXWUy3XyrDYBGkepjkY7cp4=,NkKSTN1Q+y3+2rPoIlSCv0RfIEs=
-75,-106,eiyVBXWUy3XyrDYBGkepjkY7cp4=,NkKSTN1Q+y3+2rPoIlSCv0RfIEs=
-77,-106,eiyVBXWUy3XyrDYBGkepjkY7cp4=,NkKSTN1Q+y3+2rPoIlSCv0RfIEs=
-76,-106,eiyVBXWUy3XyrDYBGkepjkY7cp4=,NkKSTN1Q+y3+2rPoIlSCv0RfIEs=
-69,-102,eiyVBXWUy3XyrDYBGkepjkY7cp4=,NkKSTN1Q+y3+2rPoIlSCv0RfIEs=
-66,-102,eiyVBXWUy3XyrDYBGkepjkY7cp4=,NkKSTN1Q+y3+2rPoIlSCv0RfIEs=
-68,-102,eiyVBXWUy3XyrDYBGkepjkY7cp4=,NkKSTN1Q+y3+2rPoIlSCv0RfIEs=
-65,-107,eiyVBXWUy3XyrDYBGkepjkY7cp4=,NkKSTN1Q+y3+2rPoIlSCv0RfIEs=
-66,-107,eiyVBXWUy3XyrDYBGkepjkY7cp4=,NkKSTN1Q+y3+2rPoIlSCv0RfIEs=
-67,-107,eiyVBXWUy3XyrDYBGkepjkY7cp4=,NkKSTN1Q+y3+2rPoIlSCv0RfIEs=
-68,-107,eiyVBXWUy3XyrDYBGkepjkY7cp4=,NkKSTN1Q+y3+2rPoIlSCv0RfIEs=
-69,-107,eiyVBXWUy3XyrDYBGkepjkY7cp4=,NkKSTN1Q+y3+2rPoIlSCv0RfIEs=
-72,-107,eiyVBXWUy3XyrDYBGkepjkY7cp4=,NkKSTN1Q+y3+2rPoIlSCv0RfIEs=
-71,-107,eiyVBXWUy3XyrDYBGkepjkY7cp4=,NkKSTN1Q+y3+2rPoIlSCv0RfIEs=
-70,-107,eiyVBXWUy3XyrDYBGkepjkY7cp4=,NkKSTN1Q+y3+2rPoIlSCv0RfIEs=
-73,-107,eiyVBXWUy3XyrDYBGkepjkY7cp4=,NkKSTN1Q+y3+2rPoIlSCv0RfIEs=
-74,-107,eiyVBXWUy3XyrDYBGkepjkY7cp4=,NkKSTN1Q+y3+2rPoIlSCv0RfIEs=
-75,-107,eiyVBXWUy3XyrDYBGkepjkY7cp4=,NkKSTN1Q+y3+2rPoIlSCv0RfIEs=
-80,-105,eiyVBXWUy3XyrDYBGkepjkY7cp4=,NkKSTN1Q+y3+2rPoIlSCv0RfIEs=
-73,-112,eiyVBXWUy3XyrDYBGkepjkY7cp4=,NkKSTN1Q+y3+2rPoIlSCv0RfIEs=
-76,-107,eiyVBXWUy3XyrDYBGkepjkY7cp4=,NkKSTN1Q+y3+2rPoIlSCv0RfIEs=
-77,-105,eiyVBXWUy3XyrDYBGkepjkY7cp4=,NkKSTN1Q+y3+2rPoIlSCv0RfIEs=
-78,-104,eiyVBXWUy3XyrDYBGkepjkY7cp4=,NkKSTN1Q+y3+2rPoIlSCv0RfIEs=
-78,-105,eiyVBXWUy3XyrDYBGkepjkY7cp4=,NkKSTN1Q+y3+2rPoIlSCv0RfIEs=
-65,-108,eiyVBXWUy3XyrDYBGkepjkY7cp4=,NkKSTN1Q+y3+2rPoIlSCv0RfIEs=
-77,-107,eiyVBXWUy3XyrDYBGkepjkY7cp4=,NkKSTN1Q+y3+2rPoIlSCv0RfIEs=
-66,-108,eiyVBXWUy3XyrDYBGkepjkY7cp4=,NkKSTN1Q+y3+2rPoIlSCv0RfIEs=
-74,-112,eiyVBXWUy3XyrDYBGkepjkY7cp4=,NkKSTN1Q+y3+2rPoIlSCv0RfIEs=
-67,-108,eiyVBXWUy3XyrDYBGkepjkY7cp4=,NkKSTN1Q+y3+2rPoIlSCv0RfIEs=
-68,-108,eiyVBXWUy3XyrDYBGkepjkY7cp4=,NkKSTN1Q+y3+2rPoIlSCv0RfIEs=
-69,-108,eiyVBXWUy3XyrDYBGkepjkY7cp4=,NkKSTN1Q+y3+2rPoIlSCv0RfIEs=
-70,-108,eiyVBXWUy3XyrDYBGkepjkY7cp4=,NkKSTN1Q+y3+2rPoIlSCv0RfIEs=
-72,-108,eiyVBXWUy3XyrDYBGkepjkY7cp4=,NkKSTN1Q+y3+2rPoIlSCv0RfIEs=
-71,-108,eiyVBXWUy3XyrDYBGkepjkY7cp4=,NkKSTN1Q+y3+2rPoIlSCv0RfIEs=
-74,-108,eiyVBXWUy3XyrDYBGkepjkY7cp4=,NkKSTN1Q+y3+2rPoIlSCv0RfIEs=
-73,-108,eiyVBXWUy3XyrDYBGkepjkY7cp4=,NkKSTN1Q+y3+2rPoIlSCv0RfIEs=
-75,-108,eiyVBXWUy3XyrDYBGkepjkY7cp4=,NkKSTN1Q+y3+2rPoIlSCv0RfIEs=
-67,-102,eiyVBXWUy3XyrDYBGkepjkY7cp4=,NkKSTN1Q+y3+2rPoIlSCv0RfIEs=
-75,-112,eiyVBXWUy3XyrDYBGkepjkY7cp4=,NkKSTN1Q+y3+2rPoIlSCv0RfIEs=
-76,-108,eiyVBXWUy3XyrDYBGkepjkY7cp4=,NkKSTN1Q+y3+2rPoIlSCv0RfIEs=
-80,-106,eiyVBXWUy3XyrDYBGkepjkY7cp4=,NkKSTN1Q+y3+2rPoIlSCv0RfIEs=
-77,-108,eiyVBXWUy3XyrDYBGkepjkY7cp4=,NkKSTN1Q+y3+2rPoIlSCv0RfIEs=
-65,-103,eiyVBXWUy3XyrDYBGkepjkY7cp4=,NkKSTN1Q+y3+2rPoIlSCv0RfIEs=
-78,-106,eiyVBXWUy3XyrDYBGkepjkY7cp4=,NkKSTN1Q+y3+2rPoIlSCv0RfIEs=
-77,-103,eiyVBXWUy3XyrDYBGkepjkY7cp4=,NkKSTN1Q+y3+2rPoIlSCv0RfIEs=
-65,-109,eiyVBXWUy3XyrDYBGkepjkY7cp4=,NkKSTN1Q+y3+2rPoIlSCv0RfIEs=
-67,-109,eiyVBXWUy3XyrDYBGkepjkY7cp4=,NkKSTN1Q+y3+2rPoIlSCv0RfIEs=
-66,-109,eiyVBXWUy3XyrDYBGkepjkY7cp4=,NkKSTN1Q+y3+2rPoIlSCv0RfIEs=
-79,-105,eiyVBXWUy3XyrDYBGkepjkY7cp4=,NkKSTN1Q+y3+2rPoIlSCv0RfIEs=
-68,-109,eiyVBXWUy3XyrDYBGkepjkY7cp4=,NkKSTN1Q+y3+2rPoIlSCv0RfIEs=
-69,-109,eiyVBXWUy3XyrDYBGkepjkY7cp4=,NkKSTN1Q+y3+2rPoIlSCv0RfIEs=
-70,-109,eiyVBXWUy3XyrDYBGkepjkY7cp4=,NkKSTN1Q+y3+2rPoIlSCv0RfIEs=
-72,-109,eiyVBXWUy3XyrDYBGkepjkY7cp4=,NkKSTN1Q+y3+2rPoIlSCv0RfIEs=
-71,-109,eiyVBXWUy3XyrDYBGkepjkY7cp4=,NkKSTN1Q+y3+2rPoIlSCv0RfIEs=
-73,-109,eiyVBXWUy3XyrDYBGkepjkY7cp4=,NkKSTN1Q+y3+2rPoIlSCv0RfIEs=
-74,-109,eiyVBXWUy3XyrDYBGkepjkY7cp4=,NkKSTN1Q+y3+2rPoIlSCv0RfIEs=
-75,-109,eiyVBXWUy3XyrDYBGkepjkY7cp4=,NkKSTN1Q+y3+2rPoIlSCv0RfIEs=
-76,-109,eiyVBXWUy3XyrDYBGkepjkY7cp4=,NkKSTN1Q+y3+2rPoIlSCv0RfIEs=
-65,-104,eiyVBXWUy3XyrDYBGkepjkY7cp4=,NkKSTN1Q+y3+2rPoIlSCv0RfIEs=
-76,-112,eiyVBXWUy3XyrDYBGkepjkY7cp4=,NkKSTN1Q+y3+2rPoIlSCv0RfIEs=
-68,-104,eiyVBXWUy3XyrDYBGkepjkY7cp4=,NkKSTN1Q+y3+2rPoIlSCv0RfIEs=
-78,-107,eiyVBXWUy3XyrDYBGkepjkY7cp4=,NkKSTN1Q+y3+2rPoIlSCv0RfIEs=
-78,-103,eiyVBXWUy3XyrDYBGkepjkY7cp4=,NkKSTN1Q+y3+2rPoIlSCv0RfIEs=
-78,-108,eiyVBXWUy3XyrDYBGkepjkY7cp4=,NkKSTN1Q+y3+2rPoIlSCv0RfIEs=
-65,-110,eiyVBXWUy3XyrDYBGkepjkY7cp4=,NkKSTN1Q+y3+2rPoIlSCv0RfIEs=
-80,-112,eiyVBXWUy3XyrDYBGkepjkY7cp4=,NkKSTN1Q+y3+2rPoIlSCv0RfIEs=
-79,-106,eiyVBXWUy3XyrDYBGkepjkY7cp4=,NkKSTN1Q+y3+2rPoIlSCv0RfIEs=
-77,-110,eiyVBXWUy3XyrDYBGkepjkY7cp4=,NkKSTN1Q+y3+2rPoIlSCv0RfIEs=
-79,-110,eiyVBXWUy3XyrDYBGkepjkY7cp4=,NkKSTN1Q+y3+2rPoIlSCv0RfIEs=
-78,-110,eiyVBXWUy3XyrDYBGkepjkY7cp4=,NkKSTN1Q+y3+2rPoIlSCv0RfIEs=
-80,-110,eiyVBXWUy3XyrDYBGkepjkY7cp4=,NkKSTN1Q+y3+2rPoIlSCv0RfIEs=
-79,-108,eiyVBXWUy3XyrDYBGkepjkY7cp4=,NkKSTN1Q+y3+2rPoIlSCv0RfIEs=
-80,-107,eiyVBXWUy3XyrDYBGkepjkY7cp4=,NkKSTN1Q+y3+2rPoIlSCv0RfIEs=
-77,-109,eiyVBXWUy3XyrDYBGkepjkY7cp4=,NkKSTN1Q+y3+2rPoIlSCv0RfIEs=
-78,-109,eiyVBXWUy3XyrDYBGkepjkY7cp4=,NkKSTN1Q+y3+2rPoIlSCv0RfIEs=
-80,-109,eiyVBXWUy3XyrDYBGkepjkY7cp4=,NkKSTN1Q+y3+2rPoIlSCv0RfIEs=
-79,-107,eiyVBXWUy3XyrDYBGkepjkY7cp4=,NkKSTN1Q+y3+2rPoIlSCv0RfIEs=
-79,-109,eiyVBXWUy3XyrDYBGkepjkY7cp4=,NkKSTN1Q+y3+2rPoIlSCv0RfIEs=
-80,-108,eiyVBXWUy3XyrDYBGkepjkY7cp4=,NkKSTN1Q+y3+2rPoIlSCv0RfIEs=
-84,-125,JJ9DbvevxYYtzb0ib2fSqfpJnOw=,kaJRTpfNksAkNdsBQ2CjLs9jWGw=
-93,-128,JJ9DbvevxYYtzb0ib2fSqfpJnOw=,kaJRTpfNksAkNdsBQ2CjLs9jWGw=
-83,-126,JJ9DbvevxYYtzb0ib2fSqfpJnOw=,kaJRTpfNksAkNdsBQ2CjLs9jWGw=
-82,-126,JJ9DbvevxYYtzb0ib2fSqfpJnOw=,kaJRTpfNksAkNdsBQ2CjLs9jWGw=
-92,-128,JJ9DbvevxYYtzb0ib2fSqfpJnOw=,kaJRTpfNksAkNdsBQ2CjLs9jWGw=
-83,-125,JJ9DbvevxYYtzb0ib2fSqfpJnOw=,kaJRTpfNksAkNdsBQ2CjLs9jWGw=
-84,-126,JJ9DbvevxYYtzb0ib2fSqfpJnOw=,kaJRTpfNksAkNdsBQ2CjLs9jWGw=
-82,-125,JJ9DbvevxYYtzb0ib2fSqfpJnOw=,kaJRTpfNksAkNdsBQ2CjLs9jWGw=
-81,-113,JJ9DbvevxYYtzb0ib2fSqfpJnOw=,kaJRTpfNksAkNdsBQ2CjLs9jWGw=
-81,-127,JJ9DbvevxYYtzb0ib2fSqfpJnOw=,kaJRTpfNksAkNdsBQ2CjLs9jWGw=
-81,-125,JJ9DbvevxYYtzb0ib2fSqfpJnOw=,kaJRTpfNksAkNdsBQ2CjLs9jWGw=
-91,-128,JJ9DbvevxYYtzb0ib2fSqfpJnOw=,kaJRTpfNksAkNdsBQ2CjLs9jWGw=
-85,-126,JJ9DbvevxYYtzb0ib2fSqfpJnOw=,kaJRTpfNksAkNdsBQ2CjLs9jWGw=
-86,-126,JJ9DbvevxYYtzb0ib2fSqfpJnOw=,kaJRTpfNksAkNdsBQ2CjLs9jWGw=
-94,-127,JJ9DbvevxYYtzb0ib2fSqfpJnOw=,kaJRTpfNksAkNdsBQ2CjLs9jWGw=
-89,-126,JJ9DbvevxYYtzb0ib2fSqfpJnOw=,kaJRTpfNksAkNdsBQ2CjLs9jWGw=
-88,-126,JJ9DbvevxYYtzb0ib2fSqfpJnOw=,kaJRTpfNksAkNdsBQ2CjLs9jWGw=
-91,-126,JJ9DbvevxYYtzb0ib2fSqfpJnOw=,kaJRTpfNksAkNdsBQ2CjLs9jWGw=
-95,-124,JJ9DbvevxYYtzb0ib2fSqfpJnOw=,kaJRTpfNksAkNdsBQ2CjLs9jWGw=
-92,-126,JJ9DbvevxYYtzb0ib2fSqfpJnOw=,kaJRTpfNksAkNdsBQ2CjLs9jWGw=
-93,-126,JJ9DbvevxYYtzb0ib2fSqfpJnOw=,kaJRTpfNksAkNdsBQ2CjLs9jWGw=
-94,-124,JJ9DbvevxYYtzb0ib2fSqfpJnOw=,kaJRTpfNksAkNdsBQ2CjLs9jWGw=
-90,-126,JJ9DbvevxYYtzb0ib2fSqfpJnOw=,kaJRTpfNksAkNdsBQ2CjLs9jWGw=
-96,-124,JJ9DbvevxYYtzb0ib2fSqfpJnOw=,kaJRTpfNksAkNdsBQ2CjLs9jWGw=
-94,-126,JJ9DbvevxYYtzb0ib2fSqfpJnOw=,kaJRTpfNksAkNdsBQ2CjLs9jWGw=
-95,-126,JJ9DbvevxYYtzb0ib2fSqfpJnOw=,kaJRTpfNksAkNdsBQ2CjLs9jWGw=
-93,-124,JJ9DbvevxYYtzb0ib2fSqfpJnOw=,kaJRTpfNksAkNdsBQ2CjLs9jWGw=
-82,-113,JJ9DbvevxYYtzb0ib2fSqfpJnOw=,kaJRTpfNksAkNdsBQ2CjLs9jWGw=
-96,-126,JJ9DbvevxYYtzb0ib2fSqfpJnOw=,kaJRTpfNksAkNdsBQ2CjLs9jWGw=
-92,-124,JJ9DbvevxYYtzb0ib2fSqfpJnOw=,kaJRTpfNksAkNdsBQ2CjLs9jWGw=
-87,-126,JJ9DbvevxYYtzb0ib2fSqfpJnOw=,kaJRTpfNksAkNdsBQ2CjLs9jWGw=
-85,-125,JJ9DbvevxYYtzb0ib2fSqfpJnOw=,kaJRTpfNksAkNdsBQ2CjLs9jWGw=
-91,-124,JJ9DbvevxYYtzb0ib2fSqfpJnOw=,kaJRTpfNksAkNdsBQ2CjLs9jWGw=
-84,-113,JJ9DbvevxYYtzb0ib2fSqfpJnOw=,kaJRTpfNksAkNdsBQ2CjLs9jWGw=
-90,-124,JJ9DbvevxYYtzb0ib2fSqfpJnOw=,kaJRTpfNksAkNdsBQ2CjLs9jWGw=
-89,-124,JJ9DbvevxYYtzb0ib2fSqfpJnOw=,kaJRTpfNksAkNdsBQ2CjLs9jWGw=
-83,-113,JJ9DbvevxYYtzb0ib2fSqfpJnOw=,kaJRTpfNksAkNdsBQ2CjLs9jWGw=
-96,-128,JJ9DbvevxYYtzb0ib2fSqfpJnOw=,kaJRTpfNksAkNdsBQ2CjLs9jWGw=
-88,-124,JJ9DbvevxYYtzb0ib2fSqfpJnOw=,kaJRTpfNksAkNdsBQ2CjLs9jWGw=
-87,-124,JJ9DbvevxYYtzb0ib2fSqfpJnOw=,kaJRTpfNksAkNdsBQ2CjLs9jWGw=
-86,-124,JJ9DbvevxYYtzb0ib2fSqfpJnOw=,kaJRTpfNksAkNdsBQ2CjLs9jWGw=
-85,-124,JJ9DbvevxYYtzb0ib2fSqfpJnOw=,kaJRTpfNksAkNdsBQ2CjLs9jWGw=
-81,-126,JJ9DbvevxYYtzb0ib2fSqfpJnOw=,kaJRTpfNksAkNdsBQ2CjLs9jWGw=
-90,-128,JJ9DbvevxYYtzb0ib2fSqfpJnOw=,kaJRTpfNksAkNdsBQ2CjLs9jWGw=
-84,-124,JJ9DbvevxYYtzb0ib2fSqfpJnOw=,kaJRTpfNksAkNdsBQ2CjLs9jWGw=
-83,-124,JJ9DbvevxYYtzb0ib2fSqfpJnOw=,kaJRTpfNksAkNdsBQ2CjLs9jWGw=
-82,-124,JJ9DbvevxYYtzb0ib2fSqfpJnOw=,kaJRTpfNksAkNdsBQ2CjLs9jWGw=
-81,-124,JJ9DbvevxYYtzb0ib2fSqfpJnOw=,kaJRTpfNksAkNdsBQ2CjLs9jWGw=
-96,-123,JJ9DbvevxYYtzb0ib2fSqfpJnOw=,kaJRTpfNksAkNdsBQ2CjLs9jWGw=
-93,-127,JJ9DbvevxYYtzb0ib2fSqfpJnOw=,kaJRTpfNksAkNdsBQ2CjLs9jWGw=
-95,-123,JJ9DbvevxYYtzb0ib2fSqfpJnOw=,kaJRTpfNksAkNdsBQ2CjLs9jWGw=
-94,-123,JJ9DbvevxYYtzb0ib2fSqfpJnOw=,kaJRTpfNksAkNdsBQ2CjLs9jWGw=
-93,-123,JJ9DbvevxYYtzb0ib2fSqfpJnOw=,kaJRTpfNksAkNdsBQ2CjLs9jWGw=
-92,-123,JJ9DbvevxYYtzb0ib2fSqfpJnOw=,kaJRTpfNksAkNdsBQ2CjLs9jWGw=
-91,-123,JJ9DbvevxYYtzb0ib2fSqfpJnOw=,kaJRTpfNksAkNdsBQ2CjLs9jWGw=
-90,-123,JJ9DbvevxYYtzb0ib2fSqfpJnOw=,kaJRTpfNksAkNdsBQ2CjLs9jWGw=
-89,-123,JJ9DbvevxYYtzb0ib2fSqfpJnOw=,kaJRTpfNksAkNdsBQ2CjLs9jWGw=
-88,-123,JJ9DbvevxYYtzb0ib2fSqfpJnOw=,kaJRTpfNksAkNdsBQ2CjLs9jWGw=
-87,-123,JJ9DbvevxYYtzb0ib2fSqfpJnOw=,kaJRTpfNksAkNdsBQ2CjLs9jWGw=
-86,-123,JJ9DbvevxYYtzb0ib2fSqfpJnOw=,kaJRTpfNksAkNdsBQ2CjLs9jWGw=
-96,-125,JJ9DbvevxYYtzb0ib2fSqfpJnOw=,kaJRTpfNksAkNdsBQ2CjLs9jWGw=
-92,-127,JJ9DbvevxYYtzb0ib2fSqfpJnOw=,kaJRTpfNksAkNdsBQ2CjLs9jWGw=
-89,-128,JJ9DbvevxYYtzb0ib2fSqfpJnOw=,kaJRTpfNksAkNdsBQ2CjLs9jWGw=
-84,-123,JJ9DbvevxYYtzb0ib2fSqfpJnOw=,kaJRTpfNksAkNdsBQ2CjLs9jWGw=
-85,-123,JJ9DbvevxYYtzb0ib2fSqfpJnOw=,kaJRTpfNksAkNdsBQ2CjLs9jWGw=
-83,-123,JJ9DbvevxYYtzb0ib2fSqfpJnOw=,kaJRTpfNksAkNdsBQ2CjLs9jWGw=
-82,-123,JJ9DbvevxYYtzb0ib2fSqfpJnOw=,kaJRTpfNksAkNdsBQ2CjLs9jWGw=
-81,-123,JJ9DbvevxYYtzb0ib2fSqfpJnOw=,kaJRTpfNksAkNdsBQ2CjLs9jWGw=
-96,-122,JJ9DbvevxYYtzb0ib2fSqfpJnOw=,kaJRTpfNksAkNdsBQ2CjLs9jWGw=
-91,-127,JJ9DbvevxYYtzb0ib2fSqfpJnOw=,kaJRTpfNksAkNdsBQ2CjLs9jWGw=
-95,-122,JJ9DbvevxYYtzb0ib2fSqfpJnOw=,kaJRTpfNksAkNdsBQ2CjLs9jWGw=
-94,-122,JJ9DbvevxYYtzb0ib2fSqfpJnOw=,kaJRTpfNksAkNdsBQ2CjLs9jWGw=
-93,-122,JJ9DbvevxYYtzb0ib2fSqfpJnOw=,kaJRTpfNksAkNdsBQ2CjLs9jWGw=
-92,-122,JJ9DbvevxYYtzb0ib2fSqfpJnOw=,kaJRTpfNksAkNdsBQ2CjLs9jWGw=
-91,-122,JJ9DbvevxYYtzb0ib2fSqfpJnOw=,kaJRTpfNksAkNdsBQ2CjLs9jWGw=
-90,-122,JJ9DbvevxYYtzb0ib2fSqfpJnOw=,kaJRTpfNksAkNdsBQ2CjLs9jWGw=
-89,-122,JJ9DbvevxYYtzb0ib2fSqfpJnOw=,kaJRTpfNksAkNdsBQ2CjLs9jWGw=
-88,-122,JJ9DbvevxYYtzb0ib2fSqfpJnOw=,kaJRTpfNksAkNdsBQ2CjLs9jWGw=
-87,-122,JJ9DbvevxYYtzb0ib2fSqfpJnOw=,kaJRTpfNksAkNdsBQ2CjLs9jWGw=
-95,-125,JJ9DbvevxYYtzb0ib2fSqfpJnOw=,kaJRTpfNksAkNdsBQ2CjLs9jWGw=
-88,-128,JJ9DbvevxYYtzb0ib2fSqfpJnOw=,kaJRTpfNksAkNdsBQ2CjLs9jWGw=
-85,-122,JJ9DbvevxYYtzb0ib2fSqfpJnOw=,kaJRTpfNksAkNdsBQ2CjLs9jWGw=
-84,-122,JJ9DbvevxYYtzb0ib2fSqfpJnOw=,kaJRTpfNksAkNdsBQ2CjLs9jWGw=
-83,-122,JJ9DbvevxYYtzb0ib2fSqfpJnOw=,kaJRTpfNksAkNdsBQ2CjLs9jWGw=
-82,-122,JJ9DbvevxYYtzb0ib2fSqfpJnOw=,kaJRTpfNksAkNdsBQ2CjLs9jWGw=
-81,-122,JJ9DbvevxYYtzb0ib2fSqfpJnOw=,kaJRTpfNksAkNdsBQ2CjLs9jWGw=
-90,-127,JJ9DbvevxYYtzb0ib2fSqfpJnOw=,kaJRTpfNksAkNdsBQ2CjLs9jWGw=
-96,-121,JJ9DbvevxYYtzb0ib2fSqfpJnOw=,kaJRTpfNksAkNdsBQ2CjLs9jWGw=
-94,-128,JJ9DbvevxYYtzb0ib2fSqfpJnOw=,kaJRTpfNksAkNdsBQ2CjLs9jWGw=
-95,-121,JJ9DbvevxYYtzb0ib2fSqfpJnOw=,kaJRTpfNksAkNdsBQ2CjLs9jWGw=
-94,-121,JJ9DbvevxYYtzb0ib2fSqfpJnOw=,kaJRTpfNksAkNdsBQ2CjLs9jWGw=
-86,-125,JJ9DbvevxYYtzb0ib2fSqfpJnOw=,kaJRTpfNksAkNdsBQ2CjLs9jWGw=
-93,-121,JJ9DbvevxYYtzb0ib2fSqfpJnOw=,kaJRTpfNksAkNdsBQ2CjLs9jWGw=
-92,-121,JJ9DbvevxYYtzb0ib2fSqfpJnOw=,kaJRTpfNksAkNdsBQ2CjLs9jWGw=
-91,-121,JJ9DbvevxYYtzb0ib2fSqfpJnOw=,kaJRTpfNksAkNdsBQ2CjLs9jWGw=
-96,-113,JJ9DbvevxYYtzb0ib2fSqfpJnOw=,kaJRTpfNksAkNdsBQ2CjLs9jWGw=
-82,-127,JJ9DbvevxYYtzb0ib2fSqfpJnOw=,kaJRTpfNksAkNdsBQ2CjLs9jWGw=
-90,-121,JJ9DbvevxYYtzb0ib2fSqfpJnOw=,kaJRTpfNksAkNdsBQ2CjLs9jWGw=
-86,-122,JJ9DbvevxYYtzb0ib2fSqfpJnOw=,kaJRTpfNksAkNdsBQ2CjLs9jWGw=
-81,-114,JJ9DbvevxYYtzb0ib2fSqfpJnOw=,kaJRTpfNksAkNdsBQ2CjLs9jWGw=
-89,-121,JJ9DbvevxYYtzb0ib2fSqfpJnOw=,kaJRTpfNksAkNdsBQ2CjLs9jWGw=
-82,-114,JJ9DbvevxYYtzb0ib2fSqfpJnOw=,kaJRTpfNksAkNdsBQ2CjLs9jWGw=
-88,-121,JJ9DbvevxYYtzb0ib2fSqfpJnOw=,kaJRTpfNksAkNdsBQ2CjLs9jWGw=
-84,-114,JJ9DbvevxYYtzb0ib2fSqfpJnOw=,kaJRTpfNksAkNdsBQ2CjLs9jWGw=
-94,-125,JJ9DbvevxYYtzb0ib2fSqfpJnOw=,kaJRTpfNksAkNdsBQ2CjLs9jWGw=
-85,-114,JJ9DbvevxYYtzb0ib2fSqfpJnOw=,kaJRTpfNksAkNdsBQ2CjLs9jWGw=
-87,-128,JJ9DbvevxYYtzb0ib2fSqfpJnOw=,kaJRTpfNksAkNdsBQ2CjLs9jWGw=
-83,-114,JJ9DbvevxYYtzb0ib2fSqfpJnOw=,kaJRTpfNksAkNdsBQ2CjLs9jWGw=
-87,-121,JJ9DbvevxYYtzb0ib2fSqfpJnOw=,kaJRTpfNksAkNdsBQ2CjLs9jWGw=
-86,-114,JJ9DbvevxYYtzb0ib2fSqfpJnOw=,kaJRTpfNksAkNdsBQ2CjLs9jWGw=
-86,-121,JJ9DbvevxYYtzb0ib2fSqfpJnOw=,kaJRTpfNksAkNdsBQ2CjLs9jWGw=
-85,-121,JJ9DbvevxYYtzb0ib2fSqfpJnOw=,kaJRTpfNksAkNdsBQ2CjLs9jWGw=
-84,-121,JJ9DbvevxYYtzb0ib2fSqfpJnOw=,kaJRTpfNksAkNdsBQ2CjLs9jWGw=
-83,-121,JJ9DbvevxYYtzb0ib2fSqfpJnOw=,kaJRTpfNksAkNdsBQ2CjLs9jWGw=
-82,-121,JJ9DbvevxYYtzb0ib2fSqfpJnOw=,kaJRTpfNksAkNdsBQ2CjLs9jWGw=
-81,-121,JJ9DbvevxYYtzb0ib2fSqfpJnOw=,kaJRTpfNksAkNdsBQ2CjLs9jWGw=
-96,-120,JJ9DbvevxYYtzb0ib2fSqfpJnOw=,kaJRTpfNksAkNdsBQ2CjLs9jWGw=
-89,-127,JJ9DbvevxYYtzb0ib2fSqfpJnOw=,kaJRTpfNksAkNdsBQ2CjLs9jWGw=
-95,-120,JJ9DbvevxYYtzb0ib2fSqfpJnOw=,kaJRTpfNksAkNdsBQ2CjLs9jWGw=
-93,-120,JJ9DbvevxYYtzb0ib2fSqfpJnOw=,kaJRTpfNksAkNdsBQ2CjLs9jWGw=
-92,-120,JJ9DbvevxYYtzb0ib2fSqfpJnOw=,kaJRTpfNksAkNdsBQ2CjLs9jWGw=
-91,-120,JJ9DbvevxYYtzb0ib2fSqfpJnOw=,kaJRTpfNksAkNdsBQ2CjLs9jWGw=
-90,-120,JJ9DbvevxYYtzb0ib2fSqfpJnOw=,kaJRTpfNksAkNdsBQ2CjLs9jWGw=
-89,-120,JJ9DbvevxYYtzb0ib2fSqfpJnOw=,kaJRTpfNksAkNdsBQ2CjLs9jWGw=
-93,-125,JJ9DbvevxYYtzb0ib2fSqfpJnOw=,kaJRTpfNksAkNdsBQ2CjLs9jWGw=
-86,-128,JJ9DbvevxYYtzb0ib2fSqfpJnOw=,kaJRTpfNksAkNdsBQ2CjLs9jWGw=
-88,-120,JJ9DbvevxYYtzb0ib2fSqfpJnOw=,kaJRTpfNksAkNdsBQ2CjLs9jWGw=
-94,-120,JJ9DbvevxYYtzb0ib2fSqfpJnOw=,kaJRTpfNksAkNdsBQ2CjLs9jWGw=
-87,-120,JJ9DbvevxYYtzb0ib2fSqfpJnOw=,kaJRTpfNksAkNdsBQ2CjLs9jWGw=
-86,-120,JJ9DbvevxYYtzb0ib2fSqfpJnOw=,kaJRTpfNksAkNdsBQ2CjLs9jWGw=
-85,-120,JJ9DbvevxYYtzb0ib2fSqfpJnOw=,kaJRTpfNksAkNdsBQ2CjLs9jWGw=
-84,-120,JJ9DbvevxYYtzb0ib2fSqfpJnOw=,kaJRTpfNksAkNdsBQ2CjLs9jWGw=
-83,-120,JJ9DbvevxYYtzb0ib2fSqfpJnOw=,kaJRTpfNksAkNdsBQ2CjLs9jWGw=
-82,-120,JJ9DbvevxYYtzb0ib2fSqfpJnOw=,kaJRTpfNksAkNdsBQ2CjLs9jWGw=
-81,-120,JJ9DbvevxYYtzb0ib2fSqfpJnOw=,kaJRTpfNksAkNdsBQ2CjLs9jWGw=
-96,-119,JJ9DbvevxYYtzb0ib2fSqfpJnOw=,kaJRTpfNksAkNdsBQ2CjLs9jWGw=
-88,-127,JJ9DbvevxYYtzb0ib2fSqfpJnOw=,kaJRTpfNksAkNdsBQ2CjLs9jWGw=
-95,-119,JJ9DbvevxYYtzb0ib2fSqfpJnOw=,kaJRTpfNksAkNdsBQ2CjLs9jWGw=
-93,-119,JJ9DbvevxYYtzb0ib2fSqfpJnOw=,kaJRTpfNksAkNdsBQ2CjLs9jWGw=
-94,-119,JJ9DbvevxYYtzb0ib2fSqfpJnOw=,kaJRTpfNksAkNdsBQ2CjLs9jWGw=
-92,-119,JJ9DbvevxYYtzb0ib2fSqfpJnOw=,kaJRTpfNksAkNdsBQ2CjLs9jWGw=
-91,-119,JJ9DbvevxYYtzb0ib2fSqfpJnOw=,kaJRTpfNksAkNdsBQ2CjLs9jWGw=
-90,-119,JJ9DbvevxYYtzb0ib2fSqfpJnOw=,kaJRTpfNksAkNdsBQ2CjLs9jWGw=
-92,-125,JJ9DbvevxYYtzb0ib2fSqfpJnOw=,kaJRTpfNksAkNdsBQ2CjLs9jWGw=
-85,-128,JJ9DbvevxYYtzb0ib2fSqfpJnOw=,kaJRTpfNksAkNdsBQ2CjLs9jWGw=
-89,-119,JJ9DbvevxYYtzb0ib2fSqfpJnOw=,kaJRTpfNksAkNdsBQ2CjLs9jWGw=
-88,-119,JJ9DbvevxYYtzb0ib2fSqfpJnOw=,kaJRTpfNksAkNdsBQ2CjLs9jWGw=
-87,-119,JJ9DbvevxYYtzb0ib2fSqfpJnOw=,kaJRTpfNksAkNdsBQ2CjLs9jWGw=
-86,-119,JJ9DbvevxYYtzb0ib2fSqfpJnOw=,kaJRTpfNksAkNdsBQ2CjLs9jWGw=
-85,-119,JJ9DbvevxYYtzb0ib2fSqfpJnOw=,kaJRTpfNksAkNdsBQ2CjLs9jWGw=
-84,-119,JJ9DbvevxYYtzb0ib2fSqfpJnOw=,kaJRTpfNksAkNdsBQ2CjLs9jWGw=
-83,-119,JJ9DbvevxYYtzb0ib2fSqfpJnOw=,kaJRTpfNksAkNdsBQ2CjLs9jWGw=
-82,-119,JJ9DbvevxYYtzb0ib2fSqfpJnOw=,kaJRTpfNksAkNdsBQ2CjLs9jWGw=
-81,-119,JJ9DbvevxYYtzb0ib2fSqfpJnOw=,kaJRTpfNksAkNdsBQ2CjLs9jWGw=
-87,-127,JJ9DbvevxYYtzb0ib2fSqfpJnOw=,kaJRTpfNksAkNdsBQ2CjLs9jWGw=
-96,-118,JJ9DbvevxYYtzb0ib2fSqfpJnOw=,kaJRTpfNksAkNdsBQ2CjLs9jWGw=
-95,-118,JJ9DbvevxYYtzb0ib2fSqfpJnOw=,kaJRTpfNksAkNdsBQ2CjLs9jWGw=
-94,-118,JJ9DbvevxYYtzb0ib2fSqfpJnOw=,kaJRTpfNksAkNdsBQ2CjLs9jWGw=
-93,-118,JJ9DbvevxYYtzb0ib2fSqfpJnOw=,kaJRTpfNksAkNdsBQ2CjLs9jWGw=
-92,-118,JJ9DbvevxYYtzb0ib2fSqfpJnOw=,kaJRTpfNksAkNdsBQ2CjLs9jWGw=
-91,-118,JJ9DbvevxYYtzb0ib2fSqfpJnOw=,kaJRTpfNksAkNdsBQ2CjLs9jWGw=
-91,-125,JJ9DbvevxYYtzb0ib2fSqfpJnOw=,kaJRTpfNksAkNdsBQ2CjLs9jWGw=
-84,-128,JJ9DbvevxYYtzb0ib2fSqfpJnOw=,kaJRTpfNksAkNdsBQ2CjLs9jWGw=
-90,-118,JJ9DbvevxYYtzb0ib2fSqfpJnOw=,kaJRTpfNksAkNdsBQ2CjLs9jWGw=
-89,-118,JJ9DbvevxYYtzb0ib2fSqfpJnOw=,kaJRTpfNksAkNdsBQ2CjLs9jWGw=
-88,-118,JJ9DbvevxYYtzb0ib2fSqfpJnOw=,kaJRTpfNksAkNdsBQ2CjLs9jWGw=
-87,-118,JJ9DbvevxYYtzb0ib2fSqfpJnOw=,kaJRTpfNksAkNdsBQ2CjLs9jWGw=
-86,-118,JJ9DbvevxYYtzb0ib2fSqfpJnOw=,kaJRTpfNksAkNdsBQ2CjLs9jWGw=
-85,-118,JJ9DbvevxYYtzb0ib2fSqfpJnOw=,kaJRTpfNksAkNdsBQ2CjLs9jWGw=
-84,-118,JJ9DbvevxYYtzb0ib2fSqfpJnOw=,kaJRTpfNksAkNdsBQ2CjLs9jWGw=
-83,-118,JJ9DbvevxYYtzb0ib2fSqfpJnOw=,kaJRTpfNksAkNdsBQ2CjLs9jWGw=
-82,-118,JJ9DbvevxYYtzb0ib2fSqfpJnOw=,kaJRTpfNksAkNdsBQ2CjLs9jWGw=
-81,-118,JJ9DbvevxYYtzb0ib2fSqfpJnOw=,kaJRTpfNksAkNdsBQ2CjLs9jWGw=
-96,-117,JJ9DbvevxYYtzb0ib2fSqfpJnOw=,kaJRTpfNksAkNdsBQ2CjLs9jWGw=
-86,-127,JJ9DbvevxYYtzb0ib2fSqfpJnOw=,kaJRTpfNksAkNdsBQ2CjLs9jWGw=
-95,-117,JJ9DbvevxYYtzb0ib2fSqfpJnOw=,kaJRTpfNksAkNdsBQ2CjLs9jWGw=
-94,-117,JJ9DbvevxYYtzb0ib2fSqfpJnOw=,kaJRTpfNksAkNdsBQ2CjLs9jWGw=
-93,-117,JJ9DbvevxYYtzb0ib2fSqfpJnOw=,kaJRTpfNksAkNdsBQ2CjLs9jWGw=
-92,-117,JJ9DbvevxYYtzb0ib2fSqfpJnOw=,kaJRTpfNksAkNdsBQ2CjLs9jWGw=
-90,-125,JJ9DbvevxYYtzb0ib2fSqfpJnOw=,kaJRTpfNksAkNdsBQ2CjLs9jWGw=
-83,-128,JJ9DbvevxYYtzb0ib2fSqfpJnOw=,kaJRTpfNksAkNdsBQ2CjLs9jWGw=
-91,-117,JJ9DbvevxYYtzb0ib2fSqfpJnOw=,kaJRTpfNksAkNdsBQ2CjLs9jWGw=
-90,-117,JJ9DbvevxYYtzb0ib2fSqfpJnOw=,kaJRTpfNksAkNdsBQ2CjLs9jWGw=
-89,-117,JJ9DbvevxYYtzb0ib2fSqfpJnOw=,kaJRTpfNksAkNdsBQ2CjLs9jWGw=
-88,-117,JJ9DbvevxYYtzb0ib2fSqfpJnOw=,kaJRTpfNksAkNdsBQ2CjLs9jWGw=
-87,-117,JJ9DbvevxYYtzb0ib2fSqfpJnOw=,kaJRTpfNksAkNdsBQ2CjLs9jWGw=
-92,-113,JJ9DbvevxYYtzb0ib2fSqfpJnOw=,kaJRTpfNksAkNdsBQ2CjLs9jWGw=
-86,-117,JJ9DbvevxYYtzb0ib2fSqfpJnOw=,kaJRTpfNksAkNdsBQ2CjLs9jWGw=
-85,-117,JJ9DbvevxYYtzb0ib2fSqfpJnOw=,kaJRTpfNksAkNdsBQ2CjLs9jWGw=
-84,-117,JJ9DbvevxYYtzb0ib2fSqfpJnOw=,kaJRTpfNksAkNdsBQ2CjLs9jWGw=
-83,-117,JJ9DbvevxYYtzb0ib2fSqfpJnOw=,kaJRTpfNksAkNdsBQ2CjLs9jWGw=
-82,-117,JJ9DbvevxYYtzb0ib2fSqfpJnOw=,kaJRTpfNksAkNdsBQ2CjLs9jWGw=
-81,-117,JJ9DbvevxYYtzb0ib2fSqfpJnOw=,kaJRTpfNksAkNdsBQ2CjLs9jWGw=
-96,-116,JJ9DbvevxYYtzb0ib2fSqfpJnOw=,kaJRTpfNksAkNdsBQ2CjLs9jWGw=
-85,-127,JJ9DbvevxYYtzb0ib2fSqfpJnOw=,kaJRTpfNksAkNdsBQ2CjLs9jWGw=
-85,-113,JJ9DbvevxYYtzb0ib2fSqfpJnOw=,kaJRTpfNksAkNdsBQ2CjLs9jWGw=
-95,-116,JJ9DbvevxYYtzb0ib2fSqfpJnOw=,kaJRTpfNksAkNdsBQ2CjLs9jWGw=
-87,-114,JJ9DbvevxYYtzb0ib2fSqfpJnOw=,kaJRTpfNksAkNdsBQ2CjLs9jWGw=
-88,-114,JJ9DbvevxYYtzb0ib2fSqfpJnOw=,kaJRTpfNksAkNdsBQ2CjLs9jWGw=
-93,-113,JJ9DbvevxYYtzb0ib2fSqfpJnOw=,kaJRTpfNksAkNdsBQ2CjLs9jWGw=
-95,-113,JJ9DbvevxYYtzb0ib2fSqfpJnOw=,kaJRTpfNksAkNdsBQ2CjLs9jWGw=
-95,-127,JJ9DbvevxYYtzb0ib2fSqfpJnOw=,kaJRTpfNksAkNdsBQ2CjLs9jWGw=
-87,-125,JJ9DbvevxYYtzb0ib2fSqfpJnOw=,kaJRTpfNksAkNdsBQ2CjLs9jWGw=
-96,-127,JJ9DbvevxYYtzb0ib2fSqfpJnOw=,kaJRTpfNksAkNdsBQ2CjLs9jWGw=
-87,-113,JJ9DbvevxYYtzb0ib2fSqfpJnOw=,kaJRTpfNksAkNdsBQ2CjLs9jWGw=
-89,-114,JJ9DbvevxYYtzb0ib2fSqfpJnOw=,kaJRTpfNksAkNdsBQ2CjLs9jWGw=
-95,-128,JJ9DbvevxYYtzb0ib2fSqfpJnOw=,kaJRTpfNksAkNdsBQ2CjLs9jWGw=
-81,-115,JJ9DbvevxYYtzb0ib2fSqfpJnOw=,kaJRTpfNksAkNdsBQ2CjLs9jWGw=
-82,-115,JJ9DbvevxYYtzb0ib2fSqfpJnOw=,kaJRTpfNksAkNdsBQ2CjLs9jWGw=
-83,-115,JJ9DbvevxYYtzb0ib2fSqfpJnOw=,kaJRTpfNksAkNdsBQ2CjLs9jWGw=
-85,-115,JJ9DbvevxYYtzb0ib2fSqfpJnOw=,kaJRTpfNksAkNdsBQ2CjLs9jWGw=
-84,-115,JJ9DbvevxYYtzb0ib2fSqfpJnOw=,kaJRTpfNksAkNdsBQ2CjLs9jWGw=
-86,-115,JJ9DbvevxYYtzb0ib2fSqfpJnOw=,kaJRTpfNksAkNdsBQ2CjLs9jWGw=
-88,-115,JJ9DbvevxYYtzb0ib2fSqfpJnOw=,kaJRTpfNksAkNdsBQ2CjLs9jWGw=
-87,-115,JJ9DbvevxYYtzb0ib2fSqfpJnOw=,kaJRTpfNksAkNdsBQ2CjLs9jWGw=
-94,-113,JJ9DbvevxYYtzb0ib2fSqfpJnOw=,kaJRTpfNksAkNdsBQ2CjLs9jWGw=
-91,-113,JJ9DbvevxYYtzb0ib2fSqfpJnOw=,kaJRTpfNksAkNdsBQ2CjLs9jWGw=
-94,-116,JJ9DbvevxYYtzb0ib2fSqfpJnOw=,kaJRTpfNksAkNdsBQ2CjLs9jWGw=
-88,-113,JJ9DbvevxYYtzb0ib2fSqfpJnOw=,kaJRTpfNksAkNdsBQ2CjLs9jWGw=
-93,-114,JJ9DbvevxYYtzb0ib2fSqfpJnOw=,kaJRTpfNksAkNdsBQ2CjLs9jWGw=
-86,-113,JJ9DbvevxYYtzb0ib2fSqfpJnOw=,kaJRTpfNksAkNdsBQ2CjLs9jWGw=
-81,-128,JJ9DbvevxYYtzb0ib2fSqfpJnOw=,kaJRTpfNksAkNdsBQ2CjLs9jWGw=
-83,-127,JJ9DbvevxYYtzb0ib2fSqfpJnOw=,kaJRTpfNksAkNdsBQ2CjLs9jWGw=
-94,-114,JJ9DbvevxYYtzb0ib2fSqfpJnOw=,kaJRTpfNksAkNdsBQ2CjLs9jWGw=
-88,-125,JJ9DbvevxYYtzb0ib2fSqfpJnOw=,kaJRTpfNksAkNdsBQ2CjLs9jWGw=
-89,-113,JJ9DbvevxYYtzb0ib2fSqfpJnOw=,kaJRTpfNksAkNdsBQ2CjLs9jWGw=
-96,-115,JJ9DbvevxYYtzb0ib2fSqfpJnOw=,kaJRTpfNksAkNdsBQ2CjLs9jWGw=
-84,-127,JJ9DbvevxYYtzb0ib2fSqfpJnOw=,kaJRTpfNksAkNdsBQ2CjLs9jWGw=
-81,-116,JJ9DbvevxYYtzb0ib2fSqfpJnOw=,kaJRTpfNksAkNdsBQ2CjLs9jWGw=
-82,-116,JJ9DbvevxYYtzb0ib2fSqfpJnOw=,kaJRTpfNksAkNdsBQ2CjLs9jWGw=
-83,-116,JJ9DbvevxYYtzb0ib2fSqfpJnOw=,kaJRTpfNksAkNdsBQ2CjLs9jWGw=
-84,-116,JJ9DbvevxYYtzb0ib2fSqfpJnOw=,kaJRTpfNksAkNdsBQ2CjLs9jWGw=
-85,-116,JJ9DbvevxYYtzb0ib2fSqfpJnOw=,kaJRTpfNksAkNdsBQ2CjLs9jWGw=
-86,-116,JJ9DbvevxYYtzb0ib2fSqfpJnOw=,kaJRTpfNksAkNdsBQ2CjLs9jWGw=
-87,-116,JJ9DbvevxYYtzb0ib2fSqfpJnOw=,kaJRTpfNksAkNdsBQ2CjLs9jWGw=
-88,-116,JJ9DbvevxYYtzb0ib2fSqfpJnOw=,kaJRTpfNksAkNdsBQ2CjLs9jWGw=
-91,-114,JJ9DbvevxYYtzb0ib2fSqfpJnOw=,kaJRTpfNksAkNdsBQ2CjLs9jWGw=
-90,-113,JJ9DbvevxYYtzb0ib2fSqfpJnOw=,kaJRTpfNksAkNdsBQ2CjLs9jWGw=
-90,-114,JJ9DbvevxYYtzb0ib2fSqfpJnOw=,kaJRTpfNksAkNdsBQ2CjLs9jWGw=
-96,-114,JJ9DbvevxYYtzb0ib2fSqfpJnOw=,kaJRTpfNksAkNdsBQ2CjLs9jWGw=
-82,-128,JJ9DbvevxYYtzb0ib2fSqfpJnOw=,kaJRTpfNksAkNdsBQ2CjLs9jWGw=
-89,-125,JJ9DbvevxYYtzb0ib2fSqfpJnOw=,kaJRTpfNksAkNdsBQ2CjLs9jWGw=
-93,-115,JJ9DbvevxYYtzb0ib2fSqfpJnOw=,kaJRTpfNksAkNdsBQ2CjLs9jWGw=
-92,-114,JJ9DbvevxYYtzb0ib2fSqfpJnOw=,kaJRTpfNksAkNdsBQ2CjLs9jWGw=
-89,-116,JJ9DbvevxYYtzb0ib2fSqfpJnOw=,kaJRTpfNksAkNdsBQ2CjLs9jWGw=
-95,-114,JJ9DbvevxYYtzb0ib2fSqfpJnOw=,kaJRTpfNksAkNdsBQ2CjLs9jWGw=
-92,-115,JJ9DbvevxYYtzb0ib2fSqfpJnOw=,kaJRTpfNksAkNdsBQ2CjLs9jWGw=
-93,-116,JJ9DbvevxYYtzb0ib2fSqfpJnOw=,kaJRTpfNksAkNdsBQ2CjLs9jWGw=
-90,-116,JJ9DbvevxYYtzb0ib2fSqfpJnOw=,kaJRTpfNksAkNdsBQ2CjLs9jWGw=
-89,-115,JJ9DbvevxYYtzb0ib2fSqfpJnOw=,kaJRTpfNksAkNdsBQ2CjLs9jWGw=
-95,-115,JJ9DbvevxYYtzb0ib2fSqfpJnOw=,kaJRTpfNksAkNdsBQ2CjLs9jWGw=
-90,-115,JJ9DbvevxYYtzb0ib2fSqfpJnOw=,kaJRTpfNksAkNdsBQ2CjLs9jWGw=
-91,-116,JJ9DbvevxYYtzb0ib2fSqfpJnOw=,kaJRTpfNksAkNdsBQ2CjLs9jWGw=
-91,-115,JJ9DbvevxYYtzb0ib2fSqfpJnOw=,kaJRTpfNksAkNdsBQ2CjLs9jWGw=
-94,-115,JJ9DbvevxYYtzb0ib2fSqfpJnOw=,kaJRTpfNksAkNdsBQ2CjLs9jWGw=
-92,-116,JJ9DbvevxYYtzb0ib2fSqfpJnOw=,kaJRTpfNksAkNdsBQ2CjLs9jWGw=
-81,-97,JJ9DbvevxYYtzb0ib2fSqfpJnOw=,kLjZv4bg1vyQO7u+/4x2ek/qGWs=
-82,-97,JJ9DbvevxYYtzb0ib2fSqfpJnOw=,kLjZv4bg1vyQO7u+/4x2ek/qGWs=
-83,-97,JJ9DbvevxYYtzb0ib2fSqfpJnOw=,kLjZv4bg1vyQO7u+/4x2ek/qGWs=
-84,-97,JJ9DbvevxYYtzb0ib2fSqfpJnOw=,kLjZv4bg1vyQO7u+/4x2ek/qGWs=
-86,-97,JJ9DbvevxYYtzb0ib2fSqfpJnOw=,kLjZv4bg1vyQO7u+/4x2ek/qGWs=
-85,-97,JJ9DbvevxYYtzb0ib2fSqfpJnOw=,kLjZv4bg1vyQO7u+/4x2ek/qGWs=
-88,-97,JJ9DbvevxYYtzb0ib2fSqfpJnOw=,kLjZv4bg1vyQO7u+/4x2ek/qGWs=
-87,-97,JJ9DbvevxYYtzb0ib2fSqfpJnOw=,kLjZv4bg1vyQO7u+/4x2ek/qGWs=
-89,-97,JJ9DbvevxYYtzb0ib2fSqfpJnOw=,kLjZv4bg1vyQO7u+/4x2ek/qGWs=
-90,-97,JJ9DbvevxYYtzb0ib2fSqfpJnOw=,kLjZv4bg1vyQO7u+/4x2ek/qGWs=
-94,-97,JJ9DbvevxYYtzb0ib2fSqfpJnOw=,kLjZv4bg1vyQO7u+/4x2ek/qGWs=
-93,-97,JJ9DbvevxYYtzb0ib2fSqfpJnOw=,kLjZv4bg1vyQO7u+/4x2ek/qGWs=
-92,-97,JJ9DbvevxYYtzb0ib2fSqfpJnOw=,kLjZv4bg1vyQO7u+/4x2ek/qGWs=
-91,-97,JJ9DbvevxYYtzb0ib2fSqfpJnOw=,kLjZv4bg1vyQO7u+/4x2ek/qGWs=
-95,-97,JJ9DbvevxYYtzb0ib2fSqfpJnOw=,kLjZv4bg1vyQO7u+/4x2ek/qGWs=
-90,-111,JJ9DbvevxYYtzb0ib2fSqfpJnOw=,kLjZv4bg1vyQO7u+/4x2ek/qGWs=
-89,-111,JJ9DbvevxYYtzb0ib2fSqfpJnOw=,kLjZv4bg1vyQO7u+/4x2ek/qGWs=
-93,-112,JJ9DbvevxYYtzb0ib2fSqfpJnOw=,kLjZv4bg1vyQO7u+/4x2ek/qGWs=
-96,-97,JJ9DbvevxYYtzb0ib2fSqfpJnOw=,kLjZv4bg1vyQO7u+/4x2ek/qGWs=
-81,-98,JJ9DbvevxYYtzb0ib2fSqfpJnOw=,kLjZv4bg1vyQO7u+/4x2ek/qGWs=
-91,-111,JJ9DbvevxYYtzb0ib2fSqfpJnOw=,kLjZv4bg1vyQO7u+/4x2ek/qGWs=
-95,-111,JJ9DbvevxYYtzb0ib2fSqfpJnOw=,kLjZv4bg1vyQO7u+/4x2ek/qGWs=
-93,-111,JJ9DbvevxYYtzb0ib2fSqfpJnOw=,kLjZv4bg1vyQO7u+/4x2ek/qGWs=
-83,-98,JJ9DbvevxYYtzb0ib2fSqfpJnOw=,kLjZv4bg1vyQO7u+/4x2ek/qGWs=
-84,-98,JJ9DbvevxYYtzb0ib2fSqfpJnOw=,kLjZv4bg1vyQO7u+/4x2ek/qGWs=
-85,-98,JJ9DbvevxYYtzb0ib2fSqfpJnOw=,kLjZv4bg1vyQO7u+/4x2ek/qGWs=
-86,-98,JJ9DbvevxYYtzb0ib2fSqfpJnOw=,kLjZv4bg1vyQO7u+/4x2ek/qGWs=
-82,-98,JJ9DbvevxYYtzb0ib2fSqfpJnOw=,kLjZv4bg1vyQO7u+/4x2ek/qGWs=
-87,-98,JJ9DbvevxYYtzb0ib2fSqfpJnOw=,kLjZv4bg1vyQO7u+/4x2ek/qGWs=
-88,-98,JJ9DbvevxYYtzb0ib2fSqfpJnOw=,kLjZv4bg1vyQO7u+/4x2ek/qGWs=
-90,-98,JJ9DbvevxYYtzb0ib2fSqfpJnOw=,kLjZv4bg1vyQO7u+/4x2ek/qGWs=
-91,-98,JJ9DbvevxYYtzb0ib2fSqfpJnOw=,kLjZv4bg1vyQO7u+/4x2ek/qGWs=
-89,-98,JJ9DbvevxYYtzb0ib2fSqfpJnOw=,kLjZv4bg1vyQO7u+/4x2ek/qGWs=
-92,-98,JJ9DbvevxYYtzb0ib2fSqfpJnOw=,kLjZv4bg1vyQO7u+/4x2ek/qGWs=
-93,-98,JJ9DbvevxYYtzb0ib2fSqfpJnOw=,kLjZv4bg1vyQO7u+/4x2ek/qGWs=
-94,-98,JJ9DbvevxYYtzb0ib2fSqfpJnOw=,kLjZv4bg1vyQO7u+/4x2ek/qGWs=
-95,-98,JJ9DbvevxYYtzb0ib2fSqfpJnOw=,kLjZv4bg1vyQO7u+/4x2ek/qGWs=
-96,-98,JJ9DbvevxYYtzb0ib2fSqfpJnOw=,kLjZv4bg1vyQO7u+/4x2ek/qGWs=
-81,-99,JJ9DbvevxYYtzb0ib2fSqfpJnOw=,kLjZv4bg1vyQO7u+/4x2ek/qGWs=
-87,-111,JJ9DbvevxYYtzb0ib2fSqfpJnOw=,kLjZv4bg1vyQO7u+/4x2ek/qGWs=
-82,-99,JJ9DbvevxYYtzb0ib2fSqfpJnOw=,kLjZv4bg1vyQO7u+/4x2ek/qGWs=
-81,-112,JJ9DbvevxYYtzb0ib2fSqfpJnOw=,kLjZv4bg1vyQO7u+/4x2ek/qGWs=
-83,-99,JJ9DbvevxYYtzb0ib2fSqfpJnOw=,kLjZv4bg1vyQO7u+/4x2ek/qGWs=
-88,-111,JJ9DbvevxYYtzb0ib2fSqfpJnOw=,kLjZv4bg1vyQO7u+/4x2ek/qGWs=
-84,-99,JJ9DbvevxYYtzb0ib2fSqfpJnOw=,kLjZv4bg1vyQO7u+/4x2ek/qGWs=
-85,-99,JJ9DbvevxYYtzb0ib2fSqfpJnOw=,kLjZv4bg1vyQO7u+/4x2ek/qGWs=
-86,-99,JJ9DbvevxYYtzb0ib2fSqfpJnOw=,kLjZv4bg1vyQO7u+/4x2ek/qGWs=
-87,-99,JJ9DbvevxYYtzb0ib2fSqfpJnOw=,kLjZv4bg1vyQO7u+/4x2ek/qGWs=
-88,-99,JJ9DbvevxYYtzb0ib2fSqfpJnOw=,kLjZv4bg1vyQO7u+/4x2ek/qGWs=
-89,-99,JJ9DbvevxYYtzb0ib2fSqfpJnOw=,kLjZv4bg1vyQO7u+/4x2ek/qGWs=
-90,-99,JJ9DbvevxYYtzb0ib2fSqfpJnOw=,kLjZv4bg1vyQO7u+/4x2ek/qGWs=
-91,-99,JJ9DbvevxYYtzb0ib2fSqfpJnOw=,kLjZv4bg1vyQO7u+/4x2ek/qGWs=
-92,-99,JJ9DbvevxYYtzb0ib2fSqfpJnOw=,kLjZv4bg1vyQO7u+/4x2ek/qGWs=
-93,-99,JJ9DbvevxYYtzb0ib2fSqfpJnOw=,kLjZv4bg1vyQO7u+/4x2ek/qGWs=
-94,-99,JJ9DbvevxYYtzb0ib2fSqfpJnOw=,kLjZv4bg1vyQO7u+/4x2ek/qGWs=
-95,-99,JJ9DbvevxYYtzb0ib2fSqfpJnOw=,kLjZv4bg1vyQO7u+/4x2ek/qGWs=
-83,-111,JJ9DbvevxYYtzb0ib2fSqfpJnOw=,kLjZv4bg1vyQO7u+/4x2ek/qGWs=
-96,-99,JJ9DbvevxYYtzb0ib2fSqfpJnOw=,kLjZv4bg1vyQO7u+/4x2ek/qGWs=
-81,-100,JJ9DbvevxYYtzb0ib2fSqfpJnOw=,kLjZv4bg1vyQO7u+/4x2ek/qGWs=
-82,-100,JJ9DbvevxYYtzb0ib2fSqfpJnOw=,kLjZv4bg1vyQO7u+/4x2ek/qGWs=
-83,-100,JJ9DbvevxYYtzb0ib2fSqfpJnOw=,kLjZv4bg1vyQO7u+/4x2ek/qGWs=
-84,-111,JJ9DbvevxYYtzb0ib2fSqfpJnOw=,kLjZv4bg1vyQO7u+/4x2ek/qGWs=
-92,-111,JJ9DbvevxYYtzb0ib2fSqfpJnOw=,kLjZv4bg1vyQO7u+/4x2ek/qGWs=
-84,-100,JJ9DbvevxYYtzb0ib2fSqfpJnOw=,kLjZv4bg1vyQO7u+/4x2ek/qGWs=
-85,-100,JJ9DbvevxYYtzb0ib2fSqfpJnOw=,kLjZv4bg1vyQO7u+/4x2ek/qGWs=
-86,-100,JJ9DbvevxYYtzb0ib2fSqfpJnOw=,kLjZv4bg1vyQO7u+/4x2ek/qGWs=
-87,-100,JJ9DbvevxYYtzb0ib2fSqfpJnOw=,kLjZv4bg1vyQO7u+/4x2ek/qGWs=
-88,-100,JJ9DbvevxYYtzb0ib2fSqfpJnOw=,kLjZv4bg1vyQO7u+/4x2ek/qGWs=
-89,-100,JJ9DbvevxYYtzb0ib2fSqfpJnOw=,kLjZv4bg1vyQO7u+/4x2ek/qGWs=
-90,-100,JJ9DbvevxYYtzb0ib2fSqfpJnOw=,kLjZv4bg1vyQO7u+/4x2ek/qGWs=
-92,-100,JJ9DbvevxYYtzb0ib2fSqfpJnOw=,kLjZv4bg1vyQO7u+/4x2ek/qGWs=
-93,-100,JJ9DbvevxYYtzb0ib2fSqfpJnOw=,kLjZv4bg1vyQO7u+/4x2ek/qGWs=
-94,-100,JJ9DbvevxYYtzb0ib2fSqfpJnOw=,kLjZv4bg1vyQO7u+/4x2ek/qGWs=
-95,-100,JJ9DbvevxYYtzb0ib2fSqfpJnOw=,kLjZv4bg1vyQO7u+/4x2ek/qGWs=
-96,-100,JJ9DbvevxYYtzb0ib2fSqfpJnOw=,kLjZv4bg1vyQO7u+/4x2ek/qGWs=
-81,-101,JJ9DbvevxYYtzb0ib2fSqfpJnOw=,kLjZv4bg1vyQO7u+/4x2ek/qGWs=
-82,-101,JJ9DbvevxYYtzb0ib2fSqfpJnOw=,kLjZv4bg1vyQO7u+/4x2ek/qGWs=
-84,-101,JJ9DbvevxYYtzb0ib2fSqfpJnOw=,kLjZv4bg1vyQO7u+/4x2ek/qGWs=
-85,-101,JJ9DbvevxYYtzb0ib2fSqfpJnOw=,kLjZv4bg1vyQO7u+/4x2ek/qGWs=
-82,-111,JJ9DbvevxYYtzb0ib2fSqfpJnOw=,kLjZv4bg1vyQO7u+/4x2ek/qGWs=
-86,-111,JJ9DbvevxYYtzb0ib2fSqfpJnOw=,kLjZv4bg1vyQO7u+/4x2ek/qGWs=
-91,-100,JJ9DbvevxYYtzb0ib2fSqfpJnOw=,kLjZv4bg1vyQO7u+/4x2ek/qGWs=
-86,-101,JJ9DbvevxYYtzb0ib2fSqfpJnOw=,kLjZv4bg1vyQO7u+/4x2ek/qGWs=
-83,-101,JJ9DbvevxYYtzb0ib2fSqfpJnOw=,kLjZv4bg1vyQO7u+/4x2ek/qGWs=
-87,-101,JJ9DbvevxYYtzb0ib2fSqfpJnOw=,kLjZv4bg1vyQO7u+/4x2ek/qGWs=
-88,-101,JJ9DbvevxYYtzb0ib2fSqfpJnOw=,kLjZv4bg1vyQO7u+/4x2ek/qGWs=
-89,-101,JJ9DbvevxYYtzb0ib2fSqfpJnOw=,kLjZv4bg1vyQO7u+/4x2ek/qGWs=
-90,-101,JJ9DbvevxYYtzb0ib2fSqfpJnOw=,kLjZv4bg1vyQO7u+/4x2ek/qGWs=
-91,-101,JJ9DbvevxYYtzb0ib2fSqfpJnOw=,kLjZv4bg1vyQO7u+/4x2ek/qGWs=
-92,-101,JJ9DbvevxYYtzb0ib2fSqfpJnOw=,kLjZv4bg1vyQO7u+/4x2ek/qGWs=
-94,-101,JJ9DbvevxYYtzb0ib2fSqfpJnOw=,kLjZv4bg1vyQO7u+/4x2ek/qGWs=
-93,-101,JJ9DbvevxYYtzb0ib2fSqfpJnOw=,kLjZv4bg1vyQO7u+/4x2ek/qGWs=
-96,-101,JJ9DbvevxYYtzb0ib2fSqfpJnOw=,kLjZv4bg1vyQO7u+/4x2ek/qGWs=
-95,-101,JJ9DbvevxYYtzb0ib2fSqfpJnOw=,kLjZv4bg1vyQO7u+/4x2ek/qGWs=
-81,-102,JJ9DbvevxYYtzb0ib2fSqfpJnOw=,kLjZv4bg1vyQO7u+/4x2ek/qGWs=
-82,-102,JJ9DbvevxYYtzb0ib2fSqfpJnOw=,kLjZv4bg1vyQO7u+/4x2ek/qGWs=
-83,-102,JJ9DbvevxYYtzb0ib2fSqfpJnOw=,kLjZv4bg1vyQO7u+/4x2ek/qGWs=
-85,-102,JJ9DbvevxYYtzb0ib2fSqfpJnOw=,kLjZv4bg1vyQO7u+/4x2ek/qGWs=
-84,-102,JJ9DbvevxYYtzb0ib2fSqfpJnOw=,kLjZv4bg1vyQO7u+/4x2ek/qGWs=
-86,-102,JJ9DbvevxYYtzb0ib2fSqfpJnOw=,kLjZv4bg1vyQO7u+/4x2ek/qGWs=
-82,-110,JJ9DbvevxYYtzb0ib2fSqfpJnOw=,kLjZv4bg1vyQO7u+/4x2ek/qGWs=
-96,-111,JJ9DbvevxYYtzb0ib2fSqfpJnOw=,kLjZv4bg1vyQO7u+/4x2ek/qGWs=
-87,-110,JJ9DbvevxYYtzb0ib2fSqfpJnOw=,kLjZv4bg1vyQO7u+/4x2ek/qGWs=
-88,-102,JJ9DbvevxYYtzb0ib2fSqfpJnOw=,kLjZv4bg1vyQO7u+/4x2ek/qGWs=
-87,-102,JJ9DbvevxYYtzb0ib2fSqfpJnOw=,kLjZv4bg1vyQO7u+/4x2ek/qGWs=
-89,-102,JJ9DbvevxYYtzb0ib2fSqfpJnOw=,kLjZv4bg1vyQO7u+/4x2ek/qGWs=
-90,-102,JJ9DbvevxYYtzb0ib2fSqfpJnOw=,kLjZv4bg1vyQO7u+/4x2ek/qGWs=
-91,-102,JJ9DbvevxYYtzb0ib2fSqfpJnOw=,kLjZv4bg1vyQO7u+/4x2ek/qGWs=
-92,-102,JJ9DbvevxYYtzb0ib2fSqfpJnOw=,kLjZv4bg1vyQO7u+/4x2ek/qGWs=
-93,-102,JJ9DbvevxYYtzb0ib2fSqfpJnOw=,kLjZv4bg1vyQO7u+/4x2ek/qGWs=
-94,-102,JJ9DbvevxYYtzb0ib2fSqfpJnOw=,kLjZv4bg1vyQO7u+/4x2ek/qGWs=
-95,-102,JJ9DbvevxYYtzb0ib2fSqfpJnOw=,kLjZv4bg1vyQO7u+/4x2ek/qGWs=
-96,-102,JJ9DbvevxYYtzb0ib2fSqfpJnOw=,kLjZv4bg1vyQO7u+/4x2ek/qGWs=
-95,-112,JJ9DbvevxYYtzb0ib2fSqfpJnOw=,kLjZv4bg1vyQO7u+/4x2ek/qGWs=
-82,-103,JJ9DbvevxYYtzb0ib2fSqfpJnOw=,kLjZv4bg1vyQO7u+/4x2ek/qGWs=
-83,-103,JJ9DbvevxYYtzb0ib2fSqfpJnOw=,kLjZv4bg1vyQO7u+/4x2ek/qGWs=
-84,-103,JJ9DbvevxYYtzb0ib2fSqfpJnOw=,kLjZv4bg1vyQO7u+/4x2ek/qGWs=
-85,-103,JJ9DbvevxYYtzb0ib2fSqfpJnOw=,kLjZv4bg1vyQO7u+/4x2ek/qGWs=
-81,-103,JJ9DbvevxYYtzb0ib2fSqfpJnOw=,kLjZv4bg1vyQO7u+/4x2ek/qGWs=
-86,-103,JJ9DbvevxYYtzb0ib2fSqfpJnOw=,kLjZv4bg1vyQO7u+/4x2ek/qGWs=
-87,-103,JJ9DbvevxYYtzb0ib2fSqfpJnOw=,kLjZv4bg1vyQO7u+/4x2ek/qGWs=
-89,-110,JJ9DbvevxYYtzb0ib2fSqfpJnOw=,kLjZv4bg1vyQO7u+/4x2ek/qGWs=
-88,-103,JJ9DbvevxYYtzb0ib2fSqfpJnOw=,kLjZv4bg1vyQO7u+/4x2ek/qGWs=
-89,-103,JJ9DbvevxYYtzb0ib2fSqfpJnOw=,kLjZv4bg1vyQO7u+/4x2ek/qGWs=
-90,-103,JJ9DbvevxYYtzb0ib2fSqfpJnOw=,kLjZv4bg1vyQO7u+/4x2ek/qGWs=
-91,-103,JJ9DbvevxYYtzb0ib2fSqfpJnOw=,kLjZv4bg1vyQO7u+/4x2ek/qGWs=
-93,-103,JJ9DbvevxYYtzb0ib2fSqfpJnOw=,kLjZv4bg1vyQO7u+/4x2ek/qGWs=
-92,-103,JJ9DbvevxYYtzb0ib2fSqfpJnOw=,kLjZv4bg1vyQO7u+/4x2ek/qGWs=
-94,-103,JJ9DbvevxYYtzb0ib2fSqfpJnOw=,kLjZv4bg1vyQO7u+/4x2ek/qGWs=
-95,-103,JJ9DbvevxYYtzb0ib2fSqfpJnOw=,kLjZv4bg1vyQO7u+/4x2ek/qGWs=
-96,-103,JJ9DbvevxYYtzb0ib2fSqfpJnOw=,kLjZv4bg1vyQO7u+/4x2ek/qGWs=
-94,-112,JJ9DbvevxYYtzb0ib2fSqfpJnOw=,kLjZv4bg1vyQO7u+/4x2ek/qGWs=
-83,-112,JJ9DbvevxYYtzb0ib2fSqfpJnOw=,kLjZv4bg1vyQO7u+/4x2ek/qGWs=
-84,-104,JJ9DbvevxYYtzb0ib2fSqfpJnOw=,kLjZv4bg1vyQO7u+/4x2ek/qGWs=
-85,-104,JJ9DbvevxYYtzb0ib2fSqfpJnOw=,kLjZv4bg1vyQO7u+/4x2ek/qGWs=
-83,-104,JJ9DbvevxYYtzb0ib2fSqfpJnOw=,kLjZv4bg1vyQO7u+/4x2ek/qGWs=
-86,-104,JJ9DbvevxYYtzb0ib2fSqfpJnOw=,kLjZv4bg1vyQO7u+/4x2ek/qGWs=
-87,-104,JJ9DbvevxYYtzb0ib2fSqfpJnOw=,kLjZv4bg1vyQO7u+/4x2ek/qGWs=
-88,-104,JJ9DbvevxYYtzb0ib2fSqfpJnOw=,kLjZv4bg1vyQO7u+/4x2ek/qGWs=
-81,-110,JJ9DbvevxYYtzb0ib2fSqfpJnOw=,kLjZv4bg1vyQO7u+/4x2ek/qGWs=
-83,-110,JJ9DbvevxYYtzb0ib2fSqfpJnOw=,kLjZv4bg1vyQO7u+/4x2ek/qGWs=
-90,-110,JJ9DbvevxYYtzb0ib2fSqfpJnOw=,kLjZv4bg1vyQO7u+/4x2ek/qGWs=
-89,-104,JJ9DbvevxYYtzb0ib2fSqfpJnOw=,kLjZv4bg1vyQO7u+/4x2ek/qGWs=
-81,-111,JJ9DbvevxYYtzb0ib2fSqfpJnOw=,kLjZv4bg1vyQO7u+/4x2ek/qGWs=
-91,-104,JJ9DbvevxYYtzb0ib2fSqfpJnOw=,kLjZv4bg1vyQO7u+/4x2ek/qGWs=
-90,-104,JJ9DbvevxYYtzb0ib2fSqfpJnOw=,kLjZv4bg1vyQO7u+/4x2ek/qGWs=
-92,-104,JJ9DbvevxYYtzb0ib2fSqfpJnOw=,kLjZv4bg1vyQO7u+/4x2ek/qGWs=
-93,-104,JJ9DbvevxYYtzb0ib2fSqfpJnOw=,kLjZv4bg1vyQO7u+/4x2ek/qGWs=
-94,-104,JJ9DbvevxYYtzb0ib2fSqfpJnOw=,kLjZv4bg1vyQO7u+/4x2ek/qGWs=
-96,-104,JJ9DbvevxYYtzb0ib2fSqfpJnOw=,kLjZv4bg1vyQO7u+/4x2ek/qGWs=
-95,-104,JJ9DbvevxYYtzb0ib2fSqfpJnOw=,kLjZv4bg1vyQO7u+/4x2ek/qGWs=
-94,-111,JJ9DbvevxYYtzb0ib2fSqfpJnOw=,kLjZv4bg1vyQO7u+/4x2ek/qGWs=
-83,-105,JJ9DbvevxYYtzb0ib2fSqfpJnOw=,kLjZv4bg1vyQO7u+/4x2ek/qGWs=
-84,-105,JJ9DbvevxYYtzb0ib2fSqfpJnOw=,kLjZv4bg1vyQO7u+/4x2ek/qGWs=
-85,-105,JJ9DbvevxYYtzb0ib2fSqfpJnOw=,kLjZv4bg1vyQO7u+/4x2ek/qGWs=
-86,-105,JJ9DbvevxYYtzb0ib2fSqfpJnOw=,kLjZv4bg1vyQO7u+/4x2ek/qGWs=
-87,-105,JJ9DbvevxYYtzb0ib2fSqfpJnOw=,kLjZv4bg1vyQO7u+/4x2ek/qGWs=
-88,-105,JJ9DbvevxYYtzb0ib2fSqfpJnOw=,kLjZv4bg1vyQO7u+/4x2ek/qGWs=
-89,-105,JJ9DbvevxYYtzb0ib2fSqfpJnOw=,kLjZv4bg1vyQO7u+/4x2ek/qGWs=
-91,-110,JJ9DbvevxYYtzb0ib2fSqfpJnOw=,kLjZv4bg1vyQO7u+/4x2ek/qGWs=
-88,-110,JJ9DbvevxYYtzb0ib2fSqfpJnOw=,kLjZv4bg1vyQO7u+/4x2ek/qGWs=
-90,-105,JJ9DbvevxYYtzb0ib2fSqfpJnOw=,kLjZv4bg1vyQO7u+/4x2ek/qGWs=
-91,-105,JJ9DbvevxYYtzb0ib2fSqfpJnOw=,kLjZv4bg1vyQO7u+/4x2ek/qGWs=
-93,-105,JJ9DbvevxYYtzb0ib2fSqfpJnOw=,kLjZv4bg1vyQO7u+/4x2ek/qGWs=
-86,-110,JJ9DbvevxYYtzb0ib2fSqfpJnOw=,kLjZv4bg1vyQO7u+/4x2ek/qGWs=
-95,-105,JJ9DbvevxYYtzb0ib2fSqfpJnOw=,kLjZv4bg1vyQO7u+/4x2ek/qGWs=
-94,-105,JJ9DbvevxYYtzb0ib2fSqfpJnOw=,kLjZv4bg1vyQO7u+/4x2ek/qGWs=
-96,-105,JJ9DbvevxYYtzb0ib2fSqfpJnOw=,kLjZv4bg1vyQO7u+/4x2ek/qGWs=
-81,-104,JJ9DbvevxYYtzb0ib2fSqfpJnOw=,kLjZv4bg1vyQO7u+/4x2ek/qGWs=
-84,-112,JJ9DbvevxYYtzb0ib2fSqfpJnOw=,kLjZv4bg1vyQO7u+/4x2ek/qGWs=
-84,-106,JJ9DbvevxYYtzb0ib2fSqfpJnOw=,kLjZv4bg1vyQO7u+/4x2ek/qGWs=
-85,-106,JJ9DbvevxYYtzb0ib2fSqfpJnOw=,kLjZv4bg1vyQO7u+/4x2ek/qGWs=
-86,-106,JJ9DbvevxYYtzb0ib2fSqfpJnOw=,kLjZv4bg1vyQO7u+/4x2ek/qGWs=
-87,-106,JJ9DbvevxYYtzb0ib2fSqfpJnOw=,kLjZv4bg1vyQO7u+/4x2ek/qGWs=
-89,-106,JJ9DbvevxYYtzb0ib2fSqfpJnOw=,kLjZv4bg1vyQO7u+/4x2ek/qGWs=
-88,-106,JJ9DbvevxYYtzb0ib2fSqfpJnOw=,kLjZv4bg1vyQO7u+/4x2ek/qGWs=
-96,-109,JJ9DbvevxYYtzb0ib2fSqfpJnOw=,kLjZv4bg1vyQO7u+/4x2ek/qGWs=
-95,-109,JJ9DbvevxYYtzb0ib2fSqfpJnOw=,kLjZv4bg1vyQO7u+/4x2ek/qGWs=
-81,-105,JJ9DbvevxYYtzb0ib2fSqfpJnOw=,kLjZv4bg1vyQO7u+/4x2ek/qGWs=
-92,-105,JJ9DbvevxYYtzb0ib2fSqfpJnOw=,kLjZv4bg1vyQO7u+/4x2ek/qGWs=
-90,-106,JJ9DbvevxYYtzb0ib2fSqfpJnOw=,kLjZv4bg1vyQO7u+/4x2ek/qGWs=
-92,-110,JJ9DbvevxYYtzb0ib2fSqfpJnOw=,kLjZv4bg1vyQO7u+/4x2ek/qGWs=
-91,-106,JJ9DbvevxYYtzb0ib2fSqfpJnOw=,kLjZv4bg1vyQO7u+/4x2ek/qGWs=
-93,-106,JJ9DbvevxYYtzb0ib2fSqfpJnOw=,kLjZv4bg1vyQO7u+/4x2ek/qGWs=
-92,-106,JJ9DbvevxYYtzb0ib2fSqfpJnOw=,kLjZv4bg1vyQO7u+/4x2ek/qGWs=
-94,-106,JJ9DbvevxYYtzb0ib2fSqfpJnOw=,kLjZv4bg1vyQO7u+/4x2ek/qGWs=
-82,-106,JJ9DbvevxYYtzb0ib2fSqfpJnOw=,kLjZv4bg1vyQO7u+/4x2ek/qGWs=
-95,-106,JJ9DbvevxYYtzb0ib2fSqfpJnOw=,kLjZv4bg1vyQO7u+/4x2ek/qGWs=
-96,-106,JJ9DbvevxYYtzb0ib2fSqfpJnOw=,kLjZv4bg1vyQO7u+/4x2ek/qGWs=
-82,-112,JJ9DbvevxYYtzb0ib2fSqfpJnOw=,kLjZv4bg1vyQO7u+/4x2ek/qGWs=
-83,-107,JJ9DbvevxYYtzb0ib2fSqfpJnOw=,kLjZv4bg1vyQO7u+/4x2ek/qGWs=
-85,-111,JJ9DbvevxYYtzb0ib2fSqfpJnOw=,kLjZv4bg1vyQO7u+/4x2ek/qGWs=
-85,-107,JJ9DbvevxYYtzb0ib2fSqfpJnOw=,kLjZv4bg1vyQO7u+/4x2ek/qGWs=
-86,-107,JJ9DbvevxYYtzb0ib2fSqfpJnOw=,kLjZv4bg1vyQO7u+/4x2ek/qGWs=
-87,-107,JJ9DbvevxYYtzb0ib2fSqfpJnOw=,kLjZv4bg1vyQO7u+/4x2ek/qGWs=
-89,-107,JJ9DbvevxYYtzb0ib2fSqfpJnOw=,kLjZv4bg1vyQO7u+/4x2ek/qGWs=
-90,-107,JJ9DbvevxYYtzb0ib2fSqfpJnOw=,kLjZv4bg1vyQO7u+/4x2ek/qGWs=
-88,-107,JJ9DbvevxYYtzb0ib2fSqfpJnOw=,kLjZv4bg1vyQO7u+/4x2ek/qGWs=
-91,-107,JJ9DbvevxYYtzb0ib2fSqfpJnOw=,kLjZv4bg1vyQO7u+/4x2ek/qGWs=
-81,-106,JJ9DbvevxYYtzb0ib2fSqfpJnOw=,kLjZv4bg1vyQO7u+/4x2ek/qGWs=
-94,-109,JJ9DbvevxYYtzb0ib2fSqfpJnOw=,kLjZv4bg1vyQO7u+/4x2ek/qGWs=
-82,-105,JJ9DbvevxYYtzb0ib2fSqfpJnOw=,kLjZv4bg1vyQO7u+/4x2ek/qGWs=
-92,-107,JJ9DbvevxYYtzb0ib2fSqfpJnOw=,kLjZv4bg1vyQO7u+/4x2ek/qGWs=
-93,-107,JJ9DbvevxYYtzb0ib2fSqfpJnOw=,kLjZv4bg1vyQO7u+/4x2ek/qGWs=
-94,-107,JJ9DbvevxYYtzb0ib2fSqfpJnOw=,kLjZv4bg1vyQO7u+/4x2ek/qGWs=
-95,-107,JJ9DbvevxYYtzb0ib2fSqfpJnOw=,kLjZv4bg1vyQO7u+/4x2ek/qGWs=
-96,-107,JJ9DbvevxYYtzb0ib2fSqfpJnOw=,kLjZv4bg1vyQO7u+/4x2ek/qGWs=
-84,-107,JJ9DbvevxYYtzb0ib2fSqfpJnOw=,kLjZv4bg1vyQO7u+/4x2ek/qGWs=
-84,-110,JJ9DbvevxYYtzb0ib2fSqfpJnOw=,kLjZv4bg1vyQO7u+/4x2ek/qGWs=
-85,-110,JJ9DbvevxYYtzb0ib2fSqfpJnOw=,kLjZv4bg1vyQO7u+/4x2ek/qGWs=
-83,-108,JJ9DbvevxYYtzb0ib2fSqfpJnOw=,kLjZv4bg1vyQO7u+/4x2ek/qGWs=
-93,-110,JJ9DbvevxYYtzb0ib2fSqfpJnOw=,kLjZv4bg1vyQO7u+/4x2ek/qGWs=
-82,-104,JJ9DbvevxYYtzb0ib2fSqfpJnOw=,kLjZv4bg1vyQO7u+/4x2ek/qGWs=
-87,-108,JJ9DbvevxYYtzb0ib2fSqfpJnOw=,kLjZv4bg1vyQO7u+/4x2ek/qGWs=
-81,-107,JJ9DbvevxYYtzb0ib2fSqfpJnOw=,kLjZv4bg1vyQO7u+/4x2ek/qGWs=
-88,-108,JJ9DbvevxYYtzb0ib2fSqfpJnOw=,kLjZv4bg1vyQO7u+/4x2ek/qGWs=
-89,-108,JJ9DbvevxYYtzb0ib2fSqfpJnOw=,kLjZv4bg1vyQO7u+/4x2ek/qGWs=
-90,-108,JJ9DbvevxYYtzb0ib2fSqfpJnOw=,kLjZv4bg1vyQO7u+/4x2ek/qGWs=
-91,-108,JJ9DbvevxYYtzb0ib2fSqfpJnOw=,kLjZv4bg1vyQO7u+/4x2ek/qGWs=
-92,-108,JJ9DbvevxYYtzb0ib2fSqfpJnOw=,kLjZv4bg1vyQO7u+/4x2ek/qGWs=
-96,-110,JJ9DbvevxYYtzb0ib2fSqfpJnOw=,kLjZv4bg1vyQO7u+/4x2ek/qGWs=
-93,-109,JJ9DbvevxYYtzb0ib2fSqfpJnOw=,kLjZv4bg1vyQO7u+/4x2ek/qGWs=
-92,-109,JJ9DbvevxYYtzb0ib2fSqfpJnOw=,kLjZv4bg1vyQO7u+/4x2ek/qGWs=
-89,-112,JJ9DbvevxYYtzb0ib2fSqfpJnOw=,kLjZv4bg1vyQO7u+/4x2ek/qGWs=
-87,-112,JJ9DbvevxYYtzb0ib2fSqfpJnOw=,kLjZv4bg1vyQO7u+/4x2ek/qGWs=
-93,-108,JJ9DbvevxYYtzb0ib2fSqfpJnOw=,kLjZv4bg1vyQO7u+/4x2ek/qGWs=
-94,-108,JJ9DbvevxYYtzb0ib2fSqfpJnOw=,kLjZv4bg1vyQO7u+/4x2ek/qGWs=
-95,-108,JJ9DbvevxYYtzb0ib2fSqfpJnOw=,kLjZv4bg1vyQO7u+/4x2ek/qGWs=
-96,-108,JJ9DbvevxYYtzb0ib2fSqfpJnOw=,kLjZv4bg1vyQO7u+/4x2ek/qGWs=
-84,-108,JJ9DbvevxYYtzb0ib2fSqfpJnOw=,kLjZv4bg1vyQO7u+/4x2ek/qGWs=
-86,-112,JJ9DbvevxYYtzb0ib2fSqfpJnOw=,kLjZv4bg1vyQO7u+/4x2ek/qGWs=
-86,-108,JJ9DbvevxYYtzb0ib2fSqfpJnOw=,kLjZv4bg1vyQO7u+/4x2ek/qGWs=
-82,-107,JJ9DbvevxYYtzb0ib2fSqfpJnOw=,kLjZv4bg1vyQO7u+/4x2ek/qGWs=
-83,-106,JJ9DbvevxYYtzb0ib2fSqfpJnOw=,kLjZv4bg1vyQO7u+/4x2ek/qGWs=
-88,-112,JJ9DbvevxYYtzb0ib2fSqfpJnOw=,kLjZv4bg1vyQO7u+/4x2ek/qGWs=
-91,-112,JJ9DbvevxYYtzb0ib2fSqfpJnOw=,kLjZv4bg1vyQO7u+/4x2ek/qGWs=
-87,-109,JJ9DbvevxYYtzb0ib2fSqfpJnOw=,kLjZv4bg1vyQO7u+/4x2ek/qGWs=
-88,-109,JJ9DbvevxYYtzb0ib2fSqfpJnOw=,kLjZv4bg1vyQO7u+/4x2ek/qGWs=
-89,-109,JJ9DbvevxYYtzb0ib2fSqfpJnOw=,kLjZv4bg1vyQO7u+/4x2ek/qGWs=
-95,-110,JJ9DbvevxYYtzb0ib2fSqfpJnOw=,kLjZv4bg1vyQO7u+/4x2ek/qGWs=
-90,-109,JJ9DbvevxYYtzb0ib2fSqfpJnOw=,kLjZv4bg1vyQO7u+/4x2ek/qGWs=
-91,-109,JJ9DbvevxYYtzb0ib2fSqfpJnOw=,kLjZv4bg1vyQO7u+/4x2ek/qGWs=
-94,-110,JJ9DbvevxYYtzb0ib2fSqfpJnOw=,kLjZv4bg1vyQO7u+/4x2ek/qGWs=
-82,-108,JJ9DbvevxYYtzb0ib2fSqfpJnOw=,kLjZv4bg1vyQO7u+/4x2ek/qGWs=
-96,-112,JJ9DbvevxYYtzb0ib2fSqfpJnOw=,kLjZv4bg1vyQO7u+/4x2ek/qGWs=
-90,-112,JJ9DbvevxYYtzb0ib2fSqfpJnOw=,kLjZv4bg1vyQO7u+/4x2ek/qGWs=
-92,-112,JJ9DbvevxYYtzb0ib2fSqfpJnOw=,kLjZv4bg1vyQO7u+/4x2ek/qGWs=
-82,-109,JJ9DbvevxYYtzb0ib2fSqfpJnOw=,kLjZv4bg1vyQO7u+/4x2ek/qGWs=
-85,-112,JJ9DbvevxYYtzb0ib2fSqfpJnOw=,kLjZv4bg1vyQO7u+/4x2ek/qGWs=
-81,-109,JJ9DbvevxYYtzb0ib2fSqfpJnOw=,kLjZv4bg1vyQO7u+/4x2ek/qGWs=
-86,-109,JJ9DbvevxYYtzb0ib2fSqfpJnOw=,kLjZv4bg1vyQO7u+/4x2ek/qGWs=
-85,-108,JJ9DbvevxYYtzb0ib2fSqfpJnOw=,kLjZv4bg1vyQO7u+/4x2ek/qGWs=
-85,-109,JJ9DbvevxYYtzb0ib2fSqfpJnOw=,kLjZv4bg1vyQO7u+/4x2ek/qGWs=
-83,-109,JJ9DbvevxYYtzb0ib2fSqfpJnOw=,kLjZv4bg1vyQO7u+/4x2ek/qGWs=
-84,-109,JJ9DbvevxYYtzb0ib2fSqfpJnOw=,kLjZv4bg1vyQO7u+/4x2ek/qGWs=
-81,-108,JJ9DbvevxYYtzb0ib2fSqfpJnOw=,kLjZv4bg1vyQO7u+/4x2ek/qGWs=
