-81,15,Sz7DdPD+2f06poKNUf6vskguHZg=,pxKzTK2VTP3VcWqxefCPpyUh0mU=
-83,2,Sz7DdPD+2f06poKNUf6vskguHZg=,pxKzTK2VTP3VcWqxefCPpyUh0mU=
-82,15,Sz7DdPD+2f06poKNUf6vskguHZg=,pxKzTK2VTP3VcWqxefCPpyUh0mU=
-82,2,Sz7DdPD+2f06poKNUf6vskguHZg=,pxKzTK2VTP3VcWqxefCPpyUh0mU=
-83,15,Sz7DdPD+2f06poKNUf6vskguHZg=,pxKzTK2VTP3VcWqxefCPpyUh0mU=
-81,2,Sz7DdPD+2f06poKNUf6vskguHZg=,pxKzTK2VTP3VcWqxefCPpyUh0mU=
-93,0,Sz7DdPD+2f06poKNUf6vskguHZg=,pxKzTK2VTP3VcWqxefCPpyUh0mU=
-84,15,Sz7DdPD+2f06poKNUf6vskguHZg=,pxKzTK2VTP3VcWqxefCPpyUh0mU=
-86,15,Sz7DdPD+2f06poKNUf6vskguHZg=,pxKzTK2VTP3VcWqxefCPpyUh0mU=
-88,15,Sz7DdPD+2f06poKNUf6vskguHZg=,pxKzTK2VTP3VcWqxefCPpyUh0mU=
-85,15,Sz7DdPD+2f06poKNUf6vskguHZg=,pxKzTK2VTP3VcWqxefCPpyUh0mU=
-92,15,Sz7DdPD+2f06poKNUf6vskguHZg=,pxKzTK2VTP3VcWqxefCPpyUh0mU=
-93,15,Sz7DdPD+2f06poKNUf6vskguHZg=,pxKzTK2VTP3VcWqxefCPpyUh0mU=
-94,15,Sz7DdPD+2f06poKNUf6vskguHZg=,pxKzTK2VTP3VcWqxefCPpyUh0mU=
-95,1,Sz7DdPD+2f06poKNUf6vskguHZg=,pxKzTK2VTP3VcWqxefCPpyUh0mU=
-81,1,Sz7DdPD+2f06poKNUf6vskguHZg=,pxKzTK2VTP3VcWqxefCPpyUh0mU=
-82,1,Sz7DdPD+2f06poKNUf6vskguHZg=,pxKzTK2VTP3VcWqxefCPpyUh0mU=
-87,15,Sz7DdPD+2f06poKNUf6vskguHZg=,pxKzTK2VTP3VcWqxefCPpyUh0mU=
-83,1,Sz7DdPD+2f06poKNUf6vskguHZg=,pxKzTK2VTP3VcWqxefCPpyUh0mU=
-84,1,Sz7DdPD+2f06poKNUf6vskguHZg=,pxKzTK2VTP3VcWqxefCPpyUh0mU=
-86,1,Sz7DdPD+2f06poKNUf6vskguHZg=,pxKzTK2VTP3VcWqxefCPpyUh0mU=
-85,1,Sz7DdPD+2f06poKNUf6vskguHZg=,pxKzTK2VTP3VcWqxefCPpyUh0mU=
-87,1,Sz7DdPD+2f06poKNUf6vskguHZg=,pxKzTK2VTP3VcWqxefCPpyUh0mU=
-95,15,Sz7DdPD+2f06poKNUf6vskguHZg=,pxKzTK2VTP3VcWqxefCPpyUh0mU=
-88,1,Sz7DdPD+2f06poKNUf6vskguHZg=,pxKzTK2VTP3VcWqxefCPpyUh0mU=
-89,1,Sz7DdPD+2f06poKNUf6vskguHZg=,pxKzTK2VTP3VcWqxefCPpyUh0mU=
-90,1,Sz7DdPD+2f06poKNUf6vskguHZg=,pxKzTK2VTP3VcWqxefCPpyUh0mU=
-91,1,Sz7DdPD+2f06poKNUf6vskguHZg=,pxKzTK2VTP3VcWqxefCPpyUh0mU=
-92,1,Sz7DdPD+2f06poKNUf6vskguHZg=,pxKzTK2VTP3VcWqxefCPpyUh0mU=
-93,1,Sz7DdPD+2f06poKNUf6vskguHZg=,pxKzTK2VTP3VcWqxefCPpyUh0mU=
-94,1,Sz7DdPD+2f06poKNUf6vskguHZg=,pxKzTK2VTP3VcWqxefCPpyUh0mU=
-82,14,Sz7DdPD+2f06poKNUf6vskguHZg=,pxKzTK2VTP3VcWqxefCPpyUh0mU=
-94,0,Sz7DdPD+2f06poKNUf6vskguHZg=,pxKzTK2VTP3VcWqxefCPpyUh0mU=
-84,2,Sz7DdPD+2f06poKNUf6vskguHZg=,pxKzTK2VTP3VcWqxefCPpyUh0mU=
-84,14,Sz7DdPD+2f06poKNUf6vskguHZg=,pxKzTK2VTP3VcWqxefCPpyUh0mU=
-85,14,Sz7DdPD+2f06poKNUf6vskguHZg=,pxKzTK2VTP3VcWqxefCPpyUh0mU=
-86,14,Sz7DdPD+2f06poKNUf6vskguHZg=,pxKzTK2VTP3VcWqxefCPpyUh0mU=
-83,14,Sz7DdPD+2f06poKNUf6vskguHZg=,pxKzTK2VTP3VcWqxefCPpyUh0mU=
-87,14,Sz7DdPD+2f06poKNUf6vskguHZg=,pxKzTK2VTP3VcWqxefCPpyUh0mU=
-96,14,Sz7DdPD+2f06poKNUf6vskguHZg=,pxKzTK2VTP3VcWqxefCPpyUh0mU=
-96,15,Sz7DdPD+2f06poKNUf6vskguHZg=,pxKzTK2VTP3VcWqxefCPpyUh0mU=
-81,13,Sz7DdPD+2f06poKNUf6vskguHZg=,pxKzTK2VTP3VcWqxefCPpyUh0mU=
-96,1,Sz7DdPD+2f06poKNUf6vskguHZg=,pxKzTK2VTP3VcWqxefCPpyUh0mU=
-81,14,Sz7DdPD+2f06poKNUf6vskguHZg=,pxKzTK2VTP3VcWqxefCPpyUh0mU=
-82,13,Sz7DdPD+2f06poKNUf6vskguHZg=,pxKzTK2VTP3VcWqxefCPpyUh0mU=
-81,0,Sz7DdPD+2f06poKNUf6vskguHZg=,pxKzTK2VTP3VcWqxefCPpyUh0mU=
-85,2,Sz7DdPD+2f06poKNUf6vskguHZg=,pxKzTK2VTP3VcWqxefCPpyUh0mU=
-84,13,Sz7DdPD+2f06poKNUf6vskguHZg=,pxKzTK2VTP3VcWqxefCPpyUh0mU=
-83,13,Sz7DdPD+2f06poKNUf6vskguHZg=,pxKzTK2VTP3VcWqxefCPpyUh0mU=
-85,13,Sz7DdPD+2f06poKNUf6vskguHZg=,pxKzTK2VTP3VcWqxefCPpyUh0mU=
-86,13,Sz7DdPD+2f06poKNUf6vskguHZg=,pxKzTK2VTP3VcWqxefCPpyUh0mU=
-87,13,Sz7DdPD+2f06poKNUf6vskguHZg=,pxKzTK2VTP3VcWqxefCPpyUh0mU=
-96,3,Sz7DdPD+2f06poKNUf6vskguHZg=,pxKzTK2VTP3VcWqxefCPpyUh0mU=
-90,14,Sz7DdPD+2f06poKNUf6vskguHZg=,pxKzTK2VTP3VcWqxefCPpyUh0mU=
-94,14,Sz7DdPD+2f06poKNUf6vskguHZg=,pxKzTK2VTP3VcWqxefCPpyUh0mU=
-91,14,Sz7DdPD+2f06poKNUf6vskguHZg=,pxKzTK2VTP3VcWqxefCPpyUh0mU=
-95,14,Sz7DdPD+2f06poKNUf6vskguHZg=,pxKzTK2VTP3VcWqxefCPpyUh0mU=
-94,13,Sz7DdPD+2f06poKNUf6vskguHZg=,pxKzTK2VTP3VcWqxefCPpyUh0mU=
-95,3,Sz7DdPD+2f06poKNUf6vskguHZg=,pxKzTK2VTP3VcWqxefCPpyUh0mU=
-94,3,Sz7DdPD+2f06poKNUf6vskguHZg=,pxKzTK2VTP3VcWqxefCPpyUh0mU=
-96,2,Sz7DdPD+2f06poKNUf6vskguHZg=,pxKzTK2VTP3VcWqxefCPpyUh0mU=
-93,3,Sz7DdPD+2f06poKNUf6vskguHZg=,pxKzTK2VTP3VcWqxefCPpyUh0mU=
-92,3,Sz7DdPD+2f06poKNUf6vskguHZg=,pxKzTK2VTP3VcWqxefCPpyUh0mU=
-92,0,Sz7DdPD+2f06poKNUf6vskguHZg=,pxKzTK2VTP3VcWqxefCPpyUh0mU=
-91,3,Sz7DdPD+2f06poKNUf6vskguHZg=,pxKzTK2VTP3VcWqxefCPpyUh0mU=
-90,3,Sz7DdPD+2f06poKNUf6vskguHZg=,pxKzTK2VTP3VcWqxefCPpyUh0mU=
-89,3,Sz7DdPD+2f06poKNUf6vskguHZg=,pxKzTK2VTP3VcWqxefCPpyUh0mU=
-96,0,Sz7DdPD+2f06poKNUf6vskguHZg=,pxKzTK2VTP3VcWqxefCPpyUh0mU=
-88,3,Sz7DdPD+2f06poKNUf6vskguHZg=,pxKzTK2VTP3VcWqxefCPpyUh0mU=
-86,3,Sz7DdPD+2f06poKNUf6vskguHZg=,pxKzTK2VTP3VcWqxefCPpyUh0mU=
-85,3,Sz7DdPD+2f06poKNUf6vskguHZg=,pxKzTK2VTP3VcWqxefCPpyUh0mU=
-84,3,Sz7DdPD+2f06poKNUf6vskguHZg=,pxKzTK2VTP3VcWqxefCPpyUh0mU=
-87,3,Sz7DdPD+2f06poKNUf6vskguHZg=,pxKzTK2VTP3VcWqxefCPpyUh0mU=
-83,3,Sz7DdPD+2f06poKNUf6vskguHZg=,pxKzTK2VTP3VcWqxefCPpyUh0mU=
-82,3,Sz7DdPD+2f06poKNUf6vskguHZg=,pxKzTK2VTP3VcWqxefCPpyUh0mU=
-89,15,Sz7DdPD+2f06poKNUf6vskguHZg=,pxKzTK2VTP3VcWqxefCPpyUh0mU=
-95,2,Sz7DdPD+2f06poKNUf6vskguHZg=,pxKzTK2VTP3VcWqxefCPpyUh0mU=
-81,3,Sz7DdPD+2f06poKNUf6vskguHZg=,pxKzTK2VTP3VcWqxefCPpyUh0mU=
-91,13,Sz7DdPD+2f06poKNUf6vskguHZg=,pxKzTK2VTP3VcWqxefCPpyUh0mU=
-81,12,Sz7DdPD+2f06poKNUf6vskguHZg=,pxKzTK2VTP3VcWqxefCPpyUh0mU=
-83,12,Sz7DdPD+2f06poKNUf6vskguHZg=,pxKzTK2VTP3VcWqxefCPpyUh0mU=
-82,12,Sz7DdPD+2f06poKNUf6vskguHZg=,pxKzTK2VTP3VcWqxefCPpyUh0mU=
-84,12,Sz7DdPD+2f06poKNUf6vskguHZg=,pxKzTK2VTP3VcWqxefCPpyUh0mU=
-90,13,Sz7DdPD+2f06poKNUf6vskguHZg=,pxKzTK2VTP3VcWqxefCPpyUh0mU=
-82,0,Sz7DdPD+2f06poKNUf6vskguHZg=,pxKzTK2VTP3VcWqxefCPpyUh0mU=
-95,0,Sz7DdPD+2f06poKNUf6vskguHZg=,pxKzTK2VTP3VcWqxefCPpyUh0mU=
-86,2,Sz7DdPD+2f06poKNUf6vskguHZg=,pxKzTK2VTP3VcWqxefCPpyUh0mU=
-86,12,Sz7DdPD+2f06poKNUf6vskguHZg=,pxKzTK2VTP3VcWqxefCPpyUh0mU=
-87,12,Sz7DdPD+2f06poKNUf6vskguHZg=,pxKzTK2VTP3VcWqxefCPpyUh0mU=
-89,12,Sz7DdPD+2f06poKNUf6vskguHZg=,pxKzTK2VTP3VcWqxefCPpyUh0mU=
-85,12,Sz7DdPD+2f06poKNUf6vskguHZg=,pxKzTK2VTP3VcWqxefCPpyUh0mU=
-90,12,Sz7DdPD+2f06poKNUf6vskguHZg=,pxKzTK2VTP3VcWqxefCPpyUh0mU=
-91,12,Sz7DdPD+2f06poKNUf6vskguHZg=,pxKzTK2VTP3VcWqxefCPpyUh0mU=
-88,14,Sz7DdPD+2f06poKNUf6vskguHZg=,pxKzTK2VTP3VcWqxefCPpyUh0mU=
-94,12,Sz7DdPD+2f06poKNUf6vskguHZg=,pxKzTK2VTP3VcWqxefCPpyUh0mU=
-96,13,Sz7DdPD+2f06poKNUf6vskguHZg=,pxKzTK2VTP3VcWqxefCPpyUh0mU=
-92,13,Sz7DdPD+2f06poKNUf6vskguHZg=,pxKzTK2VTP3VcWqxefCPpyUh0mU=
-81,11,Sz7DdPD+2f06poKNUf6vskguHZg=,pxKzTK2VTP3VcWqxefCPpyUh0mU=
-82,11,Sz7DdPD+2f06poKNUf6vskguHZg=,pxKzTK2VTP3VcWqxefCPpyUh0mU=
-83,11,Sz7DdPD+2f06poKNUf6vskguHZg=,pxKzTK2VTP3VcWqxefCPpyUh0mU=
-92,14,Sz7DdPD+2f06poKNUf6vskguHZg=,pxKzTK2VTP3VcWqxefCPpyUh0mU=
-85,11,Sz7DdPD+2f06poKNUf6vskguHZg=,pxKzTK2VTP3VcWqxefCPpyUh0mU=
-84,11,Sz7DdPD+2f06poKNUf6vskguHZg=,pxKzTK2VTP3VcWqxefCPpyUh0mU=
-83,0,Sz7DdPD+2f06poKNUf6vskguHZg=,pxKzTK2VTP3VcWqxefCPpyUh0mU=
-87,2,Sz7DdPD+2f06poKNUf6vskguHZg=,pxKzTK2VTP3VcWqxefCPpyUh0mU=
-93,14,Sz7DdPD+2f06poKNUf6vskguHZg=,pxKzTK2VTP3VcWqxefCPpyUh0mU=
-95,13,Sz7DdPD+2f06poKNUf6vskguHZg=,pxKzTK2VTP3VcWqxefCPpyUh0mU=
-89,13,Sz7DdPD+2f06poKNUf6vskguHZg=,pxKzTK2VTP3VcWqxefCPpyUh0mU=
-96,12,Sz7DdPD+2f06poKNUf6vskguHZg=,pxKzTK2VTP3VcWqxefCPpyUh0mU=
-90,11,Sz7DdPD+2f06poKNUf6vskguHZg=,pxKzTK2VTP3VcWqxefCPpyUh0mU=
-91,11,Sz7DdPD+2f06poKNUf6vskguHZg=,pxKzTK2VTP3VcWqxefCPpyUh0mU=
-92,11,Sz7DdPD+2f06poKNUf6vskguHZg=,pxKzTK2VTP3VcWqxefCPpyUh0mU=
-90,15,Sz7DdPD+2f06poKNUf6vskguHZg=,pxKzTK2VTP3VcWqxefCPpyUh0mU=
-93,13,Sz7DdPD+2f06poKNUf6vskguHZg=,pxKzTK2VTP3VcWqxefCPpyUh0mU=
-92,12,Sz7DdPD+2f06poKNUf6vskguHZg=,pxKzTK2VTP3VcWqxefCPpyUh0mU=
-95,12,Sz7DdPD+2f06poKNUf6vskguHZg=,pxKzTK2VTP3VcWqxefCPpyUh0mU=
-89,14,Sz7DdPD+2f06poKNUf6vskguHZg=,pxKzTK2VTP3VcWqxefCPpyUh0mU=
-82,10,Sz7DdPD+2f06poKNUf6vskguHZg=,pxKzTK2VTP3VcWqxefCPpyUh0mU=
-83,10,Sz7DdPD+2f06poKNUf6vskguHZg=,pxKzTK2VTP3VcWqxefCPpyUh0mU=
-84,10,Sz7DdPD+2f06poKNUf6vskguHZg=,pxKzTK2VTP3VcWqxefCPpyUh0mU=
-85,10,Sz7DdPD+2f06poKNUf6vskguHZg=,pxKzTK2VTP3VcWqxefCPpyUh0mU=
-96,4,Sz7DdPD+2f06poKNUf6vskguHZg=,pxKzTK2VTP3VcWqxefCPpyUh0mU=
-95,4,Sz7DdPD+2f06poKNUf6vskguHZg=,pxKzTK2VTP3VcWqxefCPpyUh0mU=
-94,4,Sz7DdPD+2f06poKNUf6vskguHZg=,pxKzTK2VTP3VcWqxefCPpyUh0mU=
-93,4,Sz7DdPD+2f06poKNUf6vskguHZg=,pxKzTK2VTP3VcWqxefCPpyUh0mU=
-94,2,Sz7DdPD+2f06poKNUf6vskguHZg=,pxKzTK2VTP3VcWqxefCPpyUh0mU=
-91,0,Sz7DdPD+2f06poKNUf6vskguHZg=,pxKzTK2VTP3VcWqxefCPpyUh0mU=
-86,11,Sz7DdPD+2f06poKNUf6vskguHZg=,pxKzTK2VTP3VcWqxefCPpyUh0mU=
-92,4,Sz7DdPD+2f06poKNUf6vskguHZg=,pxKzTK2VTP3VcWqxefCPpyUh0mU=
-84,0,Sz7DdPD+2f06poKNUf6vskguHZg=,pxKzTK2VTP3VcWqxefCPpyUh0mU=
-91,4,Sz7DdPD+2f06poKNUf6vskguHZg=,pxKzTK2VTP3VcWqxefCPpyUh0mU=
-88,2,Sz7DdPD+2f06poKNUf6vskguHZg=,pxKzTK2VTP3VcWqxefCPpyUh0mU=
-90,4,Sz7DdPD+2f06poKNUf6vskguHZg=,pxKzTK2VTP3VcWqxefCPpyUh0mU=
-88,4,Sz7DdPD+2f06poKNUf6vskguHZg=,pxKzTK2VTP3VcWqxefCPpyUh0mU=
-89,4,Sz7DdPD+2f06poKNUf6vskguHZg=,pxKzTK2VTP3VcWqxefCPpyUh0mU=
-87,4,Sz7DdPD+2f06poKNUf6vskguHZg=,pxKzTK2VTP3VcWqxefCPpyUh0mU=
-86,4,Sz7DdPD+2f06poKNUf6vskguHZg=,pxKzTK2VTP3VcWqxefCPpyUh0mU=
-85,4,Sz7DdPD+2f06poKNUf6vskguHZg=,pxKzTK2VTP3VcWqxefCPpyUh0mU=
-83,4,Sz7DdPD+2f06poKNUf6vskguHZg=,pxKzTK2VTP3VcWqxefCPpyUh0mU=
-84,4,Sz7DdPD+2f06poKNUf6vskguHZg=,pxKzTK2VTP3VcWqxefCPpyUh0mU=
-82,4,Sz7DdPD+2f06poKNUf6vskguHZg=,pxKzTK2VTP3VcWqxefCPpyUh0mU=
-90,0,Sz7DdPD+2f06poKNUf6vskguHZg=,pxKzTK2VTP3VcWqxefCPpyUh0mU=
-88,13,Sz7DdPD+2f06poKNUf6vskguHZg=,pxKzTK2VTP3VcWqxefCPpyUh0mU=
-93,12,Sz7DdPD+2f06poKNUf6vskguHZg=,pxKzTK2VTP3VcWqxefCPpyUh0mU=
-81,4,Sz7DdPD+2f06poKNUf6vskguHZg=,pxKzTK2VTP3VcWqxefCPpyUh0mU=
-89,10,Sz7DdPD+2f06poKNUf6vskguHZg=,pxKzTK2VTP3VcWqxefCPpyUh0mU=
-90,10,Sz7DdPD+2f06poKNUf6vskguHZg=,pxKzTK2VTP3VcWqxefCPpyUh0mU=
-91,10,Sz7DdPD+2f06poKNUf6vskguHZg=,pxKzTK2VTP3VcWqxefCPpyUh0mU=
-92,10,Sz7DdPD+2f06poKNUf6vskguHZg=,pxKzTK2VTP3VcWqxefCPpyUh0mU=
-93,10,Sz7DdPD+2f06poKNUf6vskguHZg=,pxKzTK2VTP3VcWqxefCPpyUh0mU=
-93,11,Sz7DdPD+2f06poKNUf6vskguHZg=,pxKzTK2VTP3VcWqxefCPpyUh0mU=
-87,11,Sz7DdPD+2f06poKNUf6vskguHZg=,pxKzTK2VTP3VcWqxefCPpyUh0mU=
-91,15,Sz7DdPD+2f06poKNUf6vskguHZg=,pxKzTK2VTP3VcWqxefCPpyUh0mU=
-81,9,Sz7DdPD+2f06poKNUf6vskguHZg=,pxKzTK2VTP3VcWqxefCPpyUh0mU=
-81,10,Sz7DdPD+2f06poKNUf6vskguHZg=,pxKzTK2VTP3VcWqxefCPpyUh0mU=
-86,10,Sz7DdPD+2f06poKNUf6vskguHZg=,pxKzTK2VTP3VcWqxefCPpyUh0mU=
-89,11,Sz7DdPD+2f06poKNUf6vskguHZg=,pxKzTK2VTP3VcWqxefCPpyUh0mU=
-85,9,Sz7DdPD+2f06poKNUf6vskguHZg=,pxKzTK2VTP3VcWqxefCPpyUh0mU=
-95,10,Sz7DdPD+2f06poKNUf6vskguHZg=,pxKzTK2VTP3VcWqxefCPpyUh0mU=
-85,0,Sz7DdPD+2f06poKNUf6vskguHZg=,pxKzTK2VTP3VcWqxefCPpyUh0mU=
-84,9,Sz7DdPD+2f06poKNUf6vskguHZg=,pxKzTK2VTP3VcWqxefCPpyUh0mU=
-89,2,Sz7DdPD+2f06poKNUf6vskguHZg=,pxKzTK2VTP3VcWqxefCPpyUh0mU=
-96,5,Sz7DdPD+2f06poKNUf6vskguHZg=,pxKzTK2VTP3VcWqxefCPpyUh0mU=
-88,12,Sz7DdPD+2f06poKNUf6vskguHZg=,pxKzTK2VTP3VcWqxefCPpyUh0mU=
-89,9,Sz7DdPD+2f06poKNUf6vskguHZg=,pxKzTK2VTP3VcWqxefCPpyUh0mU=
-90,9,Sz7DdPD+2f06poKNUf6vskguHZg=,pxKzTK2VTP3VcWqxefCPpyUh0mU=
-91,9,Sz7DdPD+2f06poKNUf6vskguHZg=,pxKzTK2VTP3VcWqxefCPpyUh0mU=
-92,9,Sz7DdPD+2f06poKNUf6vskguHZg=,pxKzTK2VTP3VcWqxefCPpyUh0mU=
-93,9,Sz7DdPD+2f06poKNUf6vskguHZg=,pxKzTK2VTP3VcWqxefCPpyUh0mU=
-83,9,Sz7DdPD+2f06poKNUf6vskguHZg=,pxKzTK2VTP3VcWqxefCPpyUh0mU=
-94,10,Sz7DdPD+2f06poKNUf6vskguHZg=,pxKzTK2VTP3VcWqxefCPpyUh0mU=
-96,10,Sz7DdPD+2f06poKNUf6vskguHZg=,pxKzTK2VTP3VcWqxefCPpyUh0mU=
-86,9,Sz7DdPD+2f06poKNUf6vskguHZg=,pxKzTK2VTP3VcWqxefCPpyUh0mU=
-94,11,Sz7DdPD+2f06poKNUf6vskguHZg=,pxKzTK2VTP3VcWqxefCPpyUh0mU=
-88,9,Sz7DdPD+2f06poKNUf6vskguHZg=,pxKzTK2VTP3VcWqxefCPpyUh0mU=
-88,10,Sz7DdPD+2f06poKNUf6vskguHZg=,pxKzTK2VTP3VcWqxefCPpyUh0mU=
-94,9,Sz7DdPD+2f06poKNUf6vskguHZg=,pxKzTK2VTP3VcWqxefCPpyUh0mU=
-87,8,Sz7DdPD+2f06poKNUf6vskguHZg=,pxKzTK2VTP3VcWqxefCPpyUh0mU=
-96,11,Sz7DdPD+2f06poKNUf6vskguHZg=,pxKzTK2VTP3VcWqxefCPpyUh0mU=
-86,0,Sz7DdPD+2f06poKNUf6vskguHZg=,pxKzTK2VTP3VcWqxefCPpyUh0mU=
-88,8,Sz7DdPD+2f06poKNUf6vskguHZg=,pxKzTK2VTP3VcWqxefCPpyUh0mU=
-89,8,Sz7DdPD+2f06poKNUf6vskguHZg=,pxKzTK2VTP3VcWqxefCPpyUh0mU=
-90,2,Sz7DdPD+2f06poKNUf6vskguHZg=,pxKzTK2VTP3VcWqxefCPpyUh0mU=
-90,8,Sz7DdPD+2f06poKNUf6vskguHZg=,pxKzTK2VTP3VcWqxefCPpyUh0mU=
-91,8,Sz7DdPD+2f06poKNUf6vskguHZg=,pxKzTK2VTP3VcWqxefCPpyUh0mU=
-93,8,Sz7DdPD+2f06poKNUf6vskguHZg=,pxKzTK2VTP3VcWqxefCPpyUh0mU=
-92,8,Sz7DdPD+2f06poKNUf6vskguHZg=,pxKzTK2VTP3VcWqxefCPpyUh0mU=
-94,8,Sz7DdPD+2f06poKNUf6vskguHZg=,pxKzTK2VTP3VcWqxefCPpyUh0mU=
-88,11,Sz7DdPD+2f06poKNUf6vskguHZg=,pxKzTK2VTP3VcWqxefCPpyUh0mU=
-87,10,Sz7DdPD+2f06poKNUf6vskguHZg=,pxKzTK2VTP3VcWqxefCPpyUh0mU=
-85,8,Sz7DdPD+2f06poKNUf6vskguHZg=,pxKzTK2VTP3VcWqxefCPpyUh0mU=
-95,5,Sz7DdPD+2f06poKNUf6vskguHZg=,pxKzTK2VTP3VcWqxefCPpyUh0mU=
-94,5,Sz7DdPD+2f06poKNUf6vskguHZg=,pxKzTK2VTP3VcWqxefCPpyUh0mU=
-95,11,Sz7DdPD+2f06poKNUf6vskguHZg=,pxKzTK2VTP3VcWqxefCPpyUh0mU=
-93,5,Sz7DdPD+2f06poKNUf6vskguHZg=,pxKzTK2VTP3VcWqxefCPpyUh0mU=
-92,5,Sz7DdPD+2f06poKNUf6vskguHZg=,pxKzTK2VTP3VcWqxefCPpyUh0mU=
-93,2,Sz7DdPD+2f06poKNUf6vskguHZg=,pxKzTK2VTP3VcWqxefCPpyUh0mU=
-89,0,Sz7DdPD+2f06poKNUf6vskguHZg=,pxKzTK2VTP3VcWqxefCPpyUh0mU=
-91,5,Sz7DdPD+2f06poKNUf6vskguHZg=,pxKzTK2VTP3VcWqxefCPpyUh0mU=
-90,5,Sz7DdPD+2f06poKNUf6vskguHZg=,pxKzTK2VTP3VcWqxefCPpyUh0mU=
-89,5,Sz7DdPD+2f06poKNUf6vskguHZg=,pxKzTK2VTP3VcWqxefCPpyUh0mU=
-88,5,Sz7DdPD+2f06poKNUf6vskguHZg=,pxKzTK2VTP3VcWqxefCPpyUh0mU=
-83,8,Sz7DdPD+2f06poKNUf6vskguHZg=,pxKzTK2VTP3VcWqxefCPpyUh0mU=
-83,7,Sz7DdPD+2f06poKNUf6vskguHZg=,pxKzTK2VTP3VcWqxefCPpyUh0mU=
-87,5,Sz7DdPD+2f06poKNUf6vskguHZg=,pxKzTK2VTP3VcWqxefCPpyUh0mU=
-82,7,Sz7DdPD+2f06poKNUf6vskguHZg=,pxKzTK2VTP3VcWqxefCPpyUh0mU=
-86,5,Sz7DdPD+2f06poKNUf6vskguHZg=,pxKzTK2VTP3VcWqxefCPpyUh0mU=
-82,9,Sz7DdPD+2f06poKNUf6vskguHZg=,pxKzTK2VTP3VcWqxefCPpyUh0mU=
-82,8,Sz7DdPD+2f06poKNUf6vskguHZg=,pxKzTK2VTP3VcWqxefCPpyUh0mU=
-88,7,Sz7DdPD+2f06poKNUf6vskguHZg=,pxKzTK2VTP3VcWqxefCPpyUh0mU=
-87,0,Sz7DdPD+2f06poKNUf6vskguHZg=,pxKzTK2VTP3VcWqxefCPpyUh0mU=
-89,7,Sz7DdPD+2f06poKNUf6vskguHZg=,pxKzTK2VTP3VcWqxefCPpyUh0mU=
-91,2,Sz7DdPD+2f06poKNUf6vskguHZg=,pxKzTK2VTP3VcWqxefCPpyUh0mU=
-90,7,Sz7DdPD+2f06poKNUf6vskguHZg=,pxKzTK2VTP3VcWqxefCPpyUh0mU=
-91,7,Sz7DdPD+2f06poKNUf6vskguHZg=,pxKzTK2VTP3VcWqxefCPpyUh0mU=
-92,7,Sz7DdPD+2f06poKNUf6vskguHZg=,pxKzTK2VTP3VcWqxefCPpyUh0mU=
-93,7,Sz7DdPD+2f06poKNUf6vskguHZg=,pxKzTK2VTP3VcWqxefCPpyUh0mU=
-87,9,Sz7DdPD+2f06poKNUf6vskguHZg=,pxKzTK2VTP3VcWqxefCPpyUh0mU=
-95,9,Sz7DdPD+2f06poKNUf6vskguHZg=,pxKzTK2VTP3VcWqxefCPpyUh0mU=
-84,8,Sz7DdPD+2f06poKNUf6vskguHZg=,pxKzTK2VTP3VcWqxefCPpyUh0mU=
-81,6,Sz7DdPD+2f06poKNUf6vskguHZg=,pxKzTK2VTP3VcWqxefCPpyUh0mU=
-82,6,Sz7DdPD+2f06poKNUf6vskguHZg=,pxKzTK2VTP3VcWqxefCPpyUh0mU=
-83,6,Sz7DdPD+2f06poKNUf6vskguHZg=,pxKzTK2VTP3VcWqxefCPpyUh0mU=
-95,8,Sz7DdPD+2f06poKNUf6vskguHZg=,pxKzTK2VTP3VcWqxefCPpyUh0mU=
-81,7,Sz7DdPD+2f06poKNUf6vskguHZg=,pxKzTK2VTP3VcWqxefCPpyUh0mU=
-86,6,Sz7DdPD+2f06poKNUf6vskguHZg=,pxKzTK2VTP3VcWqxefCPpyUh0mU=
-87,6,Sz7DdPD+2f06poKNUf6vskguHZg=,pxKzTK2VTP3VcWqxefCPpyUh0mU=
-88,6,Sz7DdPD+2f06poKNUf6vskguHZg=,pxKzTK2VTP3VcWqxefCPpyUh0mU=
-89,6,Sz7DdPD+2f06poKNUf6vskguHZg=,pxKzTK2VTP3VcWqxefCPpyUh0mU=
-88,0,Sz7DdPD+2f06poKNUf6vskguHZg=,pxKzTK2VTP3VcWqxefCPpyUh0mU=
-90,6,Sz7DdPD+2f06poKNUf6vskguHZg=,pxKzTK2VTP3VcWqxefCPpyUh0mU=
-92,2,Sz7DdPD+2f06poKNUf6vskguHZg=,pxKzTK2VTP3VcWqxefCPpyUh0mU=
-93,6,Sz7DdPD+2f06poKNUf6vskguHZg=,pxKzTK2VTP3VcWqxefCPpyUh0mU=
-92,6,Sz7DdPD+2f06poKNUf6vskguHZg=,pxKzTK2VTP3VcWqxefCPpyUh0mU=
-81,8,Sz7DdPD+2f06poKNUf6vskguHZg=,pxKzTK2VTP3VcWqxefCPpyUh0mU=
-91,6,Sz7DdPD+2f06poKNUf6vskguHZg=,pxKzTK2VTP3VcWqxefCPpyUh0mU=
-85,5,Sz7DdPD+2f06poKNUf6vskguHZg=,pxKzTK2VTP3VcWqxefCPpyUh0mU=
-84,5,Sz7DdPD+2f06poKNUf6vskguHZg=,pxKzTK2VTP3VcWqxefCPpyUh0mU=
-83,5,Sz7DdPD+2f06poKNUf6vskguHZg=,pxKzTK2VTP3VcWqxefCPpyUh0mU=
-82,5,Sz7DdPD+2f06poKNUf6vskguHZg=,pxKzTK2VTP3VcWqxefCPpyUh0mU=
-81,5,Sz7DdPD+2f06poKNUf6vskguHZg=,pxKzTK2VTP3VcWqxefCPpyUh0mU=
-96,9,Sz7DdPD+2f06poKNUf6vskguHZg=,pxKzTK2VTP3VcWqxefCPpyUh0mU=
-84,7,Sz7DdPD+2f06poKNUf6vskguHZg=,pxKzTK2VTP3VcWqxefCPpyUh0mU=
-95,7,Sz7DdPD+2f06poKNUf6vskguHZg=,pxKzTK2VTP3VcWqxefCPpyUh0mU=
-84,6,Sz7DdPD+2f06poKNUf6vskguHZg=,pxKzTK2VTP3VcWqxefCPpyUh0mU=
-86,8,Sz7DdPD+2f06poKNUf6vskguHZg=,pxKzTK2VTP3VcWqxefCPpyUh0mU=
-94,6,Sz7DdPD+2f06poKNUf6vskguHZg=,pxKzTK2VTP3VcWqxefCPpyUh0mU=
-87,7,Sz7DdPD+2f06poKNUf6vskguHZg=,pxKzTK2VTP3VcWqxefCPpyUh0mU=
-95,6,Sz7DdPD+2f06poKNUf6vskguHZg=,pxKzTK2VTP3VcWqxefCPpyUh0mU=
-85,6,Sz7DdPD+2f06poKNUf6vskguHZg=,pxKzTK2VTP3VcWqxefCPpyUh0mU=
-96,8,Sz7DdPD+2f06poKNUf6vskguHZg=,pxKzTK2VTP3VcWqxefCPpyUh0mU=
-86,7,Sz7DdPD+2f06poKNUf6vskguHZg=,pxKzTK2VTP3VcWqxefCPpyUh0mU=
-85,7,Sz7DdPD+2f06poKNUf6vskguHZg=,pxKzTK2VTP3VcWqxefCPpyUh0mU=
-96,6,Sz7DdPD+2f06poKNUf6vskguHZg=,pxKzTK2VTP3VcWqxefCPpyUh0mU=
-96,7,Sz7DdPD+2f06poKNUf6vskguHZg=,pxKzTK2VTP3VcWqxefCPpyUh0mU=
-94,7,Sz7DdPD+2f06poKNUf6vskguHZg=,pxKzTK2VTP3VcWqxefCPpyUh0mU=
-81,31,Sz7DdPD+2f06poKNUf6vskguHZg=,lccp2FTI0gdQ29ooOHWVsFN6W50=
-82,31,Sz7DdPD+2f06poKNUf6vskguHZg=,lccp2FTI0gdQ29ooOHWVsFN6W50=
-93,16,Sz7DdPD+2f06poKNUf6vskguHZg=,lccp2FTI0gdQ29ooOHWVsFN6W50=
-83,31,Sz7DdPD+2f06poKNUf6vskguHZg=,lccp2FTI0gdQ29ooOHWVsFN6W50=
-81,18,Sz7DdPD+2f06poKNUf6vskguHZg=,lccp2FTI0gdQ29ooOHWVsFN6W50=
-84,31,Sz7DdPD+2f06poKNUf6vskguHZg=,lccp2FTI0gdQ29ooOHWVsFN6W50=
-82,18,Sz7DdPD+2f06poKNUf6vskguHZg=,lccp2FTI0gdQ29ooOHWVsFN6W50=
-96,19,Sz7DdPD+2f06poKNUf6vskguHZg=,lccp2FTI0gdQ29ooOHWVsFN6W50=
-85,31,Sz7DdPD+2f06poKNUf6vskguHZg=,lccp2FTI0gdQ29ooOHWVsFN6W50=
-94,19,Sz7DdPD+2f06poKNUf6vskguHZg=,lccp2FTI0gdQ29ooOHWVsFN6W50=
-86,31,Sz7DdPD+2f06poKNUf6vskguHZg=,lccp2FTI0gdQ29ooOHWVsFN6W50=
-95,19,Sz7DdPD+2f06poKNUf6vskguHZg=,lccp2FTI0gdQ29ooOHWVsFN6W50=
-93,19,Sz7DdPD+2f06poKNUf6vskguHZg=,lccp2FTI0gdQ29ooOHWVsFN6W50=
-87,31,Sz7DdPD+2f06poKNUf6vskguHZg=,lccp2FTI0gdQ29ooOHWVsFN6W50=
-83,18,Sz7DdPD+2f06poKNUf6vskguHZg=,lccp2FTI0gdQ29ooOHWVsFN6W50=
-96,18,Sz7DdPD+2f06poKNUf6vskguHZg=,lccp2FTI0gdQ29ooOHWVsFN6W50=
-88,31,Sz7DdPD+2f06poKNUf6vskguHZg=,lccp2FTI0gdQ29ooOHWVsFN6W50=
-89,31,Sz7DdPD+2f06poKNUf6vskguHZg=,lccp2FTI0gdQ29ooOHWVsFN6W50=
-90,31,Sz7DdPD+2f06poKNUf6vskguHZg=,lccp2FTI0gdQ29ooOHWVsFN6W50=
-92,31,Sz7DdPD+2f06poKNUf6vskguHZg=,lccp2FTI0gdQ29ooOHWVsFN6W50=
-93,31,Sz7DdPD+2f06poKNUf6vskguHZg=,lccp2FTI0gdQ29ooOHWVsFN6W50=
-81,17,Sz7DdPD+2f06poKNUf6vskguHZg=,lccp2FTI0gdQ29ooOHWVsFN6W50=
-95,31,Sz7DdPD+2f06poKNUf6vskguHZg=,lccp2FTI0gdQ29ooOHWVsFN6W50=
-82,17,Sz7DdPD+2f06poKNUf6vskguHZg=,lccp2FTI0gdQ29ooOHWVsFN6W50=
-83,17,Sz7DdPD+2f06poKNUf6vskguHZg=,lccp2FTI0gdQ29ooOHWVsFN6W50=
-91,31,Sz7DdPD+2f06poKNUf6vskguHZg=,lccp2FTI0gdQ29ooOHWVsFN6W50=
-94,31,Sz7DdPD+2f06poKNUf6vskguHZg=,lccp2FTI0gdQ29ooOHWVsFN6W50=
-84,17,Sz7DdPD+2f06poKNUf6vskguHZg=,lccp2FTI0gdQ29ooOHWVsFN6W50=
-95,17,Sz7DdPD+2f06poKNUf6vskguHZg=,lccp2FTI0gdQ29ooOHWVsFN6W50=
-85,17,Sz7DdPD+2f06poKNUf6vskguHZg=,lccp2FTI0gdQ29ooOHWVsFN6W50=
-86,17,Sz7DdPD+2f06poKNUf6vskguHZg=,lccp2FTI0gdQ29ooOHWVsFN6W50=
-88,17,Sz7DdPD+2f06poKNUf6vskguHZg=,lccp2FTI0gdQ29ooOHWVsFN6W50=
-89,17,Sz7DdPD+2f06poKNUf6vskguHZg=,lccp2FTI0gdQ29ooOHWVsFN6W50=
-90,17,Sz7DdPD+2f06poKNUf6vskguHZg=,lccp2FTI0gdQ29ooOHWVsFN6W50=
-91,17,Sz7DdPD+2f06poKNUf6vskguHZg=,lccp2FTI0gdQ29ooOHWVsFN6W50=
-87,17,Sz7DdPD+2f06poKNUf6vskguHZg=,lccp2FTI0gdQ29ooOHWVsFN6W50=
-92,17,Sz7DdPD+2f06poKNUf6vskguHZg=,lccp2FTI0gdQ29ooOHWVsFN6W50=
-93,17,Sz7DdPD+2f06poKNUf6vskguHZg=,lccp2FTI0gdQ29ooOHWVsFN6W50=
-96,31,Sz7DdPD+2f06poKNUf6vskguHZg=,lccp2FTI0gdQ29ooOHWVsFN6W50=
-81,30,Sz7DdPD+2f06poKNUf6vskguHZg=,lccp2FTI0gdQ29ooOHWVsFN6W50=
-84,18,Sz7DdPD+2f06poKNUf6vskguHZg=,lccp2FTI0gdQ29ooOHWVsFN6W50=
-94,16,Sz7DdPD+2f06poKNUf6vskguHZg=,lccp2FTI0gdQ29ooOHWVsFN6W50=
-83,30,Sz7DdPD+2f06poKNUf6vskguHZg=,lccp2FTI0gdQ29ooOHWVsFN6W50=
-82,30,Sz7DdPD+2f06poKNUf6vskguHZg=,lccp2FTI0gdQ29ooOHWVsFN6W50=
-84,30,Sz7DdPD+2f06poKNUf6vskguHZg=,lccp2FTI0gdQ29ooOHWVsFN6W50=
-85,30,Sz7DdPD+2f06poKNUf6vskguHZg=,lccp2FTI0gdQ29ooOHWVsFN6W50=
-86,30,Sz7DdPD+2f06poKNUf6vskguHZg=,lccp2FTI0gdQ29ooOHWVsFN6W50=
-94,17,Sz7DdPD+2f06poKNUf6vskguHZg=,lccp2FTI0gdQ29ooOHWVsFN6W50=
-88,30,Sz7DdPD+2f06poKNUf6vskguHZg=,lccp2FTI0gdQ29ooOHWVsFN6W50=
-90,30,Sz7DdPD+2f06poKNUf6vskguHZg=,lccp2FTI0gdQ29ooOHWVsFN6W50=
-91,30,Sz7DdPD+2f06poKNUf6vskguHZg=,lccp2FTI0gdQ29ooOHWVsFN6W50=
-87,30,Sz7DdPD+2f06poKNUf6vskguHZg=,lccp2FTI0gdQ29ooOHWVsFN6W50=
-93,30,Sz7DdPD+2f06poKNUf6vskguHZg=,lccp2FTI0gdQ29ooOHWVsFN6W50=
-95,30,Sz7DdPD+2f06poKNUf6vskguHZg=,lccp2FTI0gdQ29ooOHWVsFN6W50=
-92,30,Sz7DdPD+2f06poKNUf6vskguHZg=,lccp2FTI0gdQ29ooOHWVsFN6W50=
-89,30,Sz7DdPD+2f06poKNUf6vskguHZg=,lccp2FTI0gdQ29ooOHWVsFN6W50=
-96,30,Sz7DdPD+2f06poKNUf6vskguHZg=,lccp2FTI0gdQ29ooOHWVsFN6W50=
-94,30,Sz7DdPD+2f06poKNUf6vskguHZg=,lccp2FTI0gdQ29ooOHWVsFN6W50=
-81,29,Sz7DdPD+2f06poKNUf6vskguHZg=,lccp2FTI0gdQ29ooOHWVsFN6W50=
-96,17,Sz7DdPD+2f06poKNUf6vskguHZg=,lccp2FTI0gdQ29ooOHWVsFN6W50=
-83,29,Sz7DdPD+2f06poKNUf6vskguHZg=,lccp2FTI0gdQ29ooOHWVsFN6W50=
-82,29,Sz7DdPD+2f06poKNUf6vskguHZg=,lccp2FTI0gdQ29ooOHWVsFN6W50=
-81,16,Sz7DdPD+2f06poKNUf6vskguHZg=,lccp2FTI0gdQ29ooOHWVsFN6W50=
-84,29,Sz7DdPD+2f06poKNUf6vskguHZg=,lccp2FTI0gdQ29ooOHWVsFN6W50=
-85,29,Sz7DdPD+2f06poKNUf6vskguHZg=,lccp2FTI0gdQ29ooOHWVsFN6W50=
-85,18,Sz7DdPD+2f06poKNUf6vskguHZg=,lccp2FTI0gdQ29ooOHWVsFN6W50=
-86,29,Sz7DdPD+2f06poKNUf6vskguHZg=,lccp2FTI0gdQ29ooOHWVsFN6W50=
-87,29,Sz7DdPD+2f06poKNUf6vskguHZg=,lccp2FTI0gdQ29ooOHWVsFN6W50=
-89,29,Sz7DdPD+2f06poKNUf6vskguHZg=,lccp2FTI0gdQ29ooOHWVsFN6W50=
-90,29,Sz7DdPD+2f06poKNUf6vskguHZg=,lccp2FTI0gdQ29ooOHWVsFN6W50=
-91,29,Sz7DdPD+2f06poKNUf6vskguHZg=,lccp2FTI0gdQ29ooOHWVsFN6W50=
-92,29,Sz7DdPD+2f06poKNUf6vskguHZg=,lccp2FTI0gdQ29ooOHWVsFN6W50=
-93,29,Sz7DdPD+2f06poKNUf6vskguHZg=,lccp2FTI0gdQ29ooOHWVsFN6W50=
-94,29,Sz7DdPD+2f06poKNUf6vskguHZg=,lccp2FTI0gdQ29ooOHWVsFN6W50=
-95,29,Sz7DdPD+2f06poKNUf6vskguHZg=,lccp2FTI0gdQ29ooOHWVsFN6W50=
-96,29,Sz7DdPD+2f06poKNUf6vskguHZg=,lccp2FTI0gdQ29ooOHWVsFN6W50=
-81,28,Sz7DdPD+2f06poKNUf6vskguHZg=,lccp2FTI0gdQ29ooOHWVsFN6W50=
-83,28,Sz7DdPD+2f06poKNUf6vskguHZg=,lccp2FTI0gdQ29ooOHWVsFN6W50=
-82,28,Sz7DdPD+2f06poKNUf6vskguHZg=,lccp2FTI0gdQ29ooOHWVsFN6W50=
-84,28,Sz7DdPD+2f06poKNUf6vskguHZg=,lccp2FTI0gdQ29ooOHWVsFN6W50=
-86,18,Sz7DdPD+2f06poKNUf6vskguHZg=,lccp2FTI0gdQ29ooOHWVsFN6W50=
-82,16,Sz7DdPD+2f06poKNUf6vskguHZg=,lccp2FTI0gdQ29ooOHWVsFN6W50=
-87,28,Sz7DdPD+2f06poKNUf6vskguHZg=,lccp2FTI0gdQ29ooOHWVsFN6W50=
-86,28,Sz7DdPD+2f06poKNUf6vskguHZg=,lccp2FTI0gdQ29ooOHWVsFN6W50=
-89,28,Sz7DdPD+2f06poKNUf6vskguHZg=,lccp2FTI0gdQ29ooOHWVsFN6W50=
-88,28,Sz7DdPD+2f06poKNUf6vskguHZg=,lccp2FTI0gdQ29ooOHWVsFN6W50=
-88,29,Sz7DdPD+2f06poKNUf6vskguHZg=,lccp2FTI0gdQ29ooOHWVsFN6W50=
-91,28,Sz7DdPD+2f06poKNUf6vskguHZg=,lccp2FTI0gdQ29ooOHWVsFN6W50=
-92,28,Sz7DdPD+2f06poKNUf6vskguHZg=,lccp2FTI0gdQ29ooOHWVsFN6W50=
-93,28,Sz7DdPD+2f06poKNUf6vskguHZg=,lccp2FTI0gdQ29ooOHWVsFN6W50=
-90,28,Sz7DdPD+2f06poKNUf6vskguHZg=,lccp2FTI0gdQ29ooOHWVsFN6W50=
-95,16,Sz7DdPD+2f06poKNUf6vskguHZg=,lccp2FTI0gdQ29ooOHWVsFN6W50=
-95,28,Sz7DdPD+2f06poKNUf6vskguHZg=,lccp2FTI0gdQ29ooOHWVsFN6W50=
-96,28,Sz7DdPD+2f06poKNUf6vskguHZg=,lccp2FTI0gdQ29ooOHWVsFN6W50=
-81,27,Sz7DdPD+2f06poKNUf6vskguHZg=,lccp2FTI0gdQ29ooOHWVsFN6W50=
-82,27,Sz7DdPD+2f06poKNUf6vskguHZg=,lccp2FTI0gdQ29ooOHWVsFN6W50=
-83,16,Sz7DdPD+2f06poKNUf6vskguHZg=,lccp2FTI0gdQ29ooOHWVsFN6W50=
-83,27,Sz7DdPD+2f06poKNUf6vskguHZg=,lccp2FTI0gdQ29ooOHWVsFN6W50=
-85,27,Sz7DdPD+2f06poKNUf6vskguHZg=,lccp2FTI0gdQ29ooOHWVsFN6W50=
-85,28,Sz7DdPD+2f06poKNUf6vskguHZg=,lccp2FTI0gdQ29ooOHWVsFN6W50=
-87,18,Sz7DdPD+2f06poKNUf6vskguHZg=,lccp2FTI0gdQ29ooOHWVsFN6W50=
-84,27,Sz7DdPD+2f06poKNUf6vskguHZg=,lccp2FTI0gdQ29ooOHWVsFN6W50=
-86,27,Sz7DdPD+2f06poKNUf6vskguHZg=,lccp2FTI0gdQ29ooOHWVsFN6W50=
-89,27,Sz7DdPD+2f06poKNUf6vskguHZg=,lccp2FTI0gdQ29ooOHWVsFN6W50=
-87,27,Sz7DdPD+2f06poKNUf6vskguHZg=,lccp2FTI0gdQ29ooOHWVsFN6W50=
-88,27,Sz7DdPD+2f06poKNUf6vskguHZg=,lccp2FTI0gdQ29ooOHWVsFN6W50=
-93,27,Sz7DdPD+2f06poKNUf6vskguHZg=,lccp2FTI0gdQ29ooOHWVsFN6W50=
-90,27,Sz7DdPD+2f06poKNUf6vskguHZg=,lccp2FTI0gdQ29ooOHWVsFN6W50=
-94,28,Sz7DdPD+2f06poKNUf6vskguHZg=,lccp2FTI0gdQ29ooOHWVsFN6W50=
-91,27,Sz7DdPD+2f06poKNUf6vskguHZg=,lccp2FTI0gdQ29ooOHWVsFN6W50=
-94,27,Sz7DdPD+2f06poKNUf6vskguHZg=,lccp2FTI0gdQ29ooOHWVsFN6W50=
-81,26,Sz7DdPD+2f06poKNUf6vskguHZg=,lccp2FTI0gdQ29ooOHWVsFN6W50=
-95,27,Sz7DdPD+2f06poKNUf6vskguHZg=,lccp2FTI0gdQ29ooOHWVsFN6W50=
-96,27,Sz7DdPD+2f06poKNUf6vskguHZg=,lccp2FTI0gdQ29ooOHWVsFN6W50=
-83,26,Sz7DdPD+2f06poKNUf6vskguHZg=,lccp2FTI0gdQ29ooOHWVsFN6W50=
-85,26,Sz7DdPD+2f06poKNUf6vskguHZg=,lccp2FTI0gdQ29ooOHWVsFN6W50=
-84,16,Sz7DdPD+2f06poKNUf6vskguHZg=,lccp2FTI0gdQ29ooOHWVsFN6W50=
-86,26,Sz7DdPD+2f06poKNUf6vskguHZg=,lccp2FTI0gdQ29ooOHWVsFN6W50=
-88,26,Sz7DdPD+2f06poKNUf6vskguHZg=,lccp2FTI0gdQ29ooOHWVsFN6W50=
-92,27,Sz7DdPD+2f06poKNUf6vskguHZg=,lccp2FTI0gdQ29ooOHWVsFN6W50=
-82,26,Sz7DdPD+2f06poKNUf6vskguHZg=,lccp2FTI0gdQ29ooOHWVsFN6W50=
-89,26,Sz7DdPD+2f06poKNUf6vskguHZg=,lccp2FTI0gdQ29ooOHWVsFN6W50=
-90,26,Sz7DdPD+2f06poKNUf6vskguHZg=,lccp2FTI0gdQ29ooOHWVsFN6W50=
-92,26,Sz7DdPD+2f06poKNUf6vskguHZg=,lccp2FTI0gdQ29ooOHWVsFN6W50=
-84,26,Sz7DdPD+2f06poKNUf6vskguHZg=,lccp2FTI0gdQ29ooOHWVsFN6W50=
-91,26,Sz7DdPD+2f06poKNUf6vskguHZg=,lccp2FTI0gdQ29ooOHWVsFN6W50=
-93,26,Sz7DdPD+2f06poKNUf6vskguHZg=,lccp2FTI0gdQ29ooOHWVsFN6W50=
-88,18,Sz7DdPD+2f06poKNUf6vskguHZg=,lccp2FTI0gdQ29ooOHWVsFN6W50=
-95,26,Sz7DdPD+2f06poKNUf6vskguHZg=,lccp2FTI0gdQ29ooOHWVsFN6W50=
-94,26,Sz7DdPD+2f06poKNUf6vskguHZg=,lccp2FTI0gdQ29ooOHWVsFN6W50=
-96,26,Sz7DdPD+2f06poKNUf6vskguHZg=,lccp2FTI0gdQ29ooOHWVsFN6W50=
-81,25,Sz7DdPD+2f06poKNUf6vskguHZg=,lccp2FTI0gdQ29ooOHWVsFN6W50=
-87,26,Sz7DdPD+2f06poKNUf6vskguHZg=,lccp2FTI0gdQ29ooOHWVsFN6W50=
-83,25,Sz7DdPD+2f06poKNUf6vskguHZg=,lccp2FTI0gdQ29ooOHWVsFN6W50=
-87,25,Sz7DdPD+2f06poKNUf6vskguHZg=,lccp2FTI0gdQ29ooOHWVsFN6W50=
-86,25,Sz7DdPD+2f06poKNUf6vskguHZg=,lccp2FTI0gdQ29ooOHWVsFN6W50=
-84,25,Sz7DdPD+2f06poKNUf6vskguHZg=,lccp2FTI0gdQ29ooOHWVsFN6W50=
-85,25,Sz7DdPD+2f06poKNUf6vskguHZg=,lccp2FTI0gdQ29ooOHWVsFN6W50=
-89,18,Sz7DdPD+2f06poKNUf6vskguHZg=,lccp2FTI0gdQ29ooOHWVsFN6W50=
-88,25,Sz7DdPD+2f06poKNUf6vskguHZg=,lccp2FTI0gdQ29ooOHWVsFN6W50=
-85,16,Sz7DdPD+2f06poKNUf6vskguHZg=,lccp2FTI0gdQ29ooOHWVsFN6W50=
-82,25,Sz7DdPD+2f06poKNUf6vskguHZg=,lccp2FTI0gdQ29ooOHWVsFN6W50=
-89,25,Sz7DdPD+2f06poKNUf6vskguHZg=,lccp2FTI0gdQ29ooOHWVsFN6W50=
-90,25,Sz7DdPD+2f06poKNUf6vskguHZg=,lccp2FTI0gdQ29ooOHWVsFN6W50=
-95,25,Sz7DdPD+2f06poKNUf6vskguHZg=,lccp2FTI0gdQ29ooOHWVsFN6W50=
-91,25,Sz7DdPD+2f06poKNUf6vskguHZg=,lccp2FTI0gdQ29ooOHWVsFN6W50=
-81,24,Sz7DdPD+2f06poKNUf6vskguHZg=,lccp2FTI0gdQ29ooOHWVsFN6W50=
-96,25,Sz7DdPD+2f06poKNUf6vskguHZg=,lccp2FTI0gdQ29ooOHWVsFN6W50=
-94,25,Sz7DdPD+2f06poKNUf6vskguHZg=,lccp2FTI0gdQ29ooOHWVsFN6W50=
-84,24,Sz7DdPD+2f06poKNUf6vskguHZg=,lccp2FTI0gdQ29ooOHWVsFN6W50=
-82,24,Sz7DdPD+2f06poKNUf6vskguHZg=,lccp2FTI0gdQ29ooOHWVsFN6W50=
-87,24,Sz7DdPD+2f06poKNUf6vskguHZg=,lccp2FTI0gdQ29ooOHWVsFN6W50=
-85,24,Sz7DdPD+2f06poKNUf6vskguHZg=,lccp2FTI0gdQ29ooOHWVsFN6W50=
-86,24,Sz7DdPD+2f06poKNUf6vskguHZg=,lccp2FTI0gdQ29ooOHWVsFN6W50=
-86,16,Sz7DdPD+2f06poKNUf6vskguHZg=,lccp2FTI0gdQ29ooOHWVsFN6W50=
-88,24,Sz7DdPD+2f06poKNUf6vskguHZg=,lccp2FTI0gdQ29ooOHWVsFN6W50=
-83,24,Sz7DdPD+2f06poKNUf6vskguHZg=,lccp2FTI0gdQ29ooOHWVsFN6W50=
-90,18,Sz7DdPD+2f06poKNUf6vskguHZg=,lccp2FTI0gdQ29ooOHWVsFN6W50=
-90,24,Sz7DdPD+2f06poKNUf6vskguHZg=,lccp2FTI0gdQ29ooOHWVsFN6W50=
-93,24,Sz7DdPD+2f06poKNUf6vskguHZg=,lccp2FTI0gdQ29ooOHWVsFN6W50=
-96,24,Sz7DdPD+2f06poKNUf6vskguHZg=,lccp2FTI0gdQ29ooOHWVsFN6W50=
-95,24,Sz7DdPD+2f06poKNUf6vskguHZg=,lccp2FTI0gdQ29ooOHWVsFN6W50=
-93,25,Sz7DdPD+2f06poKNUf6vskguHZg=,lccp2FTI0gdQ29ooOHWVsFN6W50=
-91,24,Sz7DdPD+2f06poKNUf6vskguHZg=,lccp2FTI0gdQ29ooOHWVsFN6W50=
-89,24,Sz7DdPD+2f06poKNUf6vskguHZg=,lccp2FTI0gdQ29ooOHWVsFN6W50=
-92,24,Sz7DdPD+2f06poKNUf6vskguHZg=,lccp2FTI0gdQ29ooOHWVsFN6W50=
-81,23,Sz7DdPD+2f06poKNUf6vskguHZg=,lccp2FTI0gdQ29ooOHWVsFN6W50=
-82,23,Sz7DdPD+2f06poKNUf6vskguHZg=,lccp2FTI0gdQ29ooOHWVsFN6W50=
-84,23,Sz7DdPD+2f06poKNUf6vskguHZg=,lccp2FTI0gdQ29ooOHWVsFN6W50=
-94,24,Sz7DdPD+2f06poKNUf6vskguHZg=,lccp2FTI0gdQ29ooOHWVsFN6W50=
-87,23,Sz7DdPD+2f06poKNUf6vskguHZg=,lccp2FTI0gdQ29ooOHWVsFN6W50=
-86,23,Sz7DdPD+2f06poKNUf6vskguHZg=,lccp2FTI0gdQ29ooOHWVsFN6W50=
-83,23,Sz7DdPD+2f06poKNUf6vskguHZg=,lccp2FTI0gdQ29ooOHWVsFN6W50=
-87,16,Sz7DdPD+2f06poKNUf6vskguHZg=,lccp2FTI0gdQ29ooOHWVsFN6W50=
-85,23,Sz7DdPD+2f06poKNUf6vskguHZg=,lccp2FTI0gdQ29ooOHWVsFN6W50=
-88,23,Sz7DdPD+2f06poKNUf6vskguHZg=,lccp2FTI0gdQ29ooOHWVsFN6W50=
-89,23,Sz7DdPD+2f06poKNUf6vskguHZg=,lccp2FTI0gdQ29ooOHWVsFN6W50=
-92,25,Sz7DdPD+2f06poKNUf6vskguHZg=,lccp2FTI0gdQ29ooOHWVsFN6W50=
-91,23,Sz7DdPD+2f06poKNUf6vskguHZg=,lccp2FTI0gdQ29ooOHWVsFN6W50=
-90,23,Sz7DdPD+2f06poKNUf6vskguHZg=,lccp2FTI0gdQ29ooOHWVsFN6W50=
-96,23,Sz7DdPD+2f06poKNUf6vskguHZg=,lccp2FTI0gdQ29ooOHWVsFN6W50=
-92,23,Sz7DdPD+2f06poKNUf6vskguHZg=,lccp2FTI0gdQ29ooOHWVsFN6W50=
-91,18,Sz7DdPD+2f06poKNUf6vskguHZg=,lccp2FTI0gdQ29ooOHWVsFN6W50=
-93,23,Sz7DdPD+2f06poKNUf6vskguHZg=,lccp2FTI0gdQ29ooOHWVsFN6W50=
-82,22,Sz7DdPD+2f06poKNUf6vskguHZg=,lccp2FTI0gdQ29ooOHWVsFN6W50=
-95,23,Sz7DdPD+2f06poKNUf6vskguHZg=,lccp2FTI0gdQ29ooOHWVsFN6W50=
-94,23,Sz7DdPD+2f06poKNUf6vskguHZg=,lccp2FTI0gdQ29ooOHWVsFN6W50=
-86,22,Sz7DdPD+2f06poKNUf6vskguHZg=,lccp2FTI0gdQ29ooOHWVsFN6W50=
-85,22,Sz7DdPD+2f06poKNUf6vskguHZg=,lccp2FTI0gdQ29ooOHWVsFN6W50=
-81,22,Sz7DdPD+2f06poKNUf6vskguHZg=,lccp2FTI0gdQ29ooOHWVsFN6W50=
-88,22,Sz7DdPD+2f06poKNUf6vskguHZg=,lccp2FTI0gdQ29ooOHWVsFN6W50=
-84,22,Sz7DdPD+2f06poKNUf6vskguHZg=,lccp2FTI0gdQ29ooOHWVsFN6W50=
-83,22,Sz7DdPD+2f06poKNUf6vskguHZg=,lccp2FTI0gdQ29ooOHWVsFN6W50=
-93,22,Sz7DdPD+2f06poKNUf6vskguHZg=,lccp2FTI0gdQ29ooOHWVsFN6W50=
-91,22,Sz7DdPD+2f06poKNUf6vskguHZg=,lccp2FTI0gdQ29ooOHWVsFN6W50=
-88,16,Sz7DdPD+2f06poKNUf6vskguHZg=,lccp2FTI0gdQ29ooOHWVsFN6W50=
-89,22,Sz7DdPD+2f06poKNUf6vskguHZg=,lccp2FTI0gdQ29ooOHWVsFN6W50=
-94,22,Sz7DdPD+2f06poKNUf6vskguHZg=,lccp2FTI0gdQ29ooOHWVsFN6W50=
-92,22,Sz7DdPD+2f06poKNUf6vskguHZg=,lccp2FTI0gdQ29ooOHWVsFN6W50=
-90,22,Sz7DdPD+2f06poKNUf6vskguHZg=,lccp2FTI0gdQ29ooOHWVsFN6W50=
-95,22,Sz7DdPD+2f06poKNUf6vskguHZg=,lccp2FTI0gdQ29ooOHWVsFN6W50=
-96,22,Sz7DdPD+2f06poKNUf6vskguHZg=,lccp2FTI0gdQ29ooOHWVsFN6W50=
-87,22,Sz7DdPD+2f06poKNUf6vskguHZg=,lccp2FTI0gdQ29ooOHWVsFN6W50=
-81,21,Sz7DdPD+2f06poKNUf6vskguHZg=,lccp2FTI0gdQ29ooOHWVsFN6W50=
-92,18,Sz7DdPD+2f06poKNUf6vskguHZg=,lccp2FTI0gdQ29ooOHWVsFN6W50=
-82,21,Sz7DdPD+2f06poKNUf6vskguHZg=,lccp2FTI0gdQ29ooOHWVsFN6W50=
-86,21,Sz7DdPD+2f06poKNUf6vskguHZg=,lccp2FTI0gdQ29ooOHWVsFN6W50=
-88,21,Sz7DdPD+2f06poKNUf6vskguHZg=,lccp2FTI0gdQ29ooOHWVsFN6W50=
-84,21,Sz7DdPD+2f06poKNUf6vskguHZg=,lccp2FTI0gdQ29ooOHWVsFN6W50=
-89,16,Sz7DdPD+2f06poKNUf6vskguHZg=,lccp2FTI0gdQ29ooOHWVsFN6W50=
-87,21,Sz7DdPD+2f06poKNUf6vskguHZg=,lccp2FTI0gdQ29ooOHWVsFN6W50=
-83,21,Sz7DdPD+2f06poKNUf6vskguHZg=,lccp2FTI0gdQ29ooOHWVsFN6W50=
-93,18,Sz7DdPD+2f06poKNUf6vskguHZg=,lccp2FTI0gdQ29ooOHWVsFN6W50=
-94,21,Sz7DdPD+2f06poKNUf6vskguHZg=,lccp2FTI0gdQ29ooOHWVsFN6W50=
-90,21,Sz7DdPD+2f06poKNUf6vskguHZg=,lccp2FTI0gdQ29ooOHWVsFN6W50=
-89,21,Sz7DdPD+2f06poKNUf6vskguHZg=,lccp2FTI0gdQ29ooOHWVsFN6W50=
-92,21,Sz7DdPD+2f06poKNUf6vskguHZg=,lccp2FTI0gdQ29ooOHWVsFN6W50=
-91,21,Sz7DdPD+2f06poKNUf6vskguHZg=,lccp2FTI0gdQ29ooOHWVsFN6W50=
-95,21,Sz7DdPD+2f06poKNUf6vskguHZg=,lccp2FTI0gdQ29ooOHWVsFN6W50=
-81,20,Sz7DdPD+2f06poKNUf6vskguHZg=,lccp2FTI0gdQ29ooOHWVsFN6W50=
-93,21,Sz7DdPD+2f06poKNUf6vskguHZg=,lccp2FTI0gdQ29ooOHWVsFN6W50=
-85,21,Sz7DdPD+2f06poKNUf6vskguHZg=,lccp2FTI0gdQ29ooOHWVsFN6W50=
-86,20,Sz7DdPD+2f06poKNUf6vskguHZg=,lccp2FTI0gdQ29ooOHWVsFN6W50=
-96,21,Sz7DdPD+2f06poKNUf6vskguHZg=,lccp2FTI0gdQ29ooOHWVsFN6W50=
-84,20,Sz7DdPD+2f06poKNUf6vskguHZg=,lccp2FTI0gdQ29ooOHWVsFN6W50=
-83,20,Sz7DdPD+2f06poKNUf6vskguHZg=,lccp2FTI0gdQ29ooOHWVsFN6W50=
-89,20,Sz7DdPD+2f06poKNUf6vskguHZg=,lccp2FTI0gdQ29ooOHWVsFN6W50=
-91,20,Sz7DdPD+2f06poKNUf6vskguHZg=,lccp2FTI0gdQ29ooOHWVsFN6W50=
-90,20,Sz7DdPD+2f06poKNUf6vskguHZg=,lccp2FTI0gdQ29ooOHWVsFN6W50=
-88,20,Sz7DdPD+2f06poKNUf6vskguHZg=,lccp2FTI0gdQ29ooOHWVsFN6W50=
-87,20,Sz7DdPD+2f06poKNUf6vskguHZg=,lccp2FTI0gdQ29ooOHWVsFN6W50=
-82,20,Sz7DdPD+2f06poKNUf6vskguHZg=,lccp2FTI0gdQ29ooOHWVsFN6W50=
-95,18,Sz7DdPD+2f06poKNUf6vskguHZg=,lccp2FTI0gdQ29ooOHWVsFN6W50=
-93,20,Sz7DdPD+2f06poKNUf6vskguHZg=,lccp2FTI0gdQ29ooOHWVsFN6W50=
-96,20,Sz7DdPD+2f06poKNUf6vskguHZg=,lccp2FTI0gdQ29ooOHWVsFN6W50=
-84,19,Sz7DdPD+2f06poKNUf6vskguHZg=,lccp2FTI0gdQ29ooOHWVsFN6W50=
-94,20,Sz7DdPD+2f06poKNUf6vskguHZg=,lccp2FTI0gdQ29ooOHWVsFN6W50=
-92,20,Sz7DdPD+2f06poKNUf6vskguHZg=,lccp2FTI0gdQ29ooOHWVsFN6W50=
-82,19,Sz7DdPD+2f06poKNUf6vskguHZg=,lccp2FTI0gdQ29ooOHWVsFN6W50=
-87,19,Sz7DdPD+2f06poKNUf6vskguHZg=,lccp2FTI0gdQ29ooOHWVsFN6W50=
-95,20,Sz7DdPD+2f06poKNUf6vskguHZg=,lccp2FTI0gdQ29ooOHWVsFN6W50=
-88,19,Sz7DdPD+2f06poKNUf6vskguHZg=,lccp2FTI0gdQ29ooOHWVsFN6W50=
-86,19,Sz7DdPD+2f06poKNUf6vskguHZg=,lccp2FTI0gdQ29ooOHWVsFN6W50=
-85,19,Sz7DdPD+2f06poKNUf6vskguHZg=,lccp2FTI0gdQ29ooOHWVsFN6W50=
-89,19,Sz7DdPD+2f06poKNUf6vskguHZg=,lccp2FTI0gdQ29ooOHWVsFN6W50=
-90,19,Sz7DdPD+2f06poKNUf6vskguHZg=,lccp2FTI0gdQ29ooOHWVsFN6W50=
-83,19,Sz7DdPD+2f06poKNUf6vskguHZg=,lccp2FTI0gdQ29ooOHWVsFN6W50=
-81,19,Sz7DdPD+2f06poKNUf6vskguHZg=,lccp2FTI0gdQ29ooOHWVsFN6W50=
-92,19,Sz7DdPD+2f06poKNUf6vskguHZg=,lccp2FTI0gdQ29ooOHWVsFN6W50=
-91,19,Sz7DdPD+2f06poKNUf6vskguHZg=,lccp2FTI0gdQ29ooOHWVsFN6W50=
-94,18,Sz7DdPD+2f06poKNUf6vskguHZg=,lccp2FTI0gdQ29ooOHWVsFN6W50=
-96,16,Sz7DdPD+2f06poKNUf6vskguHZg=,lccp2FTI0gdQ29ooOHWVsFN6W50=
-85,20,Sz7DdPD+2f06poKNUf6vskguHZg=,lccp2FTI0gdQ29ooOHWVsFN6W50=
-92,16,Sz7DdPD+2f06poKNUf6vskguHZg=,lccp2FTI0gdQ29ooOHWVsFN6W50=
-91,16,Sz7DdPD+2f06poKNUf6vskguHZg=,lccp2FTI0gdQ29ooOHWVsFN6W50=
-90,16,Sz7DdPD+2f06poKNUf6vskguHZg=,lccp2FTI0gdQ29ooOHWVsFN6W50=
-65,15,upQktZS1u8RkmjL9yunhRPbfPPA=,1zXJgBP06EDmftk0RH0z3LqAnKQ=
-66,15,upQktZS1u8RkmjL9yunhRPbfPPA=,1zXJgBP06EDmftk0RH0z3LqAnKQ=
-66,2,upQktZS1u8RkmjL9yunhRPbfPPA=,1zXJgBP06EDmftk0RH0z3LqAnKQ=
-65,2,upQktZS1u8RkmjL9yunhRPbfPPA=,1zXJgBP06EDmftk0RH0z3LqAnKQ=
-77,0,upQktZS1u8RkmjL9yunhRPbfPPA=,1zXJgBP06EDmftk0RH0z3LqAnKQ=
-80,3,upQktZS1u8RkmjL9yunhRPbfPPA=,1zXJgBP06EDmftk0RH0z3LqAnKQ=
-79,3,upQktZS1u8RkmjL9yunhRPbfPPA=,1zXJgBP06EDmftk0RH0z3LqAnKQ=
-67,15,upQktZS1u8RkmjL9yunhRPbfPPA=,1zXJgBP06EDmftk0RH0z3LqAnKQ=
-78,3,upQktZS1u8RkmjL9yunhRPbfPPA=,1zXJgBP06EDmftk0RH0z3LqAnKQ=
-67,2,upQktZS1u8RkmjL9yunhRPbfPPA=,1zXJgBP06EDmftk0RH0z3LqAnKQ=
-68,15,upQktZS1u8RkmjL9yunhRPbfPPA=,1zXJgBP06EDmftk0RH0z3LqAnKQ=
-77,3,upQktZS1u8RkmjL9yunhRPbfPPA=,1zXJgBP06EDmftk0RH0z3LqAnKQ=
-71,15,upQktZS1u8RkmjL9yunhRPbfPPA=,1zXJgBP06EDmftk0RH0z3LqAnKQ=
-80,2,upQktZS1u8RkmjL9yunhRPbfPPA=,1zXJgBP06EDmftk0RH0z3LqAnKQ=
-72,15,upQktZS1u8RkmjL9yunhRPbfPPA=,1zXJgBP06EDmftk0RH0z3LqAnKQ=
-70,15,upQktZS1u8RkmjL9yunhRPbfPPA=,1zXJgBP06EDmftk0RH0z3LqAnKQ=
-76,0,upQktZS1u8RkmjL9yunhRPbfPPA=,1zXJgBP06EDmftk0RH0z3LqAnKQ=
-73,15,upQktZS1u8RkmjL9yunhRPbfPPA=,1zXJgBP06EDmftk0RH0z3LqAnKQ=
-76,3,upQktZS1u8RkmjL9yunhRPbfPPA=,1zXJgBP06EDmftk0RH0z3LqAnKQ=
-74,15,upQktZS1u8RkmjL9yunhRPbfPPA=,1zXJgBP06EDmftk0RH0z3LqAnKQ=
-75,15,upQktZS1u8RkmjL9yunhRPbfPPA=,1zXJgBP06EDmftk0RH0z3LqAnKQ=
-75,3,upQktZS1u8RkmjL9yunhRPbfPPA=,1zXJgBP06EDmftk0RH0z3LqAnKQ=
-69,15,upQktZS1u8RkmjL9yunhRPbfPPA=,1zXJgBP06EDmftk0RH0z3LqAnKQ=
-74,3,upQktZS1u8RkmjL9yunhRPbfPPA=,1zXJgBP06EDmftk0RH0z3LqAnKQ=
-77,15,upQktZS1u8RkmjL9yunhRPbfPPA=,1zXJgBP06EDmftk0RH0z3LqAnKQ=
-80,0,upQktZS1u8RkmjL9yunhRPbfPPA=,1zXJgBP06EDmftk0RH0z3LqAnKQ=
-76,15,upQktZS1u8RkmjL9yunhRPbfPPA=,1zXJgBP06EDmftk0RH0z3LqAnKQ=
-73,3,upQktZS1u8RkmjL9yunhRPbfPPA=,1zXJgBP06EDmftk0RH0z3LqAnKQ=
-78,15,upQktZS1u8RkmjL9yunhRPbfPPA=,1zXJgBP06EDmftk0RH0z3LqAnKQ=
-65,1,upQktZS1u8RkmjL9yunhRPbfPPA=,1zXJgBP06EDmftk0RH0z3LqAnKQ=
-72,3,upQktZS1u8RkmjL9yunhRPbfPPA=,1zXJgBP06EDmftk0RH0z3LqAnKQ=
-79,15,upQktZS1u8RkmjL9yunhRPbfPPA=,1zXJgBP06EDmftk0RH0z3LqAnKQ=
-71,3,upQktZS1u8RkmjL9yunhRPbfPPA=,1zXJgBP06EDmftk0RH0z3LqAnKQ=
-70,3,upQktZS1u8RkmjL9yunhRPbfPPA=,1zXJgBP06EDmftk0RH0z3LqAnKQ=
-79,1,upQktZS1u8RkmjL9yunhRPbfPPA=,1zXJgBP06EDmftk0RH0z3LqAnKQ=
-68,1,upQktZS1u8RkmjL9yunhRPbfPPA=,1zXJgBP06EDmftk0RH0z3LqAnKQ=
-69,3,upQktZS1u8RkmjL9yunhRPbfPPA=,1zXJgBP06EDmftk0RH0z3LqAnKQ=
-69,1,upQktZS1u8RkmjL9yunhRPbfPPA=,1zXJgBP06EDmftk0RH0z3LqAnKQ=
-66,1,upQktZS1u8RkmjL9yunhRPbfPPA=,1zXJgBP06EDmftk0RH0z3LqAnKQ=
-68,3,upQktZS1u8RkmjL9yunhRPbfPPA=,1zXJgBP06EDmftk0RH0z3LqAnKQ=
-67,3,upQktZS1u8RkmjL9yunhRPbfPPA=,1zXJgBP06EDmftk0RH0z3LqAnKQ=
-71,1,upQktZS1u8RkmjL9yunhRPbfPPA=,1zXJgBP06EDmftk0RH0z3LqAnKQ=
-72,1,upQktZS1u8RkmjL9yunhRPbfPPA=,1zXJgBP06EDmftk0RH0z3LqAnKQ=
-67,1,upQktZS1u8RkmjL9yunhRPbfPPA=,1zXJgBP06EDmftk0RH0z3LqAnKQ=
-66,3,upQktZS1u8RkmjL9yunhRPbfPPA=,1zXJgBP06EDmftk0RH0z3LqAnKQ=
-73,1,upQktZS1u8RkmjL9yunhRPbfPPA=,1zXJgBP06EDmftk0RH0z3LqAnKQ=
-70,1,upQktZS1u8RkmjL9yunhRPbfPPA=,1zXJgBP06EDmftk0RH0z3LqAnKQ=
-74,1,upQktZS1u8RkmjL9yunhRPbfPPA=,1zXJgBP06EDmftk0RH0z3LqAnKQ=
-65,3,upQktZS1u8RkmjL9yunhRPbfPPA=,1zXJgBP06EDmftk0RH0z3LqAnKQ=
-75,1,upQktZS1u8RkmjL9yunhRPbfPPA=,1zXJgBP06EDmftk0RH0z3LqAnKQ=
-76,1,upQktZS1u8RkmjL9yunhRPbfPPA=,1zXJgBP06EDmftk0RH0z3LqAnKQ=
-77,1,upQktZS1u8RkmjL9yunhRPbfPPA=,1zXJgBP06EDmftk0RH0z3LqAnKQ=
-80,15,upQktZS1u8RkmjL9yunhRPbfPPA=,1zXJgBP06EDmftk0RH0z3LqAnKQ=
-80,4,upQktZS1u8RkmjL9yunhRPbfPPA=,1zXJgBP06EDmftk0RH0z3LqAnKQ=
-79,4,upQktZS1u8RkmjL9yunhRPbfPPA=,1zXJgBP06EDmftk0RH0z3LqAnKQ=
-78,0,upQktZS1u8RkmjL9yunhRPbfPPA=,1zXJgBP06EDmftk0RH0z3LqAnKQ=
-78,1,upQktZS1u8RkmjL9yunhRPbfPPA=,1zXJgBP06EDmftk0RH0z3LqAnKQ=
-79,2,upQktZS1u8RkmjL9yunhRPbfPPA=,1zXJgBP06EDmftk0RH0z3LqAnKQ=
-68,2,upQktZS1u8RkmjL9yunhRPbfPPA=,1zXJgBP06EDmftk0RH0z3LqAnKQ=
-78,4,upQktZS1u8RkmjL9yunhRPbfPPA=,1zXJgBP06EDmftk0RH0z3LqAnKQ=
-66,14,upQktZS1u8RkmjL9yunhRPbfPPA=,1zXJgBP06EDmftk0RH0z3LqAnKQ=
-67,14,upQktZS1u8RkmjL9yunhRPbfPPA=,1zXJgBP06EDmftk0RH0z3LqAnKQ=
-68,14,upQktZS1u8RkmjL9yunhRPbfPPA=,1zXJgBP06EDmftk0RH0z3LqAnKQ=
-77,4,upQktZS1u8RkmjL9yunhRPbfPPA=,1zXJgBP06EDmftk0RH0z3LqAnKQ=
-69,14,upQktZS1u8RkmjL9yunhRPbfPPA=,1zXJgBP06EDmftk0RH0z3LqAnKQ=
-70,14,upQktZS1u8RkmjL9yunhRPbfPPA=,1zXJgBP06EDmftk0RH0z3LqAnKQ=
-78,2,upQktZS1u8RkmjL9yunhRPbfPPA=,1zXJgBP06EDmftk0RH0z3LqAnKQ=
-76,4,upQktZS1u8RkmjL9yunhRPbfPPA=,1zXJgBP06EDmftk0RH0z3LqAnKQ=
-75,0,upQktZS1u8RkmjL9yunhRPbfPPA=,1zXJgBP06EDmftk0RH0z3LqAnKQ=
-75,4,upQktZS1u8RkmjL9yunhRPbfPPA=,1zXJgBP06EDmftk0RH0z3LqAnKQ=
-74,4,upQktZS1u8RkmjL9yunhRPbfPPA=,1zXJgBP06EDmftk0RH0z3LqAnKQ=
-73,4,upQktZS1u8RkmjL9yunhRPbfPPA=,1zXJgBP06EDmftk0RH0z3LqAnKQ=
-71,14,upQktZS1u8RkmjL9yunhRPbfPPA=,1zXJgBP06EDmftk0RH0z3LqAnKQ=
-71,4,upQktZS1u8RkmjL9yunhRPbfPPA=,1zXJgBP06EDmftk0RH0z3LqAnKQ=
-69,4,upQktZS1u8RkmjL9yunhRPbfPPA=,1zXJgBP06EDmftk0RH0z3LqAnKQ=
-72,4,upQktZS1u8RkmjL9yunhRPbfPPA=,1zXJgBP06EDmftk0RH0z3LqAnKQ=
-74,14,upQktZS1u8RkmjL9yunhRPbfPPA=,1zXJgBP06EDmftk0RH0z3LqAnKQ=
-68,4,upQktZS1u8RkmjL9yunhRPbfPPA=,1zXJgBP06EDmftk0RH0z3LqAnKQ=
-76,14,upQktZS1u8RkmjL9yunhRPbfPPA=,1zXJgBP06EDmftk0RH0z3LqAnKQ=
-66,4,upQktZS1u8RkmjL9yunhRPbfPPA=,1zXJgBP06EDmftk0RH0z3LqAnKQ=
-77,14,upQktZS1u8RkmjL9yunhRPbfPPA=,1zXJgBP06EDmftk0RH0z3LqAnKQ=
-70,4,upQktZS1u8RkmjL9yunhRPbfPPA=,1zXJgBP06EDmftk0RH0z3LqAnKQ=
-78,14,upQktZS1u8RkmjL9yunhRPbfPPA=,1zXJgBP06EDmftk0RH0z3LqAnKQ=
-74,0,upQktZS1u8RkmjL9yunhRPbfPPA=,1zXJgBP06EDmftk0RH0z3LqAnKQ=
-67,4,upQktZS1u8RkmjL9yunhRPbfPPA=,1zXJgBP06EDmftk0RH0z3LqAnKQ=
-79,14,upQktZS1u8RkmjL9yunhRPbfPPA=,1zXJgBP06EDmftk0RH0z3LqAnKQ=
-65,4,upQktZS1u8RkmjL9yunhRPbfPPA=,1zXJgBP06EDmftk0RH0z3LqAnKQ=
-75,14,upQktZS1u8RkmjL9yunhRPbfPPA=,1zXJgBP06EDmftk0RH0z3LqAnKQ=
-80,5,upQktZS1u8RkmjL9yunhRPbfPPA=,1zXJgBP06EDmftk0RH0z3LqAnKQ=
-79,5,upQktZS1u8RkmjL9yunhRPbfPPA=,1zXJgBP06EDmftk0RH0z3LqAnKQ=
-78,5,upQktZS1u8RkmjL9yunhRPbfPPA=,1zXJgBP06EDmftk0RH0z3LqAnKQ=
-80,14,upQktZS1u8RkmjL9yunhRPbfPPA=,1zXJgBP06EDmftk0RH0z3LqAnKQ=
-80,1,upQktZS1u8RkmjL9yunhRPbfPPA=,1zXJgBP06EDmftk0RH0z3LqAnKQ=
-76,5,upQktZS1u8RkmjL9yunhRPbfPPA=,1zXJgBP06EDmftk0RH0z3LqAnKQ=
-77,2,upQktZS1u8RkmjL9yunhRPbfPPA=,1zXJgBP06EDmftk0RH0z3LqAnKQ=
-75,5,upQktZS1u8RkmjL9yunhRPbfPPA=,1zXJgBP06EDmftk0RH0z3LqAnKQ=
-74,5,upQktZS1u8RkmjL9yunhRPbfPPA=,1zXJgBP06EDmftk0RH0z3LqAnKQ=
-73,0,upQktZS1u8RkmjL9yunhRPbfPPA=,1zXJgBP06EDmftk0RH0z3LqAnKQ=
-73,5,upQktZS1u8RkmjL9yunhRPbfPPA=,1zXJgBP06EDmftk0RH0z3LqAnKQ=
-77,5,upQktZS1u8RkmjL9yunhRPbfPPA=,1zXJgBP06EDmftk0RH0z3LqAnKQ=
-71,5,upQktZS1u8RkmjL9yunhRPbfPPA=,1zXJgBP06EDmftk0RH0z3LqAnKQ=
-72,5,upQktZS1u8RkmjL9yunhRPbfPPA=,1zXJgBP06EDmftk0RH0z3LqAnKQ=
-70,5,upQktZS1u8RkmjL9yunhRPbfPPA=,1zXJgBP06EDmftk0RH0z3LqAnKQ=
-69,5,upQktZS1u8RkmjL9yunhRPbfPPA=,1zXJgBP06EDmftk0RH0z3LqAnKQ=
-67,5,upQktZS1u8RkmjL9yunhRPbfPPA=,1zXJgBP06EDmftk0RH0z3LqAnKQ=
-66,5,upQktZS1u8RkmjL9yunhRPbfPPA=,1zXJgBP06EDmftk0RH0z3LqAnKQ=
-68,5,upQktZS1u8RkmjL9yunhRPbfPPA=,1zXJgBP06EDmftk0RH0z3LqAnKQ=
-65,0,upQktZS1u8RkmjL9yunhRPbfPPA=,1zXJgBP06EDmftk0RH0z3LqAnKQ=
-65,5,upQktZS1u8RkmjL9yunhRPbfPPA=,1zXJgBP06EDmftk0RH0z3LqAnKQ=
-69,2,upQktZS1u8RkmjL9yunhRPbfPPA=,1zXJgBP06EDmftk0RH0z3LqAnKQ=
-80,6,upQktZS1u8RkmjL9yunhRPbfPPA=,1zXJgBP06EDmftk0RH0z3LqAnKQ=
-68,13,upQktZS1u8RkmjL9yunhRPbfPPA=,1zXJgBP06EDmftk0RH0z3LqAnKQ=
-79,6,upQktZS1u8RkmjL9yunhRPbfPPA=,1zXJgBP06EDmftk0RH0z3LqAnKQ=
-69,13,upQktZS1u8RkmjL9yunhRPbfPPA=,1zXJgBP06EDmftk0RH0z3LqAnKQ=
-78,6,upQktZS1u8RkmjL9yunhRPbfPPA=,1zXJgBP06EDmftk0RH0z3LqAnKQ=
-77,6,upQktZS1u8RkmjL9yunhRPbfPPA=,1zXJgBP06EDmftk0RH0z3LqAnKQ=
-76,6,upQktZS1u8RkmjL9yunhRPbfPPA=,1zXJgBP06EDmftk0RH0z3LqAnKQ=
-75,6,upQktZS1u8RkmjL9yunhRPbfPPA=,1zXJgBP06EDmftk0RH0z3LqAnKQ=
-76,2,upQktZS1u8RkmjL9yunhRPbfPPA=,1zXJgBP06EDmftk0RH0z3LqAnKQ=
-72,0,upQktZS1u8RkmjL9yunhRPbfPPA=,1zXJgBP06EDmftk0RH0z3LqAnKQ=
-73,6,upQktZS1u8RkmjL9yunhRPbfPPA=,1zXJgBP06EDmftk0RH0z3LqAnKQ=
-72,6,upQktZS1u8RkmjL9yunhRPbfPPA=,1zXJgBP06EDmftk0RH0z3LqAnKQ=
-71,6,upQktZS1u8RkmjL9yunhRPbfPPA=,1zXJgBP06EDmftk0RH0z3LqAnKQ=
-70,6,upQktZS1u8RkmjL9yunhRPbfPPA=,1zXJgBP06EDmftk0RH0z3LqAnKQ=
-69,6,upQktZS1u8RkmjL9yunhRPbfPPA=,1zXJgBP06EDmftk0RH0z3LqAnKQ=
-66,6,upQktZS1u8RkmjL9yunhRPbfPPA=,1zXJgBP06EDmftk0RH0z3LqAnKQ=
-74,6,upQktZS1u8RkmjL9yunhRPbfPPA=,1zXJgBP06EDmftk0RH0z3LqAnKQ=
-68,6,upQktZS1u8RkmjL9yunhRPbfPPA=,1zXJgBP06EDmftk0RH0z3LqAnKQ=
-73,13,upQktZS1u8RkmjL9yunhRPbfPPA=,1zXJgBP06EDmftk0RH0z3LqAnKQ=
-74,13,upQktZS1u8RkmjL9yunhRPbfPPA=,1zXJgBP06EDmftk0RH0z3LqAnKQ=
-67,6,upQktZS1u8RkmjL9yunhRPbfPPA=,1zXJgBP06EDmftk0RH0z3LqAnKQ=
-77,13,upQktZS1u8RkmjL9yunhRPbfPPA=,1zXJgBP06EDmftk0RH0z3LqAnKQ=
-76,13,upQktZS1u8RkmjL9yunhRPbfPPA=,1zXJgBP06EDmftk0RH0z3LqAnKQ=
-78,13,upQktZS1u8RkmjL9yunhRPbfPPA=,1zXJgBP06EDmftk0RH0z3LqAnKQ=
-79,0,upQktZS1u8RkmjL9yunhRPbfPPA=,1zXJgBP06EDmftk0RH0z3LqAnKQ=
-80,13,upQktZS1u8RkmjL9yunhRPbfPPA=,1zXJgBP06EDmftk0RH0z3LqAnKQ=
-65,14,upQktZS1u8RkmjL9yunhRPbfPPA=,1zXJgBP06EDmftk0RH0z3LqAnKQ=
-66,0,upQktZS1u8RkmjL9yunhRPbfPPA=,1zXJgBP06EDmftk0RH0z3LqAnKQ=
-65,6,upQktZS1u8RkmjL9yunhRPbfPPA=,1zXJgBP06EDmftk0RH0z3LqAnKQ=
-73,14,upQktZS1u8RkmjL9yunhRPbfPPA=,1zXJgBP06EDmftk0RH0z3LqAnKQ=
-70,2,upQktZS1u8RkmjL9yunhRPbfPPA=,1zXJgBP06EDmftk0RH0z3LqAnKQ=
-79,13,upQktZS1u8RkmjL9yunhRPbfPPA=,1zXJgBP06EDmftk0RH0z3LqAnKQ=
-75,13,upQktZS1u8RkmjL9yunhRPbfPPA=,1zXJgBP06EDmftk0RH0z3LqAnKQ=
-70,13,upQktZS1u8RkmjL9yunhRPbfPPA=,1zXJgBP06EDmftk0RH0z3LqAnKQ=
-66,13,upQktZS1u8RkmjL9yunhRPbfPPA=,1zXJgBP06EDmftk0RH0z3LqAnKQ=
-74,12,upQktZS1u8RkmjL9yunhRPbfPPA=,1zXJgBP06EDmftk0RH0z3LqAnKQ=
-75,12,upQktZS1u8RkmjL9yunhRPbfPPA=,1zXJgBP06EDmftk0RH0z3LqAnKQ=
-72,14,upQktZS1u8RkmjL9yunhRPbfPPA=,1zXJgBP06EDmftk0RH0z3LqAnKQ=
-76,12,upQktZS1u8RkmjL9yunhRPbfPPA=,1zXJgBP06EDmftk0RH0z3LqAnKQ=
-78,12,upQktZS1u8RkmjL9yunhRPbfPPA=,1zXJgBP06EDmftk0RH0z3LqAnKQ=
-77,12,upQktZS1u8RkmjL9yunhRPbfPPA=,1zXJgBP06EDmftk0RH0z3LqAnKQ=
-79,12,upQktZS1u8RkmjL9yunhRPbfPPA=,1zXJgBP06EDmftk0RH0z3LqAnKQ=
-80,12,upQktZS1u8RkmjL9yunhRPbfPPA=,1zXJgBP06EDmftk0RH0z3LqAnKQ=
-67,13,upQktZS1u8RkmjL9yunhRPbfPPA=,1zXJgBP06EDmftk0RH0z3LqAnKQ=
-68,12,upQktZS1u8RkmjL9yunhRPbfPPA=,1zXJgBP06EDmftk0RH0z3LqAnKQ=
-72,13,upQktZS1u8RkmjL9yunhRPbfPPA=,1zXJgBP06EDmftk0RH0z3LqAnKQ=
-65,11,upQktZS1u8RkmjL9yunhRPbfPPA=,1zXJgBP06EDmftk0RH0z3LqAnKQ=
-67,0,upQktZS1u8RkmjL9yunhRPbfPPA=,1zXJgBP06EDmftk0RH0z3LqAnKQ=
-66,11,upQktZS1u8RkmjL9yunhRPbfPPA=,1zXJgBP06EDmftk0RH0z3LqAnKQ=
-71,2,upQktZS1u8RkmjL9yunhRPbfPPA=,1zXJgBP06EDmftk0RH0z3LqAnKQ=
-65,13,upQktZS1u8RkmjL9yunhRPbfPPA=,1zXJgBP06EDmftk0RH0z3LqAnKQ=
-67,11,upQktZS1u8RkmjL9yunhRPbfPPA=,1zXJgBP06EDmftk0RH0z3LqAnKQ=
-70,12,upQktZS1u8RkmjL9yunhRPbfPPA=,1zXJgBP06EDmftk0RH0z3LqAnKQ=
-80,7,upQktZS1u8RkmjL9yunhRPbfPPA=,1zXJgBP06EDmftk0RH0z3LqAnKQ=
-65,12,upQktZS1u8RkmjL9yunhRPbfPPA=,1zXJgBP06EDmftk0RH0z3LqAnKQ=
-79,7,upQktZS1u8RkmjL9yunhRPbfPPA=,1zXJgBP06EDmftk0RH0z3LqAnKQ=
-78,7,upQktZS1u8RkmjL9yunhRPbfPPA=,1zXJgBP06EDmftk0RH0z3LqAnKQ=
-77,7,upQktZS1u8RkmjL9yunhRPbfPPA=,1zXJgBP06EDmftk0RH0z3LqAnKQ=
-76,7,upQktZS1u8RkmjL9yunhRPbfPPA=,1zXJgBP06EDmftk0RH0z3LqAnKQ=
-75,7,upQktZS1u8RkmjL9yunhRPbfPPA=,1zXJgBP06EDmftk0RH0z3LqAnKQ=
-74,7,upQktZS1u8RkmjL9yunhRPbfPPA=,1zXJgBP06EDmftk0RH0z3LqAnKQ=
-75,2,upQktZS1u8RkmjL9yunhRPbfPPA=,1zXJgBP06EDmftk0RH0z3LqAnKQ=
-71,13,upQktZS1u8RkmjL9yunhRPbfPPA=,1zXJgBP06EDmftk0RH0z3LqAnKQ=
-73,7,upQktZS1u8RkmjL9yunhRPbfPPA=,1zXJgBP06EDmftk0RH0z3LqAnKQ=
-71,0,upQktZS1u8RkmjL9yunhRPbfPPA=,1zXJgBP06EDmftk0RH0z3LqAnKQ=
-72,7,upQktZS1u8RkmjL9yunhRPbfPPA=,1zXJgBP06EDmftk0RH0z3LqAnKQ=
-75,11,upQktZS1u8RkmjL9yunhRPbfPPA=,1zXJgBP06EDmftk0RH0z3LqAnKQ=
-76,11,upQktZS1u8RkmjL9yunhRPbfPPA=,1zXJgBP06EDmftk0RH0z3LqAnKQ=
-71,7,upQktZS1u8RkmjL9yunhRPbfPPA=,1zXJgBP06EDmftk0RH0z3LqAnKQ=
-70,7,upQktZS1u8RkmjL9yunhRPbfPPA=,1zXJgBP06EDmftk0RH0z3LqAnKQ=
-77,11,upQktZS1u8RkmjL9yunhRPbfPPA=,1zXJgBP06EDmftk0RH0z3LqAnKQ=
-69,7,upQktZS1u8RkmjL9yunhRPbfPPA=,1zXJgBP06EDmftk0RH0z3LqAnKQ=
-73,12,upQktZS1u8RkmjL9yunhRPbfPPA=,1zXJgBP06EDmftk0RH0z3LqAnKQ=
-68,7,upQktZS1u8RkmjL9yunhRPbfPPA=,1zXJgBP06EDmftk0RH0z3LqAnKQ=
-67,7,upQktZS1u8RkmjL9yunhRPbfPPA=,1zXJgBP06EDmftk0RH0z3LqAnKQ=
-79,11,upQktZS1u8RkmjL9yunhRPbfPPA=,1zXJgBP06EDmftk0RH0z3LqAnKQ=
-80,11,upQktZS1u8RkmjL9yunhRPbfPPA=,1zXJgBP06EDmftk0RH0z3LqAnKQ=
-66,7,upQktZS1u8RkmjL9yunhRPbfPPA=,1zXJgBP06EDmftk0RH0z3LqAnKQ=
-65,7,upQktZS1u8RkmjL9yunhRPbfPPA=,1zXJgBP06EDmftk0RH0z3LqAnKQ=
-71,12,upQktZS1u8RkmjL9yunhRPbfPPA=,1zXJgBP06EDmftk0RH0z3LqAnKQ=
-69,12,upQktZS1u8RkmjL9yunhRPbfPPA=,1zXJgBP06EDmftk0RH0z3LqAnKQ=
-65,10,upQktZS1u8RkmjL9yunhRPbfPPA=,1zXJgBP06EDmftk0RH0z3LqAnKQ=
-68,0,upQktZS1u8RkmjL9yunhRPbfPPA=,1zXJgBP06EDmftk0RH0z3LqAnKQ=
-72,12,upQktZS1u8RkmjL9yunhRPbfPPA=,1zXJgBP06EDmftk0RH0z3LqAnKQ=
-78,11,upQktZS1u8RkmjL9yunhRPbfPPA=,1zXJgBP06EDmftk0RH0z3LqAnKQ=
-72,2,upQktZS1u8RkmjL9yunhRPbfPPA=,1zXJgBP06EDmftk0RH0z3LqAnKQ=
-69,11,upQktZS1u8RkmjL9yunhRPbfPPA=,1zXJgBP06EDmftk0RH0z3LqAnKQ=
-66,10,upQktZS1u8RkmjL9yunhRPbfPPA=,1zXJgBP06EDmftk0RH0z3LqAnKQ=
-74,11,upQktZS1u8RkmjL9yunhRPbfPPA=,1zXJgBP06EDmftk0RH0z3LqAnKQ=
-66,12,upQktZS1u8RkmjL9yunhRPbfPPA=,1zXJgBP06EDmftk0RH0z3LqAnKQ=
-73,11,upQktZS1u8RkmjL9yunhRPbfPPA=,1zXJgBP06EDmftk0RH0z3LqAnKQ=
-67,12,upQktZS1u8RkmjL9yunhRPbfPPA=,1zXJgBP06EDmftk0RH0z3LqAnKQ=
-67,10,upQktZS1u8RkmjL9yunhRPbfPPA=,1zXJgBP06EDmftk0RH0z3LqAnKQ=
-70,11,upQktZS1u8RkmjL9yunhRPbfPPA=,1zXJgBP06EDmftk0RH0z3LqAnKQ=
-68,11,upQktZS1u8RkmjL9yunhRPbfPPA=,1zXJgBP06EDmftk0RH0z3LqAnKQ=
-77,10,upQktZS1u8RkmjL9yunhRPbfPPA=,1zXJgBP06EDmftk0RH0z3LqAnKQ=
-80,10,upQktZS1u8RkmjL9yunhRPbfPPA=,1zXJgBP06EDmftk0RH0z3LqAnKQ=
-74,10,upQktZS1u8RkmjL9yunhRPbfPPA=,1zXJgBP06EDmftk0RH0z3LqAnKQ=
-75,10,upQktZS1u8RkmjL9yunhRPbfPPA=,1zXJgBP06EDmftk0RH0z3LqAnKQ=
-73,10,upQktZS1u8RkmjL9yunhRPbfPPA=,1zXJgBP06EDmftk0RH0z3LqAnKQ=
-72,11,upQktZS1u8RkmjL9yunhRPbfPPA=,1zXJgBP06EDmftk0RH0z3LqAnKQ=
-69,10,upQktZS1u8RkmjL9yunhRPbfPPA=,1zXJgBP06EDmftk0RH0z3LqAnKQ=
-70,9,upQktZS1u8RkmjL9yunhRPbfPPA=,1zXJgBP06EDmftk0RH0z3LqAnKQ=
-79,10,upQktZS1u8RkmjL9yunhRPbfPPA=,1zXJgBP06EDmftk0RH0z3LqAnKQ=
-69,0,upQktZS1u8RkmjL9yunhRPbfPPA=,1zXJgBP06EDmftk0RH0z3LqAnKQ=
-65,9,upQktZS1u8RkmjL9yunhRPbfPPA=,1zXJgBP06EDmftk0RH0z3LqAnKQ=
-73,2,upQktZS1u8RkmjL9yunhRPbfPPA=,1zXJgBP06EDmftk0RH0z3LqAnKQ=
-71,11,upQktZS1u8RkmjL9yunhRPbfPPA=,1zXJgBP06EDmftk0RH0z3LqAnKQ=
-66,9,upQktZS1u8RkmjL9yunhRPbfPPA=,1zXJgBP06EDmftk0RH0z3LqAnKQ=
-71,9,upQktZS1u8RkmjL9yunhRPbfPPA=,1zXJgBP06EDmftk0RH0z3LqAnKQ=
-69,9,upQktZS1u8RkmjL9yunhRPbfPPA=,1zXJgBP06EDmftk0RH0z3LqAnKQ=
-74,9,upQktZS1u8RkmjL9yunhRPbfPPA=,1zXJgBP06EDmftk0RH0z3LqAnKQ=
-67,9,upQktZS1u8RkmjL9yunhRPbfPPA=,1zXJgBP06EDmftk0RH0z3LqAnKQ=
-68,10,upQktZS1u8RkmjL9yunhRPbfPPA=,1zXJgBP06EDmftk0RH0z3LqAnKQ=
-65,8,upQktZS1u8RkmjL9yunhRPbfPPA=,1zXJgBP06EDmftk0RH0z3LqAnKQ=
-66,8,upQktZS1u8RkmjL9yunhRPbfPPA=,1zXJgBP06EDmftk0RH0z3LqAnKQ=
-67,8,upQktZS1u8RkmjL9yunhRPbfPPA=,1zXJgBP06EDmftk0RH0z3LqAnKQ=
-68,8,upQktZS1u8RkmjL9yunhRPbfPPA=,1zXJgBP06EDmftk0RH0z3LqAnKQ=
-69,8,upQktZS1u8RkmjL9yunhRPbfPPA=,1zXJgBP06EDmftk0RH0z3LqAnKQ=
-70,8,upQktZS1u8RkmjL9yunhRPbfPPA=,1zXJgBP06EDmftk0RH0z3LqAnKQ=
-70,10,upQktZS1u8RkmjL9yunhRPbfPPA=,1zXJgBP06EDmftk0RH0z3LqAnKQ=
-73,9,upQktZS1u8RkmjL9yunhRPbfPPA=,1zXJgBP06EDmftk0RH0z3LqAnKQ=
-70,0,upQktZS1u8RkmjL9yunhRPbfPPA=,1zXJgBP06EDmftk0RH0z3LqAnKQ=
-78,10,upQktZS1u8RkmjL9yunhRPbfPPA=,1zXJgBP06EDmftk0RH0z3LqAnKQ=
-74,2,upQktZS1u8RkmjL9yunhRPbfPPA=,1zXJgBP06EDmftk0RH0z3LqAnKQ=
-72,10,upQktZS1u8RkmjL9yunhRPbfPPA=,1zXJgBP06EDmftk0RH0z3LqAnKQ=
-80,8,upQktZS1u8RkmjL9yunhRPbfPPA=,1zXJgBP06EDmftk0RH0z3LqAnKQ=
-75,9,upQktZS1u8RkmjL9yunhRPbfPPA=,1zXJgBP06EDmftk0RH0z3LqAnKQ=
-75,8,upQktZS1u8RkmjL9yunhRPbfPPA=,1zXJgBP06EDmftk0RH0z3LqAnKQ=
-71,10,upQktZS1u8RkmjL9yunhRPbfPPA=,1zXJgBP06EDmftk0RH0z3LqAnKQ=
-68,9,upQktZS1u8RkmjL9yunhRPbfPPA=,1zXJgBP06EDmftk0RH0z3LqAnKQ=
-76,10,upQktZS1u8RkmjL9yunhRPbfPPA=,1zXJgBP06EDmftk0RH0z3LqAnKQ=
-76,8,upQktZS1u8RkmjL9yunhRPbfPPA=,1zXJgBP06EDmftk0RH0z3LqAnKQ=
-74,8,upQktZS1u8RkmjL9yunhRPbfPPA=,1zXJgBP06EDmftk0RH0z3LqAnKQ=
-72,9,upQktZS1u8RkmjL9yunhRPbfPPA=,1zXJgBP06EDmftk0RH0z3LqAnKQ=
-73,8,upQktZS1u8RkmjL9yunhRPbfPPA=,1zXJgBP06EDmftk0RH0z3LqAnKQ=
-79,8,upQktZS1u8RkmjL9yunhRPbfPPA=,1zXJgBP06EDmftk0RH0z3LqAnKQ=
-79,9,upQktZS1u8RkmjL9yunhRPbfPPA=,1zXJgBP06EDmftk0RH0z3LqAnKQ=
-72,8,upQktZS1u8RkmjL9yunhRPbfPPA=,1zXJgBP06EDmftk0RH0z3LqAnKQ=
-77,9,upQktZS1u8RkmjL9yunhRPbfPPA=,1zXJgBP06EDmftk0RH0z3LqAnKQ=
-78,8,upQktZS1u8RkmjL9yunhRPbfPPA=,1zXJgBP06EDmftk0RH0z3LqAnKQ=
-80,9,upQktZS1u8RkmjL9yunhRPbfPPA=,1zXJgBP06EDmftk0RH0z3LqAnKQ=
-77,8,upQktZS1u8RkmjL9yunhRPbfPPA=,1zXJgBP06EDmftk0RH0z3LqAnKQ=
-76,9,upQktZS1u8RkmjL9yunhRPbfPPA=,1zXJgBP06EDmftk0RH0z3LqAnKQ=
-71,8,upQktZS1u8RkmjL9yunhRPbfPPA=,1zXJgBP06EDmftk0RH0z3LqAnKQ=
-78,9,upQktZS1u8RkmjL9yunhRPbfPPA=,1zXJgBP06EDmftk0RH0z3LqAnKQ=
