46,2,588BbbhIz6frwfuARLJhTeTJ0fk=,QxfRC0ZhwwDFMGRkg7QsThAFhrk=
45,2,588BbbhIz6frwfuARLJhTeTJ0fk=,QxfRC0ZhwwDFMGRkg7QsThAFhrk=
44,15,588BbbhIz6frwfuARLJhTeTJ0fk=,QxfRC0ZhwwDFMGRkg7QsThAFhrk=
42,15,588BbbhIz6frwfuARLJhTeTJ0fk=,QxfRC0ZhwwDFMGRkg7QsThAFhrk=
45,15,588BbbhIz6frwfuARLJhTeTJ0fk=,QxfRC0ZhwwDFMGRkg7QsThAFhrk=
46,15,588BbbhIz6frwfuARLJhTeTJ0fk=,QxfRC0ZhwwDFMGRkg7QsThAFhrk=
43,15,588BbbhIz6frwfuARLJhTeTJ0fk=,QxfRC0ZhwwDFMGRkg7QsThAFhrk=
47,15,588BbbhIz6frwfuARLJhTeTJ0fk=,QxfRC0ZhwwDFMGRkg7QsThAFhrk=
38,15,588BbbhIz6frwfuARLJhTeTJ0fk=,QxfRC0ZhwwDFMGRkg7QsThAFhrk=
33,1,588BbbhIz6frwfuARLJhTeTJ0fk=,QxfRC0ZhwwDFMGRkg7QsThAFhrk=
40,15,588BbbhIz6frwfuARLJhTeTJ0fk=,QxfRC0ZhwwDFMGRkg7QsThAFhrk=
46,1,588BbbhIz6frwfuARLJhTeTJ0fk=,QxfRC0ZhwwDFMGRkg7QsThAFhrk=
40,1,588BbbhIz6frwfuARLJhTeTJ0fk=,QxfRC0ZhwwDFMGRkg7QsThAFhrk=
39,1,588BbbhIz6frwfuARLJhTeTJ0fk=,QxfRC0ZhwwDFMGRkg7QsThAFhrk=
38,1,588BbbhIz6frwfuARLJhTeTJ0fk=,QxfRC0ZhwwDFMGRkg7QsThAFhrk=
35,1,588BbbhIz6frwfuARLJhTeTJ0fk=,QxfRC0ZhwwDFMGRkg7QsThAFhrk=
37,15,588BbbhIz6frwfuARLJhTeTJ0fk=,QxfRC0ZhwwDFMGRkg7QsThAFhrk=
45,1,588BbbhIz6frwfuARLJhTeTJ0fk=,QxfRC0ZhwwDFMGRkg7QsThAFhrk=
41,15,588BbbhIz6frwfuARLJhTeTJ0fk=,QxfRC0ZhwwDFMGRkg7QsThAFhrk=
39,15,588BbbhIz6frwfuARLJhTeTJ0fk=,QxfRC0ZhwwDFMGRkg7QsThAFhrk=
37,1,588BbbhIz6frwfuARLJhTeTJ0fk=,QxfRC0ZhwwDFMGRkg7QsThAFhrk=
44,1,588BbbhIz6frwfuARLJhTeTJ0fk=,QxfRC0ZhwwDFMGRkg7QsThAFhrk=
36,15,588BbbhIz6frwfuARLJhTeTJ0fk=,QxfRC0ZhwwDFMGRkg7QsThAFhrk=
33,15,588BbbhIz6frwfuARLJhTeTJ0fk=,QxfRC0ZhwwDFMGRkg7QsThAFhrk=
47,14,588BbbhIz6frwfuARLJhTeTJ0fk=,QxfRC0ZhwwDFMGRkg7QsThAFhrk=
35,15,588BbbhIz6frwfuARLJhTeTJ0fk=,QxfRC0ZhwwDFMGRkg7QsThAFhrk=
42,1,588BbbhIz6frwfuARLJhTeTJ0fk=,QxfRC0ZhwwDFMGRkg7QsThAFhrk=
41,1,588BbbhIz6frwfuARLJhTeTJ0fk=,QxfRC0ZhwwDFMGRkg7QsThAFhrk=
44,2,588BbbhIz6frwfuARLJhTeTJ0fk=,QxfRC0ZhwwDFMGRkg7QsThAFhrk=
32,15,588BbbhIz6frwfuARLJhTeTJ0fk=,QxfRC0ZhwwDFMGRkg7QsThAFhrk=
35,0,588BbbhIz6frwfuARLJhTeTJ0fk=,QxfRC0ZhwwDFMGRkg7QsThAFhrk=
36,1,588BbbhIz6frwfuARLJhTeTJ0fk=,QxfRC0ZhwwDFMGRkg7QsThAFhrk=
40,14,588BbbhIz6frwfuARLJhTeTJ0fk=,QxfRC0ZhwwDFMGRkg7QsThAFhrk=
44,14,588BbbhIz6frwfuARLJhTeTJ0fk=,QxfRC0ZhwwDFMGRkg7QsThAFhrk=
45,14,588BbbhIz6frwfuARLJhTeTJ0fk=,QxfRC0ZhwwDFMGRkg7QsThAFhrk=
46,14,588BbbhIz6frwfuARLJhTeTJ0fk=,QxfRC0ZhwwDFMGRkg7QsThAFhrk=
43,14,588BbbhIz6frwfuARLJhTeTJ0fk=,QxfRC0ZhwwDFMGRkg7QsThAFhrk=
34,15,588BbbhIz6frwfuARLJhTeTJ0fk=,QxfRC0ZhwwDFMGRkg7QsThAFhrk=
32,1,588BbbhIz6frwfuARLJhTeTJ0fk=,QxfRC0ZhwwDFMGRkg7QsThAFhrk=
43,1,588BbbhIz6frwfuARLJhTeTJ0fk=,QxfRC0ZhwwDFMGRkg7QsThAFhrk=
36,14,588BbbhIz6frwfuARLJhTeTJ0fk=,QxfRC0ZhwwDFMGRkg7QsThAFhrk=
43,2,588BbbhIz6frwfuARLJhTeTJ0fk=,QxfRC0ZhwwDFMGRkg7QsThAFhrk=
37,14,588BbbhIz6frwfuARLJhTeTJ0fk=,QxfRC0ZhwwDFMGRkg7QsThAFhrk=
34,1,588BbbhIz6frwfuARLJhTeTJ0fk=,QxfRC0ZhwwDFMGRkg7QsThAFhrk=
47,13,588BbbhIz6frwfuARLJhTeTJ0fk=,QxfRC0ZhwwDFMGRkg7QsThAFhrk=
41,14,588BbbhIz6frwfuARLJhTeTJ0fk=,QxfRC0ZhwwDFMGRkg7QsThAFhrk=
45,13,588BbbhIz6frwfuARLJhTeTJ0fk=,QxfRC0ZhwwDFMGRkg7QsThAFhrk=
38,14,588BbbhIz6frwfuARLJhTeTJ0fk=,QxfRC0ZhwwDFMGRkg7QsThAFhrk=
47,1,588BbbhIz6frwfuARLJhTeTJ0fk=,QxfRC0ZhwwDFMGRkg7QsThAFhrk=
34,14,588BbbhIz6frwfuARLJhTeTJ0fk=,QxfRC0ZhwwDFMGRkg7QsThAFhrk=
32,14,588BbbhIz6frwfuARLJhTeTJ0fk=,QxfRC0ZhwwDFMGRkg7QsThAFhrk=
42,14,588BbbhIz6frwfuARLJhTeTJ0fk=,QxfRC0ZhwwDFMGRkg7QsThAFhrk=
36,13,588BbbhIz6frwfuARLJhTeTJ0fk=,QxfRC0ZhwwDFMGRkg7QsThAFhrk=
39,14,588BbbhIz6frwfuARLJhTeTJ0fk=,QxfRC0ZhwwDFMGRkg7QsThAFhrk=
33,14,588BbbhIz6frwfuARLJhTeTJ0fk=,QxfRC0ZhwwDFMGRkg7QsThAFhrk=
39,13,588BbbhIz6frwfuARLJhTeTJ0fk=,QxfRC0ZhwwDFMGRkg7QsThAFhrk=
41,13,588BbbhIz6frwfuARLJhTeTJ0fk=,QxfRC0ZhwwDFMGRkg7QsThAFhrk=
46,13,588BbbhIz6frwfuARLJhTeTJ0fk=,QxfRC0ZhwwDFMGRkg7QsThAFhrk=
42,13,588BbbhIz6frwfuARLJhTeTJ0fk=,QxfRC0ZhwwDFMGRkg7QsThAFhrk=
35,14,588BbbhIz6frwfuARLJhTeTJ0fk=,QxfRC0ZhwwDFMGRkg7QsThAFhrk=
43,13,588BbbhIz6frwfuARLJhTeTJ0fk=,QxfRC0ZhwwDFMGRkg7QsThAFhrk=
47,12,588BbbhIz6frwfuARLJhTeTJ0fk=,QxfRC0ZhwwDFMGRkg7QsThAFhrk=
35,13,588BbbhIz6frwfuARLJhTeTJ0fk=,QxfRC0ZhwwDFMGRkg7QsThAFhrk=
40,13,588BbbhIz6frwfuARLJhTeTJ0fk=,QxfRC0ZhwwDFMGRkg7QsThAFhrk=
34,13,588BbbhIz6frwfuARLJhTeTJ0fk=,QxfRC0ZhwwDFMGRkg7QsThAFhrk=
34,0,588BbbhIz6frwfuARLJhTeTJ0fk=,QxfRC0ZhwwDFMGRkg7QsThAFhrk=
32,13,588BbbhIz6frwfuARLJhTeTJ0fk=,QxfRC0ZhwwDFMGRkg7QsThAFhrk=
44,13,588BbbhIz6frwfuARLJhTeTJ0fk=,QxfRC0ZhwwDFMGRkg7QsThAFhrk=
37,13,588BbbhIz6frwfuARLJhTeTJ0fk=,QxfRC0ZhwwDFMGRkg7QsThAFhrk=
33,13,588BbbhIz6frwfuARLJhTeTJ0fk=,QxfRC0ZhwwDFMGRkg7QsThAFhrk=
43,12,588BbbhIz6frwfuARLJhTeTJ0fk=,QxfRC0ZhwwDFMGRkg7QsThAFhrk=
46,12,588BbbhIz6frwfuARLJhTeTJ0fk=,QxfRC0ZhwwDFMGRkg7QsThAFhrk=
33,0,588BbbhIz6frwfuARLJhTeTJ0fk=,QxfRC0ZhwwDFMGRkg7QsThAFhrk=
34,12,588BbbhIz6frwfuARLJhTeTJ0fk=,QxfRC0ZhwwDFMGRkg7QsThAFhrk=
38,13,588BbbhIz6frwfuARLJhTeTJ0fk=,QxfRC0ZhwwDFMGRkg7QsThAFhrk=
42,2,588BbbhIz6frwfuARLJhTeTJ0fk=,QxfRC0ZhwwDFMGRkg7QsThAFhrk=
35,12,588BbbhIz6frwfuARLJhTeTJ0fk=,QxfRC0ZhwwDFMGRkg7QsThAFhrk=
40,12,588BbbhIz6frwfuARLJhTeTJ0fk=,QxfRC0ZhwwDFMGRkg7QsThAFhrk=
38,12,588BbbhIz6frwfuARLJhTeTJ0fk=,QxfRC0ZhwwDFMGRkg7QsThAFhrk=
44,12,588BbbhIz6frwfuARLJhTeTJ0fk=,QxfRC0ZhwwDFMGRkg7QsThAFhrk=
36,12,588BbbhIz6frwfuARLJhTeTJ0fk=,QxfRC0ZhwwDFMGRkg7QsThAFhrk=
41,12,588BbbhIz6frwfuARLJhTeTJ0fk=,QxfRC0ZhwwDFMGRkg7QsThAFhrk=
41,2,588BbbhIz6frwfuARLJhTeTJ0fk=,QxfRC0ZhwwDFMGRkg7QsThAFhrk=
42,12,588BbbhIz6frwfuARLJhTeTJ0fk=,QxfRC0ZhwwDFMGRkg7QsThAFhrk=
33,12,588BbbhIz6frwfuARLJhTeTJ0fk=,QxfRC0ZhwwDFMGRkg7QsThAFhrk=
39,12,588BbbhIz6frwfuARLJhTeTJ0fk=,QxfRC0ZhwwDFMGRkg7QsThAFhrk=
47,0,588BbbhIz6frwfuARLJhTeTJ0fk=,QxfRC0ZhwwDFMGRkg7QsThAFhrk=
45,12,588BbbhIz6frwfuARLJhTeTJ0fk=,QxfRC0ZhwwDFMGRkg7QsThAFhrk=
40,11,588BbbhIz6frwfuARLJhTeTJ0fk=,QxfRC0ZhwwDFMGRkg7QsThAFhrk=
37,12,588BbbhIz6frwfuARLJhTeTJ0fk=,QxfRC0ZhwwDFMGRkg7QsThAFhrk=
43,11,588BbbhIz6frwfuARLJhTeTJ0fk=,QxfRC0ZhwwDFMGRkg7QsThAFhrk=
32,12,588BbbhIz6frwfuARLJhTeTJ0fk=,QxfRC0ZhwwDFMGRkg7QsThAFhrk=
46,0,588BbbhIz6frwfuARLJhTeTJ0fk=,QxfRC0ZhwwDFMGRkg7QsThAFhrk=
39,11,588BbbhIz6frwfuARLJhTeTJ0fk=,QxfRC0ZhwwDFMGRkg7QsThAFhrk=
35,11,588BbbhIz6frwfuARLJhTeTJ0fk=,QxfRC0ZhwwDFMGRkg7QsThAFhrk=
41,11,588BbbhIz6frwfuARLJhTeTJ0fk=,QxfRC0ZhwwDFMGRkg7QsThAFhrk=
47,11,588BbbhIz6frwfuARLJhTeTJ0fk=,QxfRC0ZhwwDFMGRkg7QsThAFhrk=
38,11,588BbbhIz6frwfuARLJhTeTJ0fk=,QxfRC0ZhwwDFMGRkg7QsThAFhrk=
44,11,588BbbhIz6frwfuARLJhTeTJ0fk=,QxfRC0ZhwwDFMGRkg7QsThAFhrk=
34,11,588BbbhIz6frwfuARLJhTeTJ0fk=,QxfRC0ZhwwDFMGRkg7QsThAFhrk=
45,0,588BbbhIz6frwfuARLJhTeTJ0fk=,QxfRC0ZhwwDFMGRkg7QsThAFhrk=
37,11,588BbbhIz6frwfuARLJhTeTJ0fk=,QxfRC0ZhwwDFMGRkg7QsThAFhrk=
42,11,588BbbhIz6frwfuARLJhTeTJ0fk=,QxfRC0ZhwwDFMGRkg7QsThAFhrk=
45,11,588BbbhIz6frwfuARLJhTeTJ0fk=,QxfRC0ZhwwDFMGRkg7QsThAFhrk=
32,11,588BbbhIz6frwfuARLJhTeTJ0fk=,QxfRC0ZhwwDFMGRkg7QsThAFhrk=
46,11,588BbbhIz6frwfuARLJhTeTJ0fk=,QxfRC0ZhwwDFMGRkg7QsThAFhrk=
39,10,588BbbhIz6frwfuARLJhTeTJ0fk=,QxfRC0ZhwwDFMGRkg7QsThAFhrk=
45,10,588BbbhIz6frwfuARLJhTeTJ0fk=,QxfRC0ZhwwDFMGRkg7QsThAFhrk=
46,10,588BbbhIz6frwfuARLJhTeTJ0fk=,QxfRC0ZhwwDFMGRkg7QsThAFhrk=
42,10,588BbbhIz6frwfuARLJhTeTJ0fk=,QxfRC0ZhwwDFMGRkg7QsThAFhrk=
41,10,588BbbhIz6frwfuARLJhTeTJ0fk=,QxfRC0ZhwwDFMGRkg7QsThAFhrk=
36,11,588BbbhIz6frwfuARLJhTeTJ0fk=,QxfRC0ZhwwDFMGRkg7QsThAFhrk=
44,10,588BbbhIz6frwfuARLJhTeTJ0fk=,QxfRC0ZhwwDFMGRkg7QsThAFhrk=
33,11,588BbbhIz6frwfuARLJhTeTJ0fk=,QxfRC0ZhwwDFMGRkg7QsThAFhrk=
40,10,588BbbhIz6frwfuARLJhTeTJ0fk=,QxfRC0ZhwwDFMGRkg7QsThAFhrk=
47,10,588BbbhIz6frwfuARLJhTeTJ0fk=,QxfRC0ZhwwDFMGRkg7QsThAFhrk=
40,2,588BbbhIz6frwfuARLJhTeTJ0fk=,QxfRC0ZhwwDFMGRkg7QsThAFhrk=
38,10,588BbbhIz6frwfuARLJhTeTJ0fk=,QxfRC0ZhwwDFMGRkg7QsThAFhrk=
43,10,588BbbhIz6frwfuARLJhTeTJ0fk=,QxfRC0ZhwwDFMGRkg7QsThAFhrk=
45,9,588BbbhIz6frwfuARLJhTeTJ0fk=,QxfRC0ZhwwDFMGRkg7QsThAFhrk=
44,0,588BbbhIz6frwfuARLJhTeTJ0fk=,QxfRC0ZhwwDFMGRkg7QsThAFhrk=
37,10,588BbbhIz6frwfuARLJhTeTJ0fk=,QxfRC0ZhwwDFMGRkg7QsThAFhrk=
46,9,588BbbhIz6frwfuARLJhTeTJ0fk=,QxfRC0ZhwwDFMGRkg7QsThAFhrk=
36,10,588BbbhIz6frwfuARLJhTeTJ0fk=,QxfRC0ZhwwDFMGRkg7QsThAFhrk=
34,10,588BbbhIz6frwfuARLJhTeTJ0fk=,QxfRC0ZhwwDFMGRkg7QsThAFhrk=
35,10,588BbbhIz6frwfuARLJhTeTJ0fk=,QxfRC0ZhwwDFMGRkg7QsThAFhrk=
40,9,588BbbhIz6frwfuARLJhTeTJ0fk=,QxfRC0ZhwwDFMGRkg7QsThAFhrk=
33,10,588BbbhIz6frwfuARLJhTeTJ0fk=,QxfRC0ZhwwDFMGRkg7QsThAFhrk=
44,9,588BbbhIz6frwfuARLJhTeTJ0fk=,QxfRC0ZhwwDFMGRkg7QsThAFhrk=
47,9,588BbbhIz6frwfuARLJhTeTJ0fk=,QxfRC0ZhwwDFMGRkg7QsThAFhrk=
47,8,588BbbhIz6frwfuARLJhTeTJ0fk=,QxfRC0ZhwwDFMGRkg7QsThAFhrk=
46,8,588BbbhIz6frwfuARLJhTeTJ0fk=,QxfRC0ZhwwDFMGRkg7QsThAFhrk=
43,9,588BbbhIz6frwfuARLJhTeTJ0fk=,QxfRC0ZhwwDFMGRkg7QsThAFhrk=
32,10,588BbbhIz6frwfuARLJhTeTJ0fk=,QxfRC0ZhwwDFMGRkg7QsThAFhrk=
39,9,588BbbhIz6frwfuARLJhTeTJ0fk=,QxfRC0ZhwwDFMGRkg7QsThAFhrk=
43,0,588BbbhIz6frwfuARLJhTeTJ0fk=,QxfRC0ZhwwDFMGRkg7QsThAFhrk=
33,9,588BbbhIz6frwfuARLJhTeTJ0fk=,QxfRC0ZhwwDFMGRkg7QsThAFhrk=
32,9,588BbbhIz6frwfuARLJhTeTJ0fk=,QxfRC0ZhwwDFMGRkg7QsThAFhrk=
42,9,588BbbhIz6frwfuARLJhTeTJ0fk=,QxfRC0ZhwwDFMGRkg7QsThAFhrk=
38,2,588BbbhIz6frwfuARLJhTeTJ0fk=,QxfRC0ZhwwDFMGRkg7QsThAFhrk=
39,2,588BbbhIz6frwfuARLJhTeTJ0fk=,QxfRC0ZhwwDFMGRkg7QsThAFhrk=
45,8,588BbbhIz6frwfuARLJhTeTJ0fk=,QxfRC0ZhwwDFMGRkg7QsThAFhrk=
35,9,588BbbhIz6frwfuARLJhTeTJ0fk=,QxfRC0ZhwwDFMGRkg7QsThAFhrk=
41,9,588BbbhIz6frwfuARLJhTeTJ0fk=,QxfRC0ZhwwDFMGRkg7QsThAFhrk=
36,9,588BbbhIz6frwfuARLJhTeTJ0fk=,QxfRC0ZhwwDFMGRkg7QsThAFhrk=
41,8,588BbbhIz6frwfuARLJhTeTJ0fk=,QxfRC0ZhwwDFMGRkg7QsThAFhrk=
33,8,588BbbhIz6frwfuARLJhTeTJ0fk=,QxfRC0ZhwwDFMGRkg7QsThAFhrk=
44,8,588BbbhIz6frwfuARLJhTeTJ0fk=,QxfRC0ZhwwDFMGRkg7QsThAFhrk=
47,7,588BbbhIz6frwfuARLJhTeTJ0fk=,QxfRC0ZhwwDFMGRkg7QsThAFhrk=
46,7,588BbbhIz6frwfuARLJhTeTJ0fk=,QxfRC0ZhwwDFMGRkg7QsThAFhrk=
35,8,588BbbhIz6frwfuARLJhTeTJ0fk=,QxfRC0ZhwwDFMGRkg7QsThAFhrk=
40,8,588BbbhIz6frwfuARLJhTeTJ0fk=,QxfRC0ZhwwDFMGRkg7QsThAFhrk=
34,8,588BbbhIz6frwfuARLJhTeTJ0fk=,QxfRC0ZhwwDFMGRkg7QsThAFhrk=
34,9,588BbbhIz6frwfuARLJhTeTJ0fk=,QxfRC0ZhwwDFMGRkg7QsThAFhrk=
38,9,588BbbhIz6frwfuARLJhTeTJ0fk=,QxfRC0ZhwwDFMGRkg7QsThAFhrk=
41,0,588BbbhIz6frwfuARLJhTeTJ0fk=,QxfRC0ZhwwDFMGRkg7QsThAFhrk=
37,2,588BbbhIz6frwfuARLJhTeTJ0fk=,QxfRC0ZhwwDFMGRkg7QsThAFhrk=
39,7,588BbbhIz6frwfuARLJhTeTJ0fk=,QxfRC0ZhwwDFMGRkg7QsThAFhrk=
45,7,588BbbhIz6frwfuARLJhTeTJ0fk=,QxfRC0ZhwwDFMGRkg7QsThAFhrk=
38,8,588BbbhIz6frwfuARLJhTeTJ0fk=,QxfRC0ZhwwDFMGRkg7QsThAFhrk=
41,7,588BbbhIz6frwfuARLJhTeTJ0fk=,QxfRC0ZhwwDFMGRkg7QsThAFhrk=
35,7,588BbbhIz6frwfuARLJhTeTJ0fk=,QxfRC0ZhwwDFMGRkg7QsThAFhrk=
32,7,588BbbhIz6frwfuARLJhTeTJ0fk=,QxfRC0ZhwwDFMGRkg7QsThAFhrk=
42,0,588BbbhIz6frwfuARLJhTeTJ0fk=,QxfRC0ZhwwDFMGRkg7QsThAFhrk=
34,7,588BbbhIz6frwfuARLJhTeTJ0fk=,QxfRC0ZhwwDFMGRkg7QsThAFhrk=
47,6,588BbbhIz6frwfuARLJhTeTJ0fk=,QxfRC0ZhwwDFMGRkg7QsThAFhrk=
42,8,588BbbhIz6frwfuARLJhTeTJ0fk=,QxfRC0ZhwwDFMGRkg7QsThAFhrk=
33,7,588BbbhIz6frwfuARLJhTeTJ0fk=,QxfRC0ZhwwDFMGRkg7QsThAFhrk=
45,6,588BbbhIz6frwfuARLJhTeTJ0fk=,QxfRC0ZhwwDFMGRkg7QsThAFhrk=
40,7,588BbbhIz6frwfuARLJhTeTJ0fk=,QxfRC0ZhwwDFMGRkg7QsThAFhrk=
32,8,588BbbhIz6frwfuARLJhTeTJ0fk=,QxfRC0ZhwwDFMGRkg7QsThAFhrk=
38,7,588BbbhIz6frwfuARLJhTeTJ0fk=,QxfRC0ZhwwDFMGRkg7QsThAFhrk=
37,9,588BbbhIz6frwfuARLJhTeTJ0fk=,QxfRC0ZhwwDFMGRkg7QsThAFhrk=
40,6,588BbbhIz6frwfuARLJhTeTJ0fk=,QxfRC0ZhwwDFMGRkg7QsThAFhrk=
39,6,588BbbhIz6frwfuARLJhTeTJ0fk=,QxfRC0ZhwwDFMGRkg7QsThAFhrk=
41,6,588BbbhIz6frwfuARLJhTeTJ0fk=,QxfRC0ZhwwDFMGRkg7QsThAFhrk=
38,6,588BbbhIz6frwfuARLJhTeTJ0fk=,QxfRC0ZhwwDFMGRkg7QsThAFhrk=
36,2,588BbbhIz6frwfuARLJhTeTJ0fk=,QxfRC0ZhwwDFMGRkg7QsThAFhrk=
37,6,588BbbhIz6frwfuARLJhTeTJ0fk=,QxfRC0ZhwwDFMGRkg7QsThAFhrk=
36,6,588BbbhIz6frwfuARLJhTeTJ0fk=,QxfRC0ZhwwDFMGRkg7QsThAFhrk=
35,6,588BbbhIz6frwfuARLJhTeTJ0fk=,QxfRC0ZhwwDFMGRkg7QsThAFhrk=
37,8,588BbbhIz6frwfuARLJhTeTJ0fk=,QxfRC0ZhwwDFMGRkg7QsThAFhrk=
33,6,588BbbhIz6frwfuARLJhTeTJ0fk=,QxfRC0ZhwwDFMGRkg7QsThAFhrk=
43,8,588BbbhIz6frwfuARLJhTeTJ0fk=,QxfRC0ZhwwDFMGRkg7QsThAFhrk=
47,5,588BbbhIz6frwfuARLJhTeTJ0fk=,QxfRC0ZhwwDFMGRkg7QsThAFhrk=
46,5,588BbbhIz6frwfuARLJhTeTJ0fk=,QxfRC0ZhwwDFMGRkg7QsThAFhrk=
45,5,588BbbhIz6frwfuARLJhTeTJ0fk=,QxfRC0ZhwwDFMGRkg7QsThAFhrk=
39,8,588BbbhIz6frwfuARLJhTeTJ0fk=,QxfRC0ZhwwDFMGRkg7QsThAFhrk=
43,7,588BbbhIz6frwfuARLJhTeTJ0fk=,QxfRC0ZhwwDFMGRkg7QsThAFhrk=
36,8,588BbbhIz6frwfuARLJhTeTJ0fk=,QxfRC0ZhwwDFMGRkg7QsThAFhrk=
41,5,588BbbhIz6frwfuARLJhTeTJ0fk=,QxfRC0ZhwwDFMGRkg7QsThAFhrk=
40,5,588BbbhIz6frwfuARLJhTeTJ0fk=,QxfRC0ZhwwDFMGRkg7QsThAFhrk=
38,5,588BbbhIz6frwfuARLJhTeTJ0fk=,QxfRC0ZhwwDFMGRkg7QsThAFhrk=
39,5,588BbbhIz6frwfuARLJhTeTJ0fk=,QxfRC0ZhwwDFMGRkg7QsThAFhrk=
37,5,588BbbhIz6frwfuARLJhTeTJ0fk=,QxfRC0ZhwwDFMGRkg7QsThAFhrk=
35,2,588BbbhIz6frwfuARLJhTeTJ0fk=,QxfRC0ZhwwDFMGRkg7QsThAFhrk=
39,0,588BbbhIz6frwfuARLJhTeTJ0fk=,QxfRC0ZhwwDFMGRkg7QsThAFhrk=
36,5,588BbbhIz6frwfuARLJhTeTJ0fk=,QxfRC0ZhwwDFMGRkg7QsThAFhrk=
35,5,588BbbhIz6frwfuARLJhTeTJ0fk=,QxfRC0ZhwwDFMGRkg7QsThAFhrk=
34,5,588BbbhIz6frwfuARLJhTeTJ0fk=,QxfRC0ZhwwDFMGRkg7QsThAFhrk=
46,6,588BbbhIz6frwfuARLJhTeTJ0fk=,QxfRC0ZhwwDFMGRkg7QsThAFhrk=
33,5,588BbbhIz6frwfuARLJhTeTJ0fk=,QxfRC0ZhwwDFMGRkg7QsThAFhrk=
47,4,588BbbhIz6frwfuARLJhTeTJ0fk=,QxfRC0ZhwwDFMGRkg7QsThAFhrk=
32,5,588BbbhIz6frwfuARLJhTeTJ0fk=,QxfRC0ZhwwDFMGRkg7QsThAFhrk=
34,6,588BbbhIz6frwfuARLJhTeTJ0fk=,QxfRC0ZhwwDFMGRkg7QsThAFhrk=
43,5,588BbbhIz6frwfuARLJhTeTJ0fk=,QxfRC0ZhwwDFMGRkg7QsThAFhrk=
45,4,588BbbhIz6frwfuARLJhTeTJ0fk=,QxfRC0ZhwwDFMGRkg7QsThAFhrk=
44,5,588BbbhIz6frwfuARLJhTeTJ0fk=,QxfRC0ZhwwDFMGRkg7QsThAFhrk=
42,7,588BbbhIz6frwfuARLJhTeTJ0fk=,QxfRC0ZhwwDFMGRkg7QsThAFhrk=
41,4,588BbbhIz6frwfuARLJhTeTJ0fk=,QxfRC0ZhwwDFMGRkg7QsThAFhrk=
42,6,588BbbhIz6frwfuARLJhTeTJ0fk=,QxfRC0ZhwwDFMGRkg7QsThAFhrk=
32,6,588BbbhIz6frwfuARLJhTeTJ0fk=,QxfRC0ZhwwDFMGRkg7QsThAFhrk=
38,4,588BbbhIz6frwfuARLJhTeTJ0fk=,QxfRC0ZhwwDFMGRkg7QsThAFhrk=
37,4,588BbbhIz6frwfuARLJhTeTJ0fk=,QxfRC0ZhwwDFMGRkg7QsThAFhrk=
36,7,588BbbhIz6frwfuARLJhTeTJ0fk=,QxfRC0ZhwwDFMGRkg7QsThAFhrk=
37,0,588BbbhIz6frwfuARLJhTeTJ0fk=,QxfRC0ZhwwDFMGRkg7QsThAFhrk=
34,2,588BbbhIz6frwfuARLJhTeTJ0fk=,QxfRC0ZhwwDFMGRkg7QsThAFhrk=
36,4,588BbbhIz6frwfuARLJhTeTJ0fk=,QxfRC0ZhwwDFMGRkg7QsThAFhrk=
35,4,588BbbhIz6frwfuARLJhTeTJ0fk=,QxfRC0ZhwwDFMGRkg7QsThAFhrk=
34,4,588BbbhIz6frwfuARLJhTeTJ0fk=,QxfRC0ZhwwDFMGRkg7QsThAFhrk=
33,4,588BbbhIz6frwfuARLJhTeTJ0fk=,QxfRC0ZhwwDFMGRkg7QsThAFhrk=
32,4,588BbbhIz6frwfuARLJhTeTJ0fk=,QxfRC0ZhwwDFMGRkg7QsThAFhrk=
47,3,588BbbhIz6frwfuARLJhTeTJ0fk=,QxfRC0ZhwwDFMGRkg7QsThAFhrk=
46,3,588BbbhIz6frwfuARLJhTeTJ0fk=,QxfRC0ZhwwDFMGRkg7QsThAFhrk=
45,3,588BbbhIz6frwfuARLJhTeTJ0fk=,QxfRC0ZhwwDFMGRkg7QsThAFhrk=
44,3,588BbbhIz6frwfuARLJhTeTJ0fk=,QxfRC0ZhwwDFMGRkg7QsThAFhrk=
43,3,588BbbhIz6frwfuARLJhTeTJ0fk=,QxfRC0ZhwwDFMGRkg7QsThAFhrk=
42,5,588BbbhIz6frwfuARLJhTeTJ0fk=,QxfRC0ZhwwDFMGRkg7QsThAFhrk=
41,3,588BbbhIz6frwfuARLJhTeTJ0fk=,QxfRC0ZhwwDFMGRkg7QsThAFhrk=
40,3,588BbbhIz6frwfuARLJhTeTJ0fk=,QxfRC0ZhwwDFMGRkg7QsThAFhrk=
44,4,588BbbhIz6frwfuARLJhTeTJ0fk=,QxfRC0ZhwwDFMGRkg7QsThAFhrk=
46,4,588BbbhIz6frwfuARLJhTeTJ0fk=,QxfRC0ZhwwDFMGRkg7QsThAFhrk=
38,3,588BbbhIz6frwfuARLJhTeTJ0fk=,QxfRC0ZhwwDFMGRkg7QsThAFhrk=
37,3,588BbbhIz6frwfuARLJhTeTJ0fk=,QxfRC0ZhwwDFMGRkg7QsThAFhrk=
36,3,588BbbhIz6frwfuARLJhTeTJ0fk=,QxfRC0ZhwwDFMGRkg7QsThAFhrk=
37,7,588BbbhIz6frwfuARLJhTeTJ0fk=,QxfRC0ZhwwDFMGRkg7QsThAFhrk=
36,0,588BbbhIz6frwfuARLJhTeTJ0fk=,QxfRC0ZhwwDFMGRkg7QsThAFhrk=
32,2,588BbbhIz6frwfuARLJhTeTJ0fk=,QxfRC0ZhwwDFMGRkg7QsThAFhrk=
35,3,588BbbhIz6frwfuARLJhTeTJ0fk=,QxfRC0ZhwwDFMGRkg7QsThAFhrk=
34,3,588BbbhIz6frwfuARLJhTeTJ0fk=,QxfRC0ZhwwDFMGRkg7QsThAFhrk=
33,3,588BbbhIz6frwfuARLJhTeTJ0fk=,QxfRC0ZhwwDFMGRkg7QsThAFhrk=
32,3,588BbbhIz6frwfuARLJhTeTJ0fk=,QxfRC0ZhwwDFMGRkg7QsThAFhrk=
40,4,588BbbhIz6frwfuARLJhTeTJ0fk=,QxfRC0ZhwwDFMGRkg7QsThAFhrk=
39,4,588BbbhIz6frwfuARLJhTeTJ0fk=,QxfRC0ZhwwDFMGRkg7QsThAFhrk=
44,7,588BbbhIz6frwfuARLJhTeTJ0fk=,QxfRC0ZhwwDFMGRkg7QsThAFhrk=
43,6,588BbbhIz6frwfuARLJhTeTJ0fk=,QxfRC0ZhwwDFMGRkg7QsThAFhrk=
42,3,588BbbhIz6frwfuARLJhTeTJ0fk=,QxfRC0ZhwwDFMGRkg7QsThAFhrk=
44,6,588BbbhIz6frwfuARLJhTeTJ0fk=,QxfRC0ZhwwDFMGRkg7QsThAFhrk=
38,0,588BbbhIz6frwfuARLJhTeTJ0fk=,QxfRC0ZhwwDFMGRkg7QsThAFhrk=
47,2,588BbbhIz6frwfuARLJhTeTJ0fk=,QxfRC0ZhwwDFMGRkg7QsThAFhrk=
43,4,588BbbhIz6frwfuARLJhTeTJ0fk=,QxfRC0ZhwwDFMGRkg7QsThAFhrk=
40,0,588BbbhIz6frwfuARLJhTeTJ0fk=,QxfRC0ZhwwDFMGRkg7QsThAFhrk=
33,2,588BbbhIz6frwfuARLJhTeTJ0fk=,QxfRC0ZhwwDFMGRkg7QsThAFhrk=
32,0,588BbbhIz6frwfuARLJhTeTJ0fk=,QxfRC0ZhwwDFMGRkg7QsThAFhrk=
39,3,588BbbhIz6frwfuARLJhTeTJ0fk=,QxfRC0ZhwwDFMGRkg7QsThAFhrk=
42,4,588BbbhIz6frwfuARLJhTeTJ0fk=,QxfRC0ZhwwDFMGRkg7QsThAFhrk=
44,19,MSHeUYkVlXfqNlfragRvhMlBjX0=,Zpml7ts1J95AAduUsKKoNfD++lE=
45,18,MSHeUYkVlXfqNlfragRvhMlBjX0=,Zpml7ts1J95AAduUsKKoNfD++lE=
47,31,MSHeUYkVlXfqNlfragRvhMlBjX0=,Zpml7ts1J95AAduUsKKoNfD++lE=
43,18,MSHeUYkVlXfqNlfragRvhMlBjX0=,Zpml7ts1J95AAduUsKKoNfD++lE=
41,18,MSHeUYkVlXfqNlfragRvhMlBjX0=,Zpml7ts1J95AAduUsKKoNfD++lE=
40,18,MSHeUYkVlXfqNlfragRvhMlBjX0=,Zpml7ts1J95AAduUsKKoNfD++lE=
39,18,MSHeUYkVlXfqNlfragRvhMlBjX0=,Zpml7ts1J95AAduUsKKoNfD++lE=
42,18,MSHeUYkVlXfqNlfragRvhMlBjX0=,Zpml7ts1J95AAduUsKKoNfD++lE=
47,17,MSHeUYkVlXfqNlfragRvhMlBjX0=,Zpml7ts1J95AAduUsKKoNfD++lE=
36,18,MSHeUYkVlXfqNlfragRvhMlBjX0=,Zpml7ts1J95AAduUsKKoNfD++lE=
35,18,MSHeUYkVlXfqNlfragRvhMlBjX0=,Zpml7ts1J95AAduUsKKoNfD++lE=
34,18,MSHeUYkVlXfqNlfragRvhMlBjX0=,Zpml7ts1J95AAduUsKKoNfD++lE=
33,18,MSHeUYkVlXfqNlfragRvhMlBjX0=,Zpml7ts1J95AAduUsKKoNfD++lE=
32,18,MSHeUYkVlXfqNlfragRvhMlBjX0=,Zpml7ts1J95AAduUsKKoNfD++lE=
43,19,MSHeUYkVlXfqNlfragRvhMlBjX0=,Zpml7ts1J95AAduUsKKoNfD++lE=
45,31,MSHeUYkVlXfqNlfragRvhMlBjX0=,Zpml7ts1J95AAduUsKKoNfD++lE=
44,31,MSHeUYkVlXfqNlfragRvhMlBjX0=,Zpml7ts1J95AAduUsKKoNfD++lE=
43,31,MSHeUYkVlXfqNlfragRvhMlBjX0=,Zpml7ts1J95AAduUsKKoNfD++lE=
42,31,MSHeUYkVlXfqNlfragRvhMlBjX0=,Zpml7ts1J95AAduUsKKoNfD++lE=
46,31,MSHeUYkVlXfqNlfragRvhMlBjX0=,Zpml7ts1J95AAduUsKKoNfD++lE=
41,31,MSHeUYkVlXfqNlfragRvhMlBjX0=,Zpml7ts1J95AAduUsKKoNfD++lE=
40,31,MSHeUYkVlXfqNlfragRvhMlBjX0=,Zpml7ts1J95AAduUsKKoNfD++lE=
39,31,MSHeUYkVlXfqNlfragRvhMlBjX0=,Zpml7ts1J95AAduUsKKoNfD++lE=
38,31,MSHeUYkVlXfqNlfragRvhMlBjX0=,Zpml7ts1J95AAduUsKKoNfD++lE=
37,31,MSHeUYkVlXfqNlfragRvhMlBjX0=,Zpml7ts1J95AAduUsKKoNfD++lE=
36,31,MSHeUYkVlXfqNlfragRvhMlBjX0=,Zpml7ts1J95AAduUsKKoNfD++lE=
35,31,MSHeUYkVlXfqNlfragRvhMlBjX0=,Zpml7ts1J95AAduUsKKoNfD++lE=
34,31,MSHeUYkVlXfqNlfragRvhMlBjX0=,Zpml7ts1J95AAduUsKKoNfD++lE=
42,19,MSHeUYkVlXfqNlfragRvhMlBjX0=,Zpml7ts1J95AAduUsKKoNfD++lE=
33,31,MSHeUYkVlXfqNlfragRvhMlBjX0=,Zpml7ts1J95AAduUsKKoNfD++lE=
32,31,MSHeUYkVlXfqNlfragRvhMlBjX0=,Zpml7ts1J95AAduUsKKoNfD++lE=
46,17,MSHeUYkVlXfqNlfragRvhMlBjX0=,Zpml7ts1J95AAduUsKKoNfD++lE=
47,30,MSHeUYkVlXfqNlfragRvhMlBjX0=,Zpml7ts1J95AAduUsKKoNfD++lE=
46,30,MSHeUYkVlXfqNlfragRvhMlBjX0=,Zpml7ts1J95AAduUsKKoNfD++lE=
45,30,MSHeUYkVlXfqNlfragRvhMlBjX0=,Zpml7ts1J95AAduUsKKoNfD++lE=
43,30,MSHeUYkVlXfqNlfragRvhMlBjX0=,Zpml7ts1J95AAduUsKKoNfD++lE=
44,30,MSHeUYkVlXfqNlfragRvhMlBjX0=,Zpml7ts1J95AAduUsKKoNfD++lE=
42,30,MSHeUYkVlXfqNlfragRvhMlBjX0=,Zpml7ts1J95AAduUsKKoNfD++lE=
41,30,MSHeUYkVlXfqNlfragRvhMlBjX0=,Zpml7ts1J95AAduUsKKoNfD++lE=
40,30,MSHeUYkVlXfqNlfragRvhMlBjX0=,Zpml7ts1J95AAduUsKKoNfD++lE=
39,30,MSHeUYkVlXfqNlfragRvhMlBjX0=,Zpml7ts1J95AAduUsKKoNfD++lE=
38,30,MSHeUYkVlXfqNlfragRvhMlBjX0=,Zpml7ts1J95AAduUsKKoNfD++lE=
37,30,MSHeUYkVlXfqNlfragRvhMlBjX0=,Zpml7ts1J95AAduUsKKoNfD++lE=
36,30,MSHeUYkVlXfqNlfragRvhMlBjX0=,Zpml7ts1J95AAduUsKKoNfD++lE=
35,30,MSHeUYkVlXfqNlfragRvhMlBjX0=,Zpml7ts1J95AAduUsKKoNfD++lE=
34,30,MSHeUYkVlXfqNlfragRvhMlBjX0=,Zpml7ts1J95AAduUsKKoNfD++lE=
37,18,MSHeUYkVlXfqNlfragRvhMlBjX0=,Zpml7ts1J95AAduUsKKoNfD++lE=
41,19,MSHeUYkVlXfqNlfragRvhMlBjX0=,Zpml7ts1J95AAduUsKKoNfD++lE=
32,17,MSHeUYkVlXfqNlfragRvhMlBjX0=,Zpml7ts1J95AAduUsKKoNfD++lE=
33,30,MSHeUYkVlXfqNlfragRvhMlBjX0=,Zpml7ts1J95AAduUsKKoNfD++lE=
38,18,MSHeUYkVlXfqNlfragRvhMlBjX0=,Zpml7ts1J95AAduUsKKoNfD++lE=
32,30,MSHeUYkVlXfqNlfragRvhMlBjX0=,Zpml7ts1J95AAduUsKKoNfD++lE=
33,17,MSHeUYkVlXfqNlfragRvhMlBjX0=,Zpml7ts1J95AAduUsKKoNfD++lE=
47,29,MSHeUYkVlXfqNlfragRvhMlBjX0=,Zpml7ts1J95AAduUsKKoNfD++lE=
46,29,MSHeUYkVlXfqNlfragRvhMlBjX0=,Zpml7ts1J95AAduUsKKoNfD++lE=
45,29,MSHeUYkVlXfqNlfragRvhMlBjX0=,Zpml7ts1J95AAduUsKKoNfD++lE=
44,29,MSHeUYkVlXfqNlfragRvhMlBjX0=,Zpml7ts1J95AAduUsKKoNfD++lE=
43,29,MSHeUYkVlXfqNlfragRvhMlBjX0=,Zpml7ts1J95AAduUsKKoNfD++lE=
42,29,MSHeUYkVlXfqNlfragRvhMlBjX0=,Zpml7ts1J95AAduUsKKoNfD++lE=
41,29,MSHeUYkVlXfqNlfragRvhMlBjX0=,Zpml7ts1J95AAduUsKKoNfD++lE=
40,29,MSHeUYkVlXfqNlfragRvhMlBjX0=,Zpml7ts1J95AAduUsKKoNfD++lE=
39,29,MSHeUYkVlXfqNlfragRvhMlBjX0=,Zpml7ts1J95AAduUsKKoNfD++lE=
38,29,MSHeUYkVlXfqNlfragRvhMlBjX0=,Zpml7ts1J95AAduUsKKoNfD++lE=
37,29,MSHeUYkVlXfqNlfragRvhMlBjX0=,Zpml7ts1J95AAduUsKKoNfD++lE=
36,29,MSHeUYkVlXfqNlfragRvhMlBjX0=,Zpml7ts1J95AAduUsKKoNfD++lE=
45,17,MSHeUYkVlXfqNlfragRvhMlBjX0=,Zpml7ts1J95AAduUsKKoNfD++lE=
35,29,MSHeUYkVlXfqNlfragRvhMlBjX0=,Zpml7ts1J95AAduUsKKoNfD++lE=
40,19,MSHeUYkVlXfqNlfragRvhMlBjX0=,Zpml7ts1J95AAduUsKKoNfD++lE=
34,29,MSHeUYkVlXfqNlfragRvhMlBjX0=,Zpml7ts1J95AAduUsKKoNfD++lE=
33,29,MSHeUYkVlXfqNlfragRvhMlBjX0=,Zpml7ts1J95AAduUsKKoNfD++lE=
32,29,MSHeUYkVlXfqNlfragRvhMlBjX0=,Zpml7ts1J95AAduUsKKoNfD++lE=
44,17,MSHeUYkVlXfqNlfragRvhMlBjX0=,Zpml7ts1J95AAduUsKKoNfD++lE=
47,28,MSHeUYkVlXfqNlfragRvhMlBjX0=,Zpml7ts1J95AAduUsKKoNfD++lE=
46,28,MSHeUYkVlXfqNlfragRvhMlBjX0=,Zpml7ts1J95AAduUsKKoNfD++lE=
45,28,MSHeUYkVlXfqNlfragRvhMlBjX0=,Zpml7ts1J95AAduUsKKoNfD++lE=
44,28,MSHeUYkVlXfqNlfragRvhMlBjX0=,Zpml7ts1J95AAduUsKKoNfD++lE=
43,28,MSHeUYkVlXfqNlfragRvhMlBjX0=,Zpml7ts1J95AAduUsKKoNfD++lE=
42,28,MSHeUYkVlXfqNlfragRvhMlBjX0=,Zpml7ts1J95AAduUsKKoNfD++lE=
41,28,MSHeUYkVlXfqNlfragRvhMlBjX0=,Zpml7ts1J95AAduUsKKoNfD++lE=
40,28,MSHeUYkVlXfqNlfragRvhMlBjX0=,Zpml7ts1J95AAduUsKKoNfD++lE=
39,28,MSHeUYkVlXfqNlfragRvhMlBjX0=,Zpml7ts1J95AAduUsKKoNfD++lE=
38,28,MSHeUYkVlXfqNlfragRvhMlBjX0=,Zpml7ts1J95AAduUsKKoNfD++lE=
37,28,MSHeUYkVlXfqNlfragRvhMlBjX0=,Zpml7ts1J95AAduUsKKoNfD++lE=
36,28,MSHeUYkVlXfqNlfragRvhMlBjX0=,Zpml7ts1J95AAduUsKKoNfD++lE=
46,16,MSHeUYkVlXfqNlfragRvhMlBjX0=,Zpml7ts1J95AAduUsKKoNfD++lE=
39,19,MSHeUYkVlXfqNlfragRvhMlBjX0=,Zpml7ts1J95AAduUsKKoNfD++lE=
35,28,MSHeUYkVlXfqNlfragRvhMlBjX0=,Zpml7ts1J95AAduUsKKoNfD++lE=
34,28,MSHeUYkVlXfqNlfragRvhMlBjX0=,Zpml7ts1J95AAduUsKKoNfD++lE=
33,28,MSHeUYkVlXfqNlfragRvhMlBjX0=,Zpml7ts1J95AAduUsKKoNfD++lE=
32,28,MSHeUYkVlXfqNlfragRvhMlBjX0=,Zpml7ts1J95AAduUsKKoNfD++lE=
43,17,MSHeUYkVlXfqNlfragRvhMlBjX0=,Zpml7ts1J95AAduUsKKoNfD++lE=
47,27,MSHeUYkVlXfqNlfragRvhMlBjX0=,Zpml7ts1J95AAduUsKKoNfD++lE=
46,27,MSHeUYkVlXfqNlfragRvhMlBjX0=,Zpml7ts1J95AAduUsKKoNfD++lE=
45,27,MSHeUYkVlXfqNlfragRvhMlBjX0=,Zpml7ts1J95AAduUsKKoNfD++lE=
44,27,MSHeUYkVlXfqNlfragRvhMlBjX0=,Zpml7ts1J95AAduUsKKoNfD++lE=
43,27,MSHeUYkVlXfqNlfragRvhMlBjX0=,Zpml7ts1J95AAduUsKKoNfD++lE=
42,27,MSHeUYkVlXfqNlfragRvhMlBjX0=,Zpml7ts1J95AAduUsKKoNfD++lE=
41,27,MSHeUYkVlXfqNlfragRvhMlBjX0=,Zpml7ts1J95AAduUsKKoNfD++lE=
40,27,MSHeUYkVlXfqNlfragRvhMlBjX0=,Zpml7ts1J95AAduUsKKoNfD++lE=
39,27,MSHeUYkVlXfqNlfragRvhMlBjX0=,Zpml7ts1J95AAduUsKKoNfD++lE=
38,27,MSHeUYkVlXfqNlfragRvhMlBjX0=,Zpml7ts1J95AAduUsKKoNfD++lE=
37,27,MSHeUYkVlXfqNlfragRvhMlBjX0=,Zpml7ts1J95AAduUsKKoNfD++lE=
45,16,MSHeUYkVlXfqNlfragRvhMlBjX0=,Zpml7ts1J95AAduUsKKoNfD++lE=
38,19,MSHeUYkVlXfqNlfragRvhMlBjX0=,Zpml7ts1J95AAduUsKKoNfD++lE=
33,16,MSHeUYkVlXfqNlfragRvhMlBjX0=,Zpml7ts1J95AAduUsKKoNfD++lE=
36,27,MSHeUYkVlXfqNlfragRvhMlBjX0=,Zpml7ts1J95AAduUsKKoNfD++lE=
35,27,MSHeUYkVlXfqNlfragRvhMlBjX0=,Zpml7ts1J95AAduUsKKoNfD++lE=
34,27,MSHeUYkVlXfqNlfragRvhMlBjX0=,Zpml7ts1J95AAduUsKKoNfD++lE=
33,27,MSHeUYkVlXfqNlfragRvhMlBjX0=,Zpml7ts1J95AAduUsKKoNfD++lE=
32,27,MSHeUYkVlXfqNlfragRvhMlBjX0=,Zpml7ts1J95AAduUsKKoNfD++lE=
42,17,MSHeUYkVlXfqNlfragRvhMlBjX0=,Zpml7ts1J95AAduUsKKoNfD++lE=
47,26,MSHeUYkVlXfqNlfragRvhMlBjX0=,Zpml7ts1J95AAduUsKKoNfD++lE=
46,26,MSHeUYkVlXfqNlfragRvhMlBjX0=,Zpml7ts1J95AAduUsKKoNfD++lE=
45,26,MSHeUYkVlXfqNlfragRvhMlBjX0=,Zpml7ts1J95AAduUsKKoNfD++lE=
44,26,MSHeUYkVlXfqNlfragRvhMlBjX0=,Zpml7ts1J95AAduUsKKoNfD++lE=
42,26,MSHeUYkVlXfqNlfragRvhMlBjX0=,Zpml7ts1J95AAduUsKKoNfD++lE=
43,26,MSHeUYkVlXfqNlfragRvhMlBjX0=,Zpml7ts1J95AAduUsKKoNfD++lE=
41,26,MSHeUYkVlXfqNlfragRvhMlBjX0=,Zpml7ts1J95AAduUsKKoNfD++lE=
40,26,MSHeUYkVlXfqNlfragRvhMlBjX0=,Zpml7ts1J95AAduUsKKoNfD++lE=
39,26,MSHeUYkVlXfqNlfragRvhMlBjX0=,Zpml7ts1J95AAduUsKKoNfD++lE=
38,26,MSHeUYkVlXfqNlfragRvhMlBjX0=,Zpml7ts1J95AAduUsKKoNfD++lE=
44,16,MSHeUYkVlXfqNlfragRvhMlBjX0=,Zpml7ts1J95AAduUsKKoNfD++lE=
37,19,MSHeUYkVlXfqNlfragRvhMlBjX0=,Zpml7ts1J95AAduUsKKoNfD++lE=
37,26,MSHeUYkVlXfqNlfragRvhMlBjX0=,Zpml7ts1J95AAduUsKKoNfD++lE=
36,26,MSHeUYkVlXfqNlfragRvhMlBjX0=,Zpml7ts1J95AAduUsKKoNfD++lE=
35,26,MSHeUYkVlXfqNlfragRvhMlBjX0=,Zpml7ts1J95AAduUsKKoNfD++lE=
34,26,MSHeUYkVlXfqNlfragRvhMlBjX0=,Zpml7ts1J95AAduUsKKoNfD++lE=
33,26,MSHeUYkVlXfqNlfragRvhMlBjX0=,Zpml7ts1J95AAduUsKKoNfD++lE=
41,17,MSHeUYkVlXfqNlfragRvhMlBjX0=,Zpml7ts1J95AAduUsKKoNfD++lE=
32,26,MSHeUYkVlXfqNlfragRvhMlBjX0=,Zpml7ts1J95AAduUsKKoNfD++lE=
47,25,MSHeUYkVlXfqNlfragRvhMlBjX0=,Zpml7ts1J95AAduUsKKoNfD++lE=
46,25,MSHeUYkVlXfqNlfragRvhMlBjX0=,Zpml7ts1J95AAduUsKKoNfD++lE=
45,25,MSHeUYkVlXfqNlfragRvhMlBjX0=,Zpml7ts1J95AAduUsKKoNfD++lE=
44,25,MSHeUYkVlXfqNlfragRvhMlBjX0=,Zpml7ts1J95AAduUsKKoNfD++lE=
43,25,MSHeUYkVlXfqNlfragRvhMlBjX0=,Zpml7ts1J95AAduUsKKoNfD++lE=
42,25,MSHeUYkVlXfqNlfragRvhMlBjX0=,Zpml7ts1J95AAduUsKKoNfD++lE=
41,25,MSHeUYkVlXfqNlfragRvhMlBjX0=,Zpml7ts1J95AAduUsKKoNfD++lE=
40,25,MSHeUYkVlXfqNlfragRvhMlBjX0=,Zpml7ts1J95AAduUsKKoNfD++lE=
39,25,MSHeUYkVlXfqNlfragRvhMlBjX0=,Zpml7ts1J95AAduUsKKoNfD++lE=
43,16,MSHeUYkVlXfqNlfragRvhMlBjX0=,Zpml7ts1J95AAduUsKKoNfD++lE=
36,19,MSHeUYkVlXfqNlfragRvhMlBjX0=,Zpml7ts1J95AAduUsKKoNfD++lE=
38,25,MSHeUYkVlXfqNlfragRvhMlBjX0=,Zpml7ts1J95AAduUsKKoNfD++lE=
37,25,MSHeUYkVlXfqNlfragRvhMlBjX0=,Zpml7ts1J95AAduUsKKoNfD++lE=
36,25,MSHeUYkVlXfqNlfragRvhMlBjX0=,Zpml7ts1J95AAduUsKKoNfD++lE=
35,25,MSHeUYkVlXfqNlfragRvhMlBjX0=,Zpml7ts1J95AAduUsKKoNfD++lE=
34,25,MSHeUYkVlXfqNlfragRvhMlBjX0=,Zpml7ts1J95AAduUsKKoNfD++lE=
33,25,MSHeUYkVlXfqNlfragRvhMlBjX0=,Zpml7ts1J95AAduUsKKoNfD++lE=
34,16,MSHeUYkVlXfqNlfragRvhMlBjX0=,Zpml7ts1J95AAduUsKKoNfD++lE=
32,25,MSHeUYkVlXfqNlfragRvhMlBjX0=,Zpml7ts1J95AAduUsKKoNfD++lE=
47,24,MSHeUYkVlXfqNlfragRvhMlBjX0=,Zpml7ts1J95AAduUsKKoNfD++lE=
46,24,MSHeUYkVlXfqNlfragRvhMlBjX0=,Zpml7ts1J95AAduUsKKoNfD++lE=
44,24,MSHeUYkVlXfqNlfragRvhMlBjX0=,Zpml7ts1J95AAduUsKKoNfD++lE=
45,24,MSHeUYkVlXfqNlfragRvhMlBjX0=,Zpml7ts1J95AAduUsKKoNfD++lE=
43,24,MSHeUYkVlXfqNlfragRvhMlBjX0=,Zpml7ts1J95AAduUsKKoNfD++lE=
42,24,MSHeUYkVlXfqNlfragRvhMlBjX0=,Zpml7ts1J95AAduUsKKoNfD++lE=
41,24,MSHeUYkVlXfqNlfragRvhMlBjX0=,Zpml7ts1J95AAduUsKKoNfD++lE=
40,24,MSHeUYkVlXfqNlfragRvhMlBjX0=,Zpml7ts1J95AAduUsKKoNfD++lE=
35,19,MSHeUYkVlXfqNlfragRvhMlBjX0=,Zpml7ts1J95AAduUsKKoNfD++lE=
39,24,MSHeUYkVlXfqNlfragRvhMlBjX0=,Zpml7ts1J95AAduUsKKoNfD++lE=
38,24,MSHeUYkVlXfqNlfragRvhMlBjX0=,Zpml7ts1J95AAduUsKKoNfD++lE=
37,24,MSHeUYkVlXfqNlfragRvhMlBjX0=,Zpml7ts1J95AAduUsKKoNfD++lE=
36,24,MSHeUYkVlXfqNlfragRvhMlBjX0=,Zpml7ts1J95AAduUsKKoNfD++lE=
35,24,MSHeUYkVlXfqNlfragRvhMlBjX0=,Zpml7ts1J95AAduUsKKoNfD++lE=
34,24,MSHeUYkVlXfqNlfragRvhMlBjX0=,Zpml7ts1J95AAduUsKKoNfD++lE=
33,24,MSHeUYkVlXfqNlfragRvhMlBjX0=,Zpml7ts1J95AAduUsKKoNfD++lE=
32,24,MSHeUYkVlXfqNlfragRvhMlBjX0=,Zpml7ts1J95AAduUsKKoNfD++lE=
47,16,MSHeUYkVlXfqNlfragRvhMlBjX0=,Zpml7ts1J95AAduUsKKoNfD++lE=
47,23,MSHeUYkVlXfqNlfragRvhMlBjX0=,Zpml7ts1J95AAduUsKKoNfD++lE=
46,23,MSHeUYkVlXfqNlfragRvhMlBjX0=,Zpml7ts1J95AAduUsKKoNfD++lE=
45,23,MSHeUYkVlXfqNlfragRvhMlBjX0=,Zpml7ts1J95AAduUsKKoNfD++lE=
44,23,MSHeUYkVlXfqNlfragRvhMlBjX0=,Zpml7ts1J95AAduUsKKoNfD++lE=
43,23,MSHeUYkVlXfqNlfragRvhMlBjX0=,Zpml7ts1J95AAduUsKKoNfD++lE=
42,23,MSHeUYkVlXfqNlfragRvhMlBjX0=,Zpml7ts1J95AAduUsKKoNfD++lE=
41,23,MSHeUYkVlXfqNlfragRvhMlBjX0=,Zpml7ts1J95AAduUsKKoNfD++lE=
34,19,MSHeUYkVlXfqNlfragRvhMlBjX0=,Zpml7ts1J95AAduUsKKoNfD++lE=
40,17,MSHeUYkVlXfqNlfragRvhMlBjX0=,Zpml7ts1J95AAduUsKKoNfD++lE=
40,23,MSHeUYkVlXfqNlfragRvhMlBjX0=,Zpml7ts1J95AAduUsKKoNfD++lE=
39,23,MSHeUYkVlXfqNlfragRvhMlBjX0=,Zpml7ts1J95AAduUsKKoNfD++lE=
38,23,MSHeUYkVlXfqNlfragRvhMlBjX0=,Zpml7ts1J95AAduUsKKoNfD++lE=
37,23,MSHeUYkVlXfqNlfragRvhMlBjX0=,Zpml7ts1J95AAduUsKKoNfD++lE=
36,23,MSHeUYkVlXfqNlfragRvhMlBjX0=,Zpml7ts1J95AAduUsKKoNfD++lE=
35,23,MSHeUYkVlXfqNlfragRvhMlBjX0=,Zpml7ts1J95AAduUsKKoNfD++lE=
34,23,MSHeUYkVlXfqNlfragRvhMlBjX0=,Zpml7ts1J95AAduUsKKoNfD++lE=
33,23,MSHeUYkVlXfqNlfragRvhMlBjX0=,Zpml7ts1J95AAduUsKKoNfD++lE=
42,16,MSHeUYkVlXfqNlfragRvhMlBjX0=,Zpml7ts1J95AAduUsKKoNfD++lE=
32,23,MSHeUYkVlXfqNlfragRvhMlBjX0=,Zpml7ts1J95AAduUsKKoNfD++lE=
47,22,MSHeUYkVlXfqNlfragRvhMlBjX0=,Zpml7ts1J95AAduUsKKoNfD++lE=
46,22,MSHeUYkVlXfqNlfragRvhMlBjX0=,Zpml7ts1J95AAduUsKKoNfD++lE=
45,22,MSHeUYkVlXfqNlfragRvhMlBjX0=,Zpml7ts1J95AAduUsKKoNfD++lE=
44,22,MSHeUYkVlXfqNlfragRvhMlBjX0=,Zpml7ts1J95AAduUsKKoNfD++lE=
43,22,MSHeUYkVlXfqNlfragRvhMlBjX0=,Zpml7ts1J95AAduUsKKoNfD++lE=
42,22,MSHeUYkVlXfqNlfragRvhMlBjX0=,Zpml7ts1J95AAduUsKKoNfD++lE=
39,17,MSHeUYkVlXfqNlfragRvhMlBjX0=,Zpml7ts1J95AAduUsKKoNfD++lE=
33,19,MSHeUYkVlXfqNlfragRvhMlBjX0=,Zpml7ts1J95AAduUsKKoNfD++lE=
41,22,MSHeUYkVlXfqNlfragRvhMlBjX0=,Zpml7ts1J95AAduUsKKoNfD++lE=
40,22,MSHeUYkVlXfqNlfragRvhMlBjX0=,Zpml7ts1J95AAduUsKKoNfD++lE=
39,22,MSHeUYkVlXfqNlfragRvhMlBjX0=,Zpml7ts1J95AAduUsKKoNfD++lE=
38,22,MSHeUYkVlXfqNlfragRvhMlBjX0=,Zpml7ts1J95AAduUsKKoNfD++lE=
37,22,MSHeUYkVlXfqNlfragRvhMlBjX0=,Zpml7ts1J95AAduUsKKoNfD++lE=
36,22,MSHeUYkVlXfqNlfragRvhMlBjX0=,Zpml7ts1J95AAduUsKKoNfD++lE=
35,22,MSHeUYkVlXfqNlfragRvhMlBjX0=,Zpml7ts1J95AAduUsKKoNfD++lE=
34,22,MSHeUYkVlXfqNlfragRvhMlBjX0=,Zpml7ts1J95AAduUsKKoNfD++lE=
33,22,MSHeUYkVlXfqNlfragRvhMlBjX0=,Zpml7ts1J95AAduUsKKoNfD++lE=
32,22,MSHeUYkVlXfqNlfragRvhMlBjX0=,Zpml7ts1J95AAduUsKKoNfD++lE=
41,16,MSHeUYkVlXfqNlfragRvhMlBjX0=,Zpml7ts1J95AAduUsKKoNfD++lE=
47,21,MSHeUYkVlXfqNlfragRvhMlBjX0=,Zpml7ts1J95AAduUsKKoNfD++lE=
46,21,MSHeUYkVlXfqNlfragRvhMlBjX0=,Zpml7ts1J95AAduUsKKoNfD++lE=
45,21,MSHeUYkVlXfqNlfragRvhMlBjX0=,Zpml7ts1J95AAduUsKKoNfD++lE=
44,21,MSHeUYkVlXfqNlfragRvhMlBjX0=,Zpml7ts1J95AAduUsKKoNfD++lE=
43,21,MSHeUYkVlXfqNlfragRvhMlBjX0=,Zpml7ts1J95AAduUsKKoNfD++lE=
38,17,MSHeUYkVlXfqNlfragRvhMlBjX0=,Zpml7ts1J95AAduUsKKoNfD++lE=
32,19,MSHeUYkVlXfqNlfragRvhMlBjX0=,Zpml7ts1J95AAduUsKKoNfD++lE=
36,17,MSHeUYkVlXfqNlfragRvhMlBjX0=,Zpml7ts1J95AAduUsKKoNfD++lE=
42,21,MSHeUYkVlXfqNlfragRvhMlBjX0=,Zpml7ts1J95AAduUsKKoNfD++lE=
41,21,MSHeUYkVlXfqNlfragRvhMlBjX0=,Zpml7ts1J95AAduUsKKoNfD++lE=
40,21,MSHeUYkVlXfqNlfragRvhMlBjX0=,Zpml7ts1J95AAduUsKKoNfD++lE=
39,21,MSHeUYkVlXfqNlfragRvhMlBjX0=,Zpml7ts1J95AAduUsKKoNfD++lE=
38,21,MSHeUYkVlXfqNlfragRvhMlBjX0=,Zpml7ts1J95AAduUsKKoNfD++lE=
37,21,MSHeUYkVlXfqNlfragRvhMlBjX0=,Zpml7ts1J95AAduUsKKoNfD++lE=
36,21,MSHeUYkVlXfqNlfragRvhMlBjX0=,Zpml7ts1J95AAduUsKKoNfD++lE=
35,21,MSHeUYkVlXfqNlfragRvhMlBjX0=,Zpml7ts1J95AAduUsKKoNfD++lE=
34,21,MSHeUYkVlXfqNlfragRvhMlBjX0=,Zpml7ts1J95AAduUsKKoNfD++lE=
33,21,MSHeUYkVlXfqNlfragRvhMlBjX0=,Zpml7ts1J95AAduUsKKoNfD++lE=
32,21,MSHeUYkVlXfqNlfragRvhMlBjX0=,Zpml7ts1J95AAduUsKKoNfD++lE=
47,20,MSHeUYkVlXfqNlfragRvhMlBjX0=,Zpml7ts1J95AAduUsKKoNfD++lE=
37,17,MSHeUYkVlXfqNlfragRvhMlBjX0=,Zpml7ts1J95AAduUsKKoNfD++lE=
46,20,MSHeUYkVlXfqNlfragRvhMlBjX0=,Zpml7ts1J95AAduUsKKoNfD++lE=
44,20,MSHeUYkVlXfqNlfragRvhMlBjX0=,Zpml7ts1J95AAduUsKKoNfD++lE=
35,16,MSHeUYkVlXfqNlfragRvhMlBjX0=,Zpml7ts1J95AAduUsKKoNfD++lE=
45,20,MSHeUYkVlXfqNlfragRvhMlBjX0=,Zpml7ts1J95AAduUsKKoNfD++lE=
47,18,MSHeUYkVlXfqNlfragRvhMlBjX0=,Zpml7ts1J95AAduUsKKoNfD++lE=
43,20,MSHeUYkVlXfqNlfragRvhMlBjX0=,Zpml7ts1J95AAduUsKKoNfD++lE=
42,20,MSHeUYkVlXfqNlfragRvhMlBjX0=,Zpml7ts1J95AAduUsKKoNfD++lE=
40,20,MSHeUYkVlXfqNlfragRvhMlBjX0=,Zpml7ts1J95AAduUsKKoNfD++lE=
41,20,MSHeUYkVlXfqNlfragRvhMlBjX0=,Zpml7ts1J95AAduUsKKoNfD++lE=
39,20,MSHeUYkVlXfqNlfragRvhMlBjX0=,Zpml7ts1J95AAduUsKKoNfD++lE=
38,20,MSHeUYkVlXfqNlfragRvhMlBjX0=,Zpml7ts1J95AAduUsKKoNfD++lE=
36,20,MSHeUYkVlXfqNlfragRvhMlBjX0=,Zpml7ts1J95AAduUsKKoNfD++lE=
35,20,MSHeUYkVlXfqNlfragRvhMlBjX0=,Zpml7ts1J95AAduUsKKoNfD++lE=
32,16,MSHeUYkVlXfqNlfragRvhMlBjX0=,Zpml7ts1J95AAduUsKKoNfD++lE=
34,20,MSHeUYkVlXfqNlfragRvhMlBjX0=,Zpml7ts1J95AAduUsKKoNfD++lE=
33,20,MSHeUYkVlXfqNlfragRvhMlBjX0=,Zpml7ts1J95AAduUsKKoNfD++lE=
40,16,MSHeUYkVlXfqNlfragRvhMlBjX0=,Zpml7ts1J95AAduUsKKoNfD++lE=
32,20,MSHeUYkVlXfqNlfragRvhMlBjX0=,Zpml7ts1J95AAduUsKKoNfD++lE=
37,20,MSHeUYkVlXfqNlfragRvhMlBjX0=,Zpml7ts1J95AAduUsKKoNfD++lE=
47,19,MSHeUYkVlXfqNlfragRvhMlBjX0=,Zpml7ts1J95AAduUsKKoNfD++lE=
35,17,MSHeUYkVlXfqNlfragRvhMlBjX0=,Zpml7ts1J95AAduUsKKoNfD++lE=
44,18,MSHeUYkVlXfqNlfragRvhMlBjX0=,Zpml7ts1J95AAduUsKKoNfD++lE=
46,19,MSHeUYkVlXfqNlfragRvhMlBjX0=,Zpml7ts1J95AAduUsKKoNfD++lE=
45,19,MSHeUYkVlXfqNlfragRvhMlBjX0=,Zpml7ts1J95AAduUsKKoNfD++lE=
37,16,MSHeUYkVlXfqNlfragRvhMlBjX0=,Zpml7ts1J95AAduUsKKoNfD++lE=
34,17,MSHeUYkVlXfqNlfragRvhMlBjX0=,Zpml7ts1J95AAduUsKKoNfD++lE=
46,18,MSHeUYkVlXfqNlfragRvhMlBjX0=,Zpml7ts1J95AAduUsKKoNfD++lE=
39,16,MSHeUYkVlXfqNlfragRvhMlBjX0=,Zpml7ts1J95AAduUsKKoNfD++lE=
36,16,MSHeUYkVlXfqNlfragRvhMlBjX0=,Zpml7ts1J95AAduUsKKoNfD++lE=
38,16,MSHeUYkVlXfqNlfragRvhMlBjX0=,Zpml7ts1J95AAduUsKKoNfD++lE=
63,31,U7sboFGMQo/snOu0yzHgqantpto=,4X7QSjABSzzepdMmxt6fVyE+tGw=
62,31,U7sboFGMQo/snOu0yzHgqantpto=,4X7QSjABSzzepdMmxt6fVyE+tGw=
51,16,U7sboFGMQo/snOu0yzHgqantpto=,4X7QSjABSzzepdMmxt6fVyE+tGw=
56,31,U7sboFGMQo/snOu0yzHgqantpto=,4X7QSjABSzzepdMmxt6fVyE+tGw=
55,31,U7sboFGMQo/snOu0yzHgqantpto=,4X7QSjABSzzepdMmxt6fVyE+tGw=
54,31,U7sboFGMQo/snOu0yzHgqantpto=,4X7QSjABSzzepdMmxt6fVyE+tGw=
52,31,U7sboFGMQo/snOu0yzHgqantpto=,4X7QSjABSzzepdMmxt6fVyE+tGw=
61,31,U7sboFGMQo/snOu0yzHgqantpto=,4X7QSjABSzzepdMmxt6fVyE+tGw=
51,31,U7sboFGMQo/snOu0yzHgqantpto=,4X7QSjABSzzepdMmxt6fVyE+tGw=
63,17,U7sboFGMQo/snOu0yzHgqantpto=,4X7QSjABSzzepdMmxt6fVyE+tGw=
53,31,U7sboFGMQo/snOu0yzHgqantpto=,4X7QSjABSzzepdMmxt6fVyE+tGw=
49,31,U7sboFGMQo/snOu0yzHgqantpto=,4X7QSjABSzzepdMmxt6fVyE+tGw=
50,31,U7sboFGMQo/snOu0yzHgqantpto=,4X7QSjABSzzepdMmxt6fVyE+tGw=
62,17,U7sboFGMQo/snOu0yzHgqantpto=,4X7QSjABSzzepdMmxt6fVyE+tGw=
49,17,U7sboFGMQo/snOu0yzHgqantpto=,4X7QSjABSzzepdMmxt6fVyE+tGw=
60,17,U7sboFGMQo/snOu0yzHgqantpto=,4X7QSjABSzzepdMmxt6fVyE+tGw=
58,17,U7sboFGMQo/snOu0yzHgqantpto=,4X7QSjABSzzepdMmxt6fVyE+tGw=
57,17,U7sboFGMQo/snOu0yzHgqantpto=,4X7QSjABSzzepdMmxt6fVyE+tGw=
56,17,U7sboFGMQo/snOu0yzHgqantpto=,4X7QSjABSzzepdMmxt6fVyE+tGw=
59,17,U7sboFGMQo/snOu0yzHgqantpto=,4X7QSjABSzzepdMmxt6fVyE+tGw=
55,17,U7sboFGMQo/snOu0yzHgqantpto=,4X7QSjABSzzepdMmxt6fVyE+tGw=
54,17,U7sboFGMQo/snOu0yzHgqantpto=,4X7QSjABSzzepdMmxt6fVyE+tGw=
52,17,U7sboFGMQo/snOu0yzHgqantpto=,4X7QSjABSzzepdMmxt6fVyE+tGw=
51,17,U7sboFGMQo/snOu0yzHgqantpto=,4X7QSjABSzzepdMmxt6fVyE+tGw=
48,31,U7sboFGMQo/snOu0yzHgqantpto=,4X7QSjABSzzepdMmxt6fVyE+tGw=
63,30,U7sboFGMQo/snOu0yzHgqantpto=,4X7QSjABSzzepdMmxt6fVyE+tGw=
50,17,U7sboFGMQo/snOu0yzHgqantpto=,4X7QSjABSzzepdMmxt6fVyE+tGw=
53,17,U7sboFGMQo/snOu0yzHgqantpto=,4X7QSjABSzzepdMmxt6fVyE+tGw=
60,18,U7sboFGMQo/snOu0yzHgqantpto=,4X7QSjABSzzepdMmxt6fVyE+tGw=
62,30,U7sboFGMQo/snOu0yzHgqantpto=,4X7QSjABSzzepdMmxt6fVyE+tGw=
50,16,U7sboFGMQo/snOu0yzHgqantpto=,4X7QSjABSzzepdMmxt6fVyE+tGw=
61,30,U7sboFGMQo/snOu0yzHgqantpto=,4X7QSjABSzzepdMmxt6fVyE+tGw=
59,30,U7sboFGMQo/snOu0yzHgqantpto=,4X7QSjABSzzepdMmxt6fVyE+tGw=
62,18,U7sboFGMQo/snOu0yzHgqantpto=,4X7QSjABSzzepdMmxt6fVyE+tGw=
56,30,U7sboFGMQo/snOu0yzHgqantpto=,4X7QSjABSzzepdMmxt6fVyE+tGw=
55,30,U7sboFGMQo/snOu0yzHgqantpto=,4X7QSjABSzzepdMmxt6fVyE+tGw=
54,30,U7sboFGMQo/snOu0yzHgqantpto=,4X7QSjABSzzepdMmxt6fVyE+tGw=
52,30,U7sboFGMQo/snOu0yzHgqantpto=,4X7QSjABSzzepdMmxt6fVyE+tGw=
51,30,U7sboFGMQo/snOu0yzHgqantpto=,4X7QSjABSzzepdMmxt6fVyE+tGw=
50,30,U7sboFGMQo/snOu0yzHgqantpto=,4X7QSjABSzzepdMmxt6fVyE+tGw=
49,30,U7sboFGMQo/snOu0yzHgqantpto=,4X7QSjABSzzepdMmxt6fVyE+tGw=
48,30,U7sboFGMQo/snOu0yzHgqantpto=,4X7QSjABSzzepdMmxt6fVyE+tGw=
53,30,U7sboFGMQo/snOu0yzHgqantpto=,4X7QSjABSzzepdMmxt6fVyE+tGw=
48,17,U7sboFGMQo/snOu0yzHgqantpto=,4X7QSjABSzzepdMmxt6fVyE+tGw=
62,29,U7sboFGMQo/snOu0yzHgqantpto=,4X7QSjABSzzepdMmxt6fVyE+tGw=
63,29,U7sboFGMQo/snOu0yzHgqantpto=,4X7QSjABSzzepdMmxt6fVyE+tGw=
61,29,U7sboFGMQo/snOu0yzHgqantpto=,4X7QSjABSzzepdMmxt6fVyE+tGw=
59,18,U7sboFGMQo/snOu0yzHgqantpto=,4X7QSjABSzzepdMmxt6fVyE+tGw=
60,29,U7sboFGMQo/snOu0yzHgqantpto=,4X7QSjABSzzepdMmxt6fVyE+tGw=
57,29,U7sboFGMQo/snOu0yzHgqantpto=,4X7QSjABSzzepdMmxt6fVyE+tGw=
56,29,U7sboFGMQo/snOu0yzHgqantpto=,4X7QSjABSzzepdMmxt6fVyE+tGw=
55,29,U7sboFGMQo/snOu0yzHgqantpto=,4X7QSjABSzzepdMmxt6fVyE+tGw=
54,29,U7sboFGMQo/snOu0yzHgqantpto=,4X7QSjABSzzepdMmxt6fVyE+tGw=
53,29,U7sboFGMQo/snOu0yzHgqantpto=,4X7QSjABSzzepdMmxt6fVyE+tGw=
52,29,U7sboFGMQo/snOu0yzHgqantpto=,4X7QSjABSzzepdMmxt6fVyE+tGw=
50,29,U7sboFGMQo/snOu0yzHgqantpto=,4X7QSjABSzzepdMmxt6fVyE+tGw=
48,29,U7sboFGMQo/snOu0yzHgqantpto=,4X7QSjABSzzepdMmxt6fVyE+tGw=
49,29,U7sboFGMQo/snOu0yzHgqantpto=,4X7QSjABSzzepdMmxt6fVyE+tGw=
51,29,U7sboFGMQo/snOu0yzHgqantpto=,4X7QSjABSzzepdMmxt6fVyE+tGw=
62,28,U7sboFGMQo/snOu0yzHgqantpto=,4X7QSjABSzzepdMmxt6fVyE+tGw=
63,28,U7sboFGMQo/snOu0yzHgqantpto=,4X7QSjABSzzepdMmxt6fVyE+tGw=
60,31,U7sboFGMQo/snOu0yzHgqantpto=,4X7QSjABSzzepdMmxt6fVyE+tGw=
61,28,U7sboFGMQo/snOu0yzHgqantpto=,4X7QSjABSzzepdMmxt6fVyE+tGw=
58,18,U7sboFGMQo/snOu0yzHgqantpto=,4X7QSjABSzzepdMmxt6fVyE+tGw=
57,31,U7sboFGMQo/snOu0yzHgqantpto=,4X7QSjABSzzepdMmxt6fVyE+tGw=
60,28,U7sboFGMQo/snOu0yzHgqantpto=,4X7QSjABSzzepdMmxt6fVyE+tGw=
61,17,U7sboFGMQo/snOu0yzHgqantpto=,4X7QSjABSzzepdMmxt6fVyE+tGw=
61,18,U7sboFGMQo/snOu0yzHgqantpto=,4X7QSjABSzzepdMmxt6fVyE+tGw=
58,29,U7sboFGMQo/snOu0yzHgqantpto=,4X7QSjABSzzepdMmxt6fVyE+tGw=
55,28,U7sboFGMQo/snOu0yzHgqantpto=,4X7QSjABSzzepdMmxt6fVyE+tGw=
54,28,U7sboFGMQo/snOu0yzHgqantpto=,4X7QSjABSzzepdMmxt6fVyE+tGw=
53,28,U7sboFGMQo/snOu0yzHgqantpto=,4X7QSjABSzzepdMmxt6fVyE+tGw=
52,28,U7sboFGMQo/snOu0yzHgqantpto=,4X7QSjABSzzepdMmxt6fVyE+tGw=
50,28,U7sboFGMQo/snOu0yzHgqantpto=,4X7QSjABSzzepdMmxt6fVyE+tGw=
51,28,U7sboFGMQo/snOu0yzHgqantpto=,4X7QSjABSzzepdMmxt6fVyE+tGw=
49,28,U7sboFGMQo/snOu0yzHgqantpto=,4X7QSjABSzzepdMmxt6fVyE+tGw=
58,30,U7sboFGMQo/snOu0yzHgqantpto=,4X7QSjABSzzepdMmxt6fVyE+tGw=
48,28,U7sboFGMQo/snOu0yzHgqantpto=,4X7QSjABSzzepdMmxt6fVyE+tGw=
63,27,U7sboFGMQo/snOu0yzHgqantpto=,4X7QSjABSzzepdMmxt6fVyE+tGw=
62,27,U7sboFGMQo/snOu0yzHgqantpto=,4X7QSjABSzzepdMmxt6fVyE+tGw=
48,19,U7sboFGMQo/snOu0yzHgqantpto=,4X7QSjABSzzepdMmxt6fVyE+tGw=
49,19,U7sboFGMQo/snOu0yzHgqantpto=,4X7QSjABSzzepdMmxt6fVyE+tGw=
63,18,U7sboFGMQo/snOu0yzHgqantpto=,4X7QSjABSzzepdMmxt6fVyE+tGw=
50,19,U7sboFGMQo/snOu0yzHgqantpto=,4X7QSjABSzzepdMmxt6fVyE+tGw=
51,19,U7sboFGMQo/snOu0yzHgqantpto=,4X7QSjABSzzepdMmxt6fVyE+tGw=
48,18,U7sboFGMQo/snOu0yzHgqantpto=,4X7QSjABSzzepdMmxt6fVyE+tGw=
52,16,U7sboFGMQo/snOu0yzHgqantpto=,4X7QSjABSzzepdMmxt6fVyE+tGw=
52,19,U7sboFGMQo/snOu0yzHgqantpto=,4X7QSjABSzzepdMmxt6fVyE+tGw=
53,19,U7sboFGMQo/snOu0yzHgqantpto=,4X7QSjABSzzepdMmxt6fVyE+tGw=
54,19,U7sboFGMQo/snOu0yzHgqantpto=,4X7QSjABSzzepdMmxt6fVyE+tGw=
60,30,U7sboFGMQo/snOu0yzHgqantpto=,4X7QSjABSzzepdMmxt6fVyE+tGw=
58,28,U7sboFGMQo/snOu0yzHgqantpto=,4X7QSjABSzzepdMmxt6fVyE+tGw=
57,28,U7sboFGMQo/snOu0yzHgqantpto=,4X7QSjABSzzepdMmxt6fVyE+tGw=
57,18,U7sboFGMQo/snOu0yzHgqantpto=,4X7QSjABSzzepdMmxt6fVyE+tGw=
56,28,U7sboFGMQo/snOu0yzHgqantpto=,4X7QSjABSzzepdMmxt6fVyE+tGw=
61,27,U7sboFGMQo/snOu0yzHgqantpto=,4X7QSjABSzzepdMmxt6fVyE+tGw=
56,27,U7sboFGMQo/snOu0yzHgqantpto=,4X7QSjABSzzepdMmxt6fVyE+tGw=
55,27,U7sboFGMQo/snOu0yzHgqantpto=,4X7QSjABSzzepdMmxt6fVyE+tGw=
54,27,U7sboFGMQo/snOu0yzHgqantpto=,4X7QSjABSzzepdMmxt6fVyE+tGw=
53,27,U7sboFGMQo/snOu0yzHgqantpto=,4X7QSjABSzzepdMmxt6fVyE+tGw=
52,27,U7sboFGMQo/snOu0yzHgqantpto=,4X7QSjABSzzepdMmxt6fVyE+tGw=
51,27,U7sboFGMQo/snOu0yzHgqantpto=,4X7QSjABSzzepdMmxt6fVyE+tGw=
50,27,U7sboFGMQo/snOu0yzHgqantpto=,4X7QSjABSzzepdMmxt6fVyE+tGw=
59,31,U7sboFGMQo/snOu0yzHgqantpto=,4X7QSjABSzzepdMmxt6fVyE+tGw=
49,27,U7sboFGMQo/snOu0yzHgqantpto=,4X7QSjABSzzepdMmxt6fVyE+tGw=
48,27,U7sboFGMQo/snOu0yzHgqantpto=,4X7QSjABSzzepdMmxt6fVyE+tGw=
63,26,U7sboFGMQo/snOu0yzHgqantpto=,4X7QSjABSzzepdMmxt6fVyE+tGw=
62,26,U7sboFGMQo/snOu0yzHgqantpto=,4X7QSjABSzzepdMmxt6fVyE+tGw=
63,16,U7sboFGMQo/snOu0yzHgqantpto=,4X7QSjABSzzepdMmxt6fVyE+tGw=
59,26,U7sboFGMQo/snOu0yzHgqantpto=,4X7QSjABSzzepdMmxt6fVyE+tGw=
60,16,U7sboFGMQo/snOu0yzHgqantpto=,4X7QSjABSzzepdMmxt6fVyE+tGw=
58,26,U7sboFGMQo/snOu0yzHgqantpto=,4X7QSjABSzzepdMmxt6fVyE+tGw=
56,18,U7sboFGMQo/snOu0yzHgqantpto=,4X7QSjABSzzepdMmxt6fVyE+tGw=
57,26,U7sboFGMQo/snOu0yzHgqantpto=,4X7QSjABSzzepdMmxt6fVyE+tGw=
56,26,U7sboFGMQo/snOu0yzHgqantpto=,4X7QSjABSzzepdMmxt6fVyE+tGw=
55,26,U7sboFGMQo/snOu0yzHgqantpto=,4X7QSjABSzzepdMmxt6fVyE+tGw=
54,26,U7sboFGMQo/snOu0yzHgqantpto=,4X7QSjABSzzepdMmxt6fVyE+tGw=
52,26,U7sboFGMQo/snOu0yzHgqantpto=,4X7QSjABSzzepdMmxt6fVyE+tGw=
51,26,U7sboFGMQo/snOu0yzHgqantpto=,4X7QSjABSzzepdMmxt6fVyE+tGw=
50,26,U7sboFGMQo/snOu0yzHgqantpto=,4X7QSjABSzzepdMmxt6fVyE+tGw=
49,26,U7sboFGMQo/snOu0yzHgqantpto=,4X7QSjABSzzepdMmxt6fVyE+tGw=
63,25,U7sboFGMQo/snOu0yzHgqantpto=,4X7QSjABSzzepdMmxt6fVyE+tGw=
62,25,U7sboFGMQo/snOu0yzHgqantpto=,4X7QSjABSzzepdMmxt6fVyE+tGw=
61,25,U7sboFGMQo/snOu0yzHgqantpto=,4X7QSjABSzzepdMmxt6fVyE+tGw=
61,16,U7sboFGMQo/snOu0yzHgqantpto=,4X7QSjABSzzepdMmxt6fVyE+tGw=
60,27,U7sboFGMQo/snOu0yzHgqantpto=,4X7QSjABSzzepdMmxt6fVyE+tGw=
60,25,U7sboFGMQo/snOu0yzHgqantpto=,4X7QSjABSzzepdMmxt6fVyE+tGw=
48,26,U7sboFGMQo/snOu0yzHgqantpto=,4X7QSjABSzzepdMmxt6fVyE+tGw=
57,25,U7sboFGMQo/snOu0yzHgqantpto=,4X7QSjABSzzepdMmxt6fVyE+tGw=
59,16,U7sboFGMQo/snOu0yzHgqantpto=,4X7QSjABSzzepdMmxt6fVyE+tGw=
55,18,U7sboFGMQo/snOu0yzHgqantpto=,4X7QSjABSzzepdMmxt6fVyE+tGw=
56,25,U7sboFGMQo/snOu0yzHgqantpto=,4X7QSjABSzzepdMmxt6fVyE+tGw=
53,26,U7sboFGMQo/snOu0yzHgqantpto=,4X7QSjABSzzepdMmxt6fVyE+tGw=
54,25,U7sboFGMQo/snOu0yzHgqantpto=,4X7QSjABSzzepdMmxt6fVyE+tGw=
55,25,U7sboFGMQo/snOu0yzHgqantpto=,4X7QSjABSzzepdMmxt6fVyE+tGw=
53,25,U7sboFGMQo/snOu0yzHgqantpto=,4X7QSjABSzzepdMmxt6fVyE+tGw=
52,25,U7sboFGMQo/snOu0yzHgqantpto=,4X7QSjABSzzepdMmxt6fVyE+tGw=
51,25,U7sboFGMQo/snOu0yzHgqantpto=,4X7QSjABSzzepdMmxt6fVyE+tGw=
50,25,U7sboFGMQo/snOu0yzHgqantpto=,4X7QSjABSzzepdMmxt6fVyE+tGw=
49,25,U7sboFGMQo/snOu0yzHgqantpto=,4X7QSjABSzzepdMmxt6fVyE+tGw=
58,25,U7sboFGMQo/snOu0yzHgqantpto=,4X7QSjABSzzepdMmxt6fVyE+tGw=
63,24,U7sboFGMQo/snOu0yzHgqantpto=,4X7QSjABSzzepdMmxt6fVyE+tGw=
61,24,U7sboFGMQo/snOu0yzHgqantpto=,4X7QSjABSzzepdMmxt6fVyE+tGw=
48,25,U7sboFGMQo/snOu0yzHgqantpto=,4X7QSjABSzzepdMmxt6fVyE+tGw=
59,28,U7sboFGMQo/snOu0yzHgqantpto=,4X7QSjABSzzepdMmxt6fVyE+tGw=
59,24,U7sboFGMQo/snOu0yzHgqantpto=,4X7QSjABSzzepdMmxt6fVyE+tGw=
58,24,U7sboFGMQo/snOu0yzHgqantpto=,4X7QSjABSzzepdMmxt6fVyE+tGw=
58,16,U7sboFGMQo/snOu0yzHgqantpto=,4X7QSjABSzzepdMmxt6fVyE+tGw=
57,24,U7sboFGMQo/snOu0yzHgqantpto=,4X7QSjABSzzepdMmxt6fVyE+tGw=
56,24,U7sboFGMQo/snOu0yzHgqantpto=,4X7QSjABSzzepdMmxt6fVyE+tGw=
54,18,U7sboFGMQo/snOu0yzHgqantpto=,4X7QSjABSzzepdMmxt6fVyE+tGw=
55,24,U7sboFGMQo/snOu0yzHgqantpto=,4X7QSjABSzzepdMmxt6fVyE+tGw=
54,24,U7sboFGMQo/snOu0yzHgqantpto=,4X7QSjABSzzepdMmxt6fVyE+tGw=
53,24,U7sboFGMQo/snOu0yzHgqantpto=,4X7QSjABSzzepdMmxt6fVyE+tGw=
52,24,U7sboFGMQo/snOu0yzHgqantpto=,4X7QSjABSzzepdMmxt6fVyE+tGw=
51,24,U7sboFGMQo/snOu0yzHgqantpto=,4X7QSjABSzzepdMmxt6fVyE+tGw=
50,24,U7sboFGMQo/snOu0yzHgqantpto=,4X7QSjABSzzepdMmxt6fVyE+tGw=
49,24,U7sboFGMQo/snOu0yzHgqantpto=,4X7QSjABSzzepdMmxt6fVyE+tGw=
48,24,U7sboFGMQo/snOu0yzHgqantpto=,4X7QSjABSzzepdMmxt6fVyE+tGw=
63,23,U7sboFGMQo/snOu0yzHgqantpto=,4X7QSjABSzzepdMmxt6fVyE+tGw=
62,23,U7sboFGMQo/snOu0yzHgqantpto=,4X7QSjABSzzepdMmxt6fVyE+tGw=
58,31,U7sboFGMQo/snOu0yzHgqantpto=,4X7QSjABSzzepdMmxt6fVyE+tGw=
48,16,U7sboFGMQo/snOu0yzHgqantpto=,4X7QSjABSzzepdMmxt6fVyE+tGw=
55,19,U7sboFGMQo/snOu0yzHgqantpto=,4X7QSjABSzzepdMmxt6fVyE+tGw=
56,19,U7sboFGMQo/snOu0yzHgqantpto=,4X7QSjABSzzepdMmxt6fVyE+tGw=
57,19,U7sboFGMQo/snOu0yzHgqantpto=,4X7QSjABSzzepdMmxt6fVyE+tGw=
58,19,U7sboFGMQo/snOu0yzHgqantpto=,4X7QSjABSzzepdMmxt6fVyE+tGw=
59,19,U7sboFGMQo/snOu0yzHgqantpto=,4X7QSjABSzzepdMmxt6fVyE+tGw=
60,19,U7sboFGMQo/snOu0yzHgqantpto=,4X7QSjABSzzepdMmxt6fVyE+tGw=
49,16,U7sboFGMQo/snOu0yzHgqantpto=,4X7QSjABSzzepdMmxt6fVyE+tGw=
59,23,U7sboFGMQo/snOu0yzHgqantpto=,4X7QSjABSzzepdMmxt6fVyE+tGw=
58,23,U7sboFGMQo/snOu0yzHgqantpto=,4X7QSjABSzzepdMmxt6fVyE+tGw=
59,27,U7sboFGMQo/snOu0yzHgqantpto=,4X7QSjABSzzepdMmxt6fVyE+tGw=
57,23,U7sboFGMQo/snOu0yzHgqantpto=,4X7QSjABSzzepdMmxt6fVyE+tGw=
56,23,U7sboFGMQo/snOu0yzHgqantpto=,4X7QSjABSzzepdMmxt6fVyE+tGw=
57,16,U7sboFGMQo/snOu0yzHgqantpto=,4X7QSjABSzzepdMmxt6fVyE+tGw=
55,23,U7sboFGMQo/snOu0yzHgqantpto=,4X7QSjABSzzepdMmxt6fVyE+tGw=
53,18,U7sboFGMQo/snOu0yzHgqantpto=,4X7QSjABSzzepdMmxt6fVyE+tGw=
54,23,U7sboFGMQo/snOu0yzHgqantpto=,4X7QSjABSzzepdMmxt6fVyE+tGw=
53,23,U7sboFGMQo/snOu0yzHgqantpto=,4X7QSjABSzzepdMmxt6fVyE+tGw=
52,23,U7sboFGMQo/snOu0yzHgqantpto=,4X7QSjABSzzepdMmxt6fVyE+tGw=
62,16,U7sboFGMQo/snOu0yzHgqantpto=,4X7QSjABSzzepdMmxt6fVyE+tGw=
51,23,U7sboFGMQo/snOu0yzHgqantpto=,4X7QSjABSzzepdMmxt6fVyE+tGw=
50,23,U7sboFGMQo/snOu0yzHgqantpto=,4X7QSjABSzzepdMmxt6fVyE+tGw=
49,23,U7sboFGMQo/snOu0yzHgqantpto=,4X7QSjABSzzepdMmxt6fVyE+tGw=
48,23,U7sboFGMQo/snOu0yzHgqantpto=,4X7QSjABSzzepdMmxt6fVyE+tGw=
63,22,U7sboFGMQo/snOu0yzHgqantpto=,4X7QSjABSzzepdMmxt6fVyE+tGw=
61,22,U7sboFGMQo/snOu0yzHgqantpto=,4X7QSjABSzzepdMmxt6fVyE+tGw=
59,22,U7sboFGMQo/snOu0yzHgqantpto=,4X7QSjABSzzepdMmxt6fVyE+tGw=
59,25,U7sboFGMQo/snOu0yzHgqantpto=,4X7QSjABSzzepdMmxt6fVyE+tGw=
58,22,U7sboFGMQo/snOu0yzHgqantpto=,4X7QSjABSzzepdMmxt6fVyE+tGw=
56,22,U7sboFGMQo/snOu0yzHgqantpto=,4X7QSjABSzzepdMmxt6fVyE+tGw=
55,22,U7sboFGMQo/snOu0yzHgqantpto=,4X7QSjABSzzepdMmxt6fVyE+tGw=
57,22,U7sboFGMQo/snOu0yzHgqantpto=,4X7QSjABSzzepdMmxt6fVyE+tGw=
54,22,U7sboFGMQo/snOu0yzHgqantpto=,4X7QSjABSzzepdMmxt6fVyE+tGw=
56,16,U7sboFGMQo/snOu0yzHgqantpto=,4X7QSjABSzzepdMmxt6fVyE+tGw=
52,18,U7sboFGMQo/snOu0yzHgqantpto=,4X7QSjABSzzepdMmxt6fVyE+tGw=
53,22,U7sboFGMQo/snOu0yzHgqantpto=,4X7QSjABSzzepdMmxt6fVyE+tGw=
52,22,U7sboFGMQo/snOu0yzHgqantpto=,4X7QSjABSzzepdMmxt6fVyE+tGw=
50,22,U7sboFGMQo/snOu0yzHgqantpto=,4X7QSjABSzzepdMmxt6fVyE+tGw=
51,22,U7sboFGMQo/snOu0yzHgqantpto=,4X7QSjABSzzepdMmxt6fVyE+tGw=
49,22,U7sboFGMQo/snOu0yzHgqantpto=,4X7QSjABSzzepdMmxt6fVyE+tGw=
48,22,U7sboFGMQo/snOu0yzHgqantpto=,4X7QSjABSzzepdMmxt6fVyE+tGw=
60,24,U7sboFGMQo/snOu0yzHgqantpto=,4X7QSjABSzzepdMmxt6fVyE+tGw=
63,21,U7sboFGMQo/snOu0yzHgqantpto=,4X7QSjABSzzepdMmxt6fVyE+tGw=
60,26,U7sboFGMQo/snOu0yzHgqantpto=,4X7QSjABSzzepdMmxt6fVyE+tGw=
59,21,U7sboFGMQo/snOu0yzHgqantpto=,4X7QSjABSzzepdMmxt6fVyE+tGw=
58,21,U7sboFGMQo/snOu0yzHgqantpto=,4X7QSjABSzzepdMmxt6fVyE+tGw=
57,21,U7sboFGMQo/snOu0yzHgqantpto=,4X7QSjABSzzepdMmxt6fVyE+tGw=
56,21,U7sboFGMQo/snOu0yzHgqantpto=,4X7QSjABSzzepdMmxt6fVyE+tGw=
55,21,U7sboFGMQo/snOu0yzHgqantpto=,4X7QSjABSzzepdMmxt6fVyE+tGw=
54,21,U7sboFGMQo/snOu0yzHgqantpto=,4X7QSjABSzzepdMmxt6fVyE+tGw=
55,16,U7sboFGMQo/snOu0yzHgqantpto=,4X7QSjABSzzepdMmxt6fVyE+tGw=
53,21,U7sboFGMQo/snOu0yzHgqantpto=,4X7QSjABSzzepdMmxt6fVyE+tGw=
51,18,U7sboFGMQo/snOu0yzHgqantpto=,4X7QSjABSzzepdMmxt6fVyE+tGw=
52,21,U7sboFGMQo/snOu0yzHgqantpto=,4X7QSjABSzzepdMmxt6fVyE+tGw=
51,21,U7sboFGMQo/snOu0yzHgqantpto=,4X7QSjABSzzepdMmxt6fVyE+tGw=
50,21,U7sboFGMQo/snOu0yzHgqantpto=,4X7QSjABSzzepdMmxt6fVyE+tGw=
49,21,U7sboFGMQo/snOu0yzHgqantpto=,4X7QSjABSzzepdMmxt6fVyE+tGw=
59,29,U7sboFGMQo/snOu0yzHgqantpto=,4X7QSjABSzzepdMmxt6fVyE+tGw=
48,21,U7sboFGMQo/snOu0yzHgqantpto=,4X7QSjABSzzepdMmxt6fVyE+tGw=
54,16,U7sboFGMQo/snOu0yzHgqantpto=,4X7QSjABSzzepdMmxt6fVyE+tGw=
62,22,U7sboFGMQo/snOu0yzHgqantpto=,4X7QSjABSzzepdMmxt6fVyE+tGw=
60,23,U7sboFGMQo/snOu0yzHgqantpto=,4X7QSjABSzzepdMmxt6fVyE+tGw=
60,20,U7sboFGMQo/snOu0yzHgqantpto=,4X7QSjABSzzepdMmxt6fVyE+tGw=
59,20,U7sboFGMQo/snOu0yzHgqantpto=,4X7QSjABSzzepdMmxt6fVyE+tGw=
58,20,U7sboFGMQo/snOu0yzHgqantpto=,4X7QSjABSzzepdMmxt6fVyE+tGw=
57,20,U7sboFGMQo/snOu0yzHgqantpto=,4X7QSjABSzzepdMmxt6fVyE+tGw=
56,20,U7sboFGMQo/snOu0yzHgqantpto=,4X7QSjABSzzepdMmxt6fVyE+tGw=
55,20,U7sboFGMQo/snOu0yzHgqantpto=,4X7QSjABSzzepdMmxt6fVyE+tGw=
54,20,U7sboFGMQo/snOu0yzHgqantpto=,4X7QSjABSzzepdMmxt6fVyE+tGw=
53,20,U7sboFGMQo/snOu0yzHgqantpto=,4X7QSjABSzzepdMmxt6fVyE+tGw=
53,16,U7sboFGMQo/snOu0yzHgqantpto=,4X7QSjABSzzepdMmxt6fVyE+tGw=
52,20,U7sboFGMQo/snOu0yzHgqantpto=,4X7QSjABSzzepdMmxt6fVyE+tGw=
51,20,U7sboFGMQo/snOu0yzHgqantpto=,4X7QSjABSzzepdMmxt6fVyE+tGw=
50,18,U7sboFGMQo/snOu0yzHgqantpto=,4X7QSjABSzzepdMmxt6fVyE+tGw=
50,20,U7sboFGMQo/snOu0yzHgqantpto=,4X7QSjABSzzepdMmxt6fVyE+tGw=
49,20,U7sboFGMQo/snOu0yzHgqantpto=,4X7QSjABSzzepdMmxt6fVyE+tGw=
48,20,U7sboFGMQo/snOu0yzHgqantpto=,4X7QSjABSzzepdMmxt6fVyE+tGw=
49,18,U7sboFGMQo/snOu0yzHgqantpto=,4X7QSjABSzzepdMmxt6fVyE+tGw=
63,19,U7sboFGMQo/snOu0yzHgqantpto=,4X7QSjABSzzepdMmxt6fVyE+tGw=
60,21,U7sboFGMQo/snOu0yzHgqantpto=,4X7QSjABSzzepdMmxt6fVyE+tGw=
58,27,U7sboFGMQo/snOu0yzHgqantpto=,4X7QSjABSzzepdMmxt6fVyE+tGw=
61,19,U7sboFGMQo/snOu0yzHgqantpto=,4X7QSjABSzzepdMmxt6fVyE+tGw=
62,20,U7sboFGMQo/snOu0yzHgqantpto=,4X7QSjABSzzepdMmxt6fVyE+tGw=
61,21,U7sboFGMQo/snOu0yzHgqantpto=,4X7QSjABSzzepdMmxt6fVyE+tGw=
63,20,U7sboFGMQo/snOu0yzHgqantpto=,4X7QSjABSzzepdMmxt6fVyE+tGw=
57,30,U7sboFGMQo/snOu0yzHgqantpto=,4X7QSjABSzzepdMmxt6fVyE+tGw=
62,21,U7sboFGMQo/snOu0yzHgqantpto=,4X7QSjABSzzepdMmxt6fVyE+tGw=
57,27,U7sboFGMQo/snOu0yzHgqantpto=,4X7QSjABSzzepdMmxt6fVyE+tGw=
61,20,U7sboFGMQo/snOu0yzHgqantpto=,4X7QSjABSzzepdMmxt6fVyE+tGw=
62,19,U7sboFGMQo/snOu0yzHgqantpto=,4X7QSjABSzzepdMmxt6fVyE+tGw=
62,24,U7sboFGMQo/snOu0yzHgqantpto=,4X7QSjABSzzepdMmxt6fVyE+tGw=
61,26,U7sboFGMQo/snOu0yzHgqantpto=,4X7QSjABSzzepdMmxt6fVyE+tGw=
61,23,U7sboFGMQo/snOu0yzHgqantpto=,4X7QSjABSzzepdMmxt6fVyE+tGw=
60,22,U7sboFGMQo/snOu0yzHgqantpto=,4X7QSjABSzzepdMmxt6fVyE+tGw=
63,15,3DguFVt9reA1UqXlMTECP69jV+k=,MUtgiE/Lv3ZJ3kChPvKXB2X9vGQ=
58,15,3DguFVt9reA1UqXlMTECP69jV+k=,MUtgiE/Lv3ZJ3kChPvKXB2X9vGQ=
57,15,3DguFVt9reA1UqXlMTECP69jV+k=,MUtgiE/Lv3ZJ3kChPvKXB2X9vGQ=
56,15,3DguFVt9reA1UqXlMTECP69jV+k=,MUtgiE/Lv3ZJ3kChPvKXB2X9vGQ=
55,15,3DguFVt9reA1UqXlMTECP69jV+k=,MUtgiE/Lv3ZJ3kChPvKXB2X9vGQ=
54,15,3DguFVt9reA1UqXlMTECP69jV+k=,MUtgiE/Lv3ZJ3kChPvKXB2X9vGQ=
52,15,3DguFVt9reA1UqXlMTECP69jV+k=,MUtgiE/Lv3ZJ3kChPvKXB2X9vGQ=
51,15,3DguFVt9reA1UqXlMTECP69jV+k=,MUtgiE/Lv3ZJ3kChPvKXB2X9vGQ=
50,15,3DguFVt9reA1UqXlMTECP69jV+k=,MUtgiE/Lv3ZJ3kChPvKXB2X9vGQ=
53,15,3DguFVt9reA1UqXlMTECP69jV+k=,MUtgiE/Lv3ZJ3kChPvKXB2X9vGQ=
49,15,3DguFVt9reA1UqXlMTECP69jV+k=,MUtgiE/Lv3ZJ3kChPvKXB2X9vGQ=
62,15,3DguFVt9reA1UqXlMTECP69jV+k=,MUtgiE/Lv3ZJ3kChPvKXB2X9vGQ=
59,15,3DguFVt9reA1UqXlMTECP69jV+k=,MUtgiE/Lv3ZJ3kChPvKXB2X9vGQ=
57,1,3DguFVt9reA1UqXlMTECP69jV+k=,MUtgiE/Lv3ZJ3kChPvKXB2X9vGQ=
55,1,3DguFVt9reA1UqXlMTECP69jV+k=,MUtgiE/Lv3ZJ3kChPvKXB2X9vGQ=
56,1,3DguFVt9reA1UqXlMTECP69jV+k=,MUtgiE/Lv3ZJ3kChPvKXB2X9vGQ=
61,15,3DguFVt9reA1UqXlMTECP69jV+k=,MUtgiE/Lv3ZJ3kChPvKXB2X9vGQ=
60,15,3DguFVt9reA1UqXlMTECP69jV+k=,MUtgiE/Lv3ZJ3kChPvKXB2X9vGQ=
58,1,3DguFVt9reA1UqXlMTECP69jV+k=,MUtgiE/Lv3ZJ3kChPvKXB2X9vGQ=
54,1,3DguFVt9reA1UqXlMTECP69jV+k=,MUtgiE/Lv3ZJ3kChPvKXB2X9vGQ=
60,1,3DguFVt9reA1UqXlMTECP69jV+k=,MUtgiE/Lv3ZJ3kChPvKXB2X9vGQ=
48,15,3DguFVt9reA1UqXlMTECP69jV+k=,MUtgiE/Lv3ZJ3kChPvKXB2X9vGQ=
59,1,3DguFVt9reA1UqXlMTECP69jV+k=,MUtgiE/Lv3ZJ3kChPvKXB2X9vGQ=
53,1,3DguFVt9reA1UqXlMTECP69jV+k=,MUtgiE/Lv3ZJ3kChPvKXB2X9vGQ=
62,2,3DguFVt9reA1UqXlMTECP69jV+k=,MUtgiE/Lv3ZJ3kChPvKXB2X9vGQ=
62,14,3DguFVt9reA1UqXlMTECP69jV+k=,MUtgiE/Lv3ZJ3kChPvKXB2X9vGQ=
63,14,3DguFVt9reA1UqXlMTECP69jV+k=,MUtgiE/Lv3ZJ3kChPvKXB2X9vGQ=
61,1,3DguFVt9reA1UqXlMTECP69jV+k=,MUtgiE/Lv3ZJ3kChPvKXB2X9vGQ=
59,14,3DguFVt9reA1UqXlMTECP69jV+k=,MUtgiE/Lv3ZJ3kChPvKXB2X9vGQ=
58,14,3DguFVt9reA1UqXlMTECP69jV+k=,MUtgiE/Lv3ZJ3kChPvKXB2X9vGQ=
57,14,3DguFVt9reA1UqXlMTECP69jV+k=,MUtgiE/Lv3ZJ3kChPvKXB2X9vGQ=
56,14,3DguFVt9reA1UqXlMTECP69jV+k=,MUtgiE/Lv3ZJ3kChPvKXB2X9vGQ=
55,14,3DguFVt9reA1UqXlMTECP69jV+k=,MUtgiE/Lv3ZJ3kChPvKXB2X9vGQ=
54,14,3DguFVt9reA1UqXlMTECP69jV+k=,MUtgiE/Lv3ZJ3kChPvKXB2X9vGQ=
53,14,3DguFVt9reA1UqXlMTECP69jV+k=,MUtgiE/Lv3ZJ3kChPvKXB2X9vGQ=
52,14,3DguFVt9reA1UqXlMTECP69jV+k=,MUtgiE/Lv3ZJ3kChPvKXB2X9vGQ=
51,14,3DguFVt9reA1UqXlMTECP69jV+k=,MUtgiE/Lv3ZJ3kChPvKXB2X9vGQ=
50,14,3DguFVt9reA1UqXlMTECP69jV+k=,MUtgiE/Lv3ZJ3kChPvKXB2X9vGQ=
61,14,3DguFVt9reA1UqXlMTECP69jV+k=,MUtgiE/Lv3ZJ3kChPvKXB2X9vGQ=
52,1,3DguFVt9reA1UqXlMTECP69jV+k=,MUtgiE/Lv3ZJ3kChPvKXB2X9vGQ=
63,13,3DguFVt9reA1UqXlMTECP69jV+k=,MUtgiE/Lv3ZJ3kChPvKXB2X9vGQ=
60,2,3DguFVt9reA1UqXlMTECP69jV+k=,MUtgiE/Lv3ZJ3kChPvKXB2X9vGQ=
49,14,3DguFVt9reA1UqXlMTECP69jV+k=,MUtgiE/Lv3ZJ3kChPvKXB2X9vGQ=
62,1,3DguFVt9reA1UqXlMTECP69jV+k=,MUtgiE/Lv3ZJ3kChPvKXB2X9vGQ=
51,0,3DguFVt9reA1UqXlMTECP69jV+k=,MUtgiE/Lv3ZJ3kChPvKXB2X9vGQ=
48,14,3DguFVt9reA1UqXlMTECP69jV+k=,MUtgiE/Lv3ZJ3kChPvKXB2X9vGQ=
63,1,3DguFVt9reA1UqXlMTECP69jV+k=,MUtgiE/Lv3ZJ3kChPvKXB2X9vGQ=
59,13,3DguFVt9reA1UqXlMTECP69jV+k=,MUtgiE/Lv3ZJ3kChPvKXB2X9vGQ=
58,13,3DguFVt9reA1UqXlMTECP69jV+k=,MUtgiE/Lv3ZJ3kChPvKXB2X9vGQ=
57,13,3DguFVt9reA1UqXlMTECP69jV+k=,MUtgiE/Lv3ZJ3kChPvKXB2X9vGQ=
56,13,3DguFVt9reA1UqXlMTECP69jV+k=,MUtgiE/Lv3ZJ3kChPvKXB2X9vGQ=
55,13,3DguFVt9reA1UqXlMTECP69jV+k=,MUtgiE/Lv3ZJ3kChPvKXB2X9vGQ=
54,13,3DguFVt9reA1UqXlMTECP69jV+k=,MUtgiE/Lv3ZJ3kChPvKXB2X9vGQ=
61,2,3DguFVt9reA1UqXlMTECP69jV+k=,MUtgiE/Lv3ZJ3kChPvKXB2X9vGQ=
51,13,3DguFVt9reA1UqXlMTECP69jV+k=,MUtgiE/Lv3ZJ3kChPvKXB2X9vGQ=
52,13,3DguFVt9reA1UqXlMTECP69jV+k=,MUtgiE/Lv3ZJ3kChPvKXB2X9vGQ=
60,14,3DguFVt9reA1UqXlMTECP69jV+k=,MUtgiE/Lv3ZJ3kChPvKXB2X9vGQ=
51,1,3DguFVt9reA1UqXlMTECP69jV+k=,MUtgiE/Lv3ZJ3kChPvKXB2X9vGQ=
60,13,3DguFVt9reA1UqXlMTECP69jV+k=,MUtgiE/Lv3ZJ3kChPvKXB2X9vGQ=
63,12,3DguFVt9reA1UqXlMTECP69jV+k=,MUtgiE/Lv3ZJ3kChPvKXB2X9vGQ=
53,13,3DguFVt9reA1UqXlMTECP69jV+k=,MUtgiE/Lv3ZJ3kChPvKXB2X9vGQ=
50,13,3DguFVt9reA1UqXlMTECP69jV+k=,MUtgiE/Lv3ZJ3kChPvKXB2X9vGQ=
63,2,3DguFVt9reA1UqXlMTECP69jV+k=,MUtgiE/Lv3ZJ3kChPvKXB2X9vGQ=
48,3,3DguFVt9reA1UqXlMTECP69jV+k=,MUtgiE/Lv3ZJ3kChPvKXB2X9vGQ=
49,3,3DguFVt9reA1UqXlMTECP69jV+k=,MUtgiE/Lv3ZJ3kChPvKXB2X9vGQ=
49,13,3DguFVt9reA1UqXlMTECP69jV+k=,MUtgiE/Lv3ZJ3kChPvKXB2X9vGQ=
62,13,3DguFVt9reA1UqXlMTECP69jV+k=,MUtgiE/Lv3ZJ3kChPvKXB2X9vGQ=
48,13,3DguFVt9reA1UqXlMTECP69jV+k=,MUtgiE/Lv3ZJ3kChPvKXB2X9vGQ=
59,12,3DguFVt9reA1UqXlMTECP69jV+k=,MUtgiE/Lv3ZJ3kChPvKXB2X9vGQ=
61,13,3DguFVt9reA1UqXlMTECP69jV+k=,MUtgiE/Lv3ZJ3kChPvKXB2X9vGQ=
62,12,3DguFVt9reA1UqXlMTECP69jV+k=,MUtgiE/Lv3ZJ3kChPvKXB2X9vGQ=
61,12,3DguFVt9reA1UqXlMTECP69jV+k=,MUtgiE/Lv3ZJ3kChPvKXB2X9vGQ=
57,12,3DguFVt9reA1UqXlMTECP69jV+k=,MUtgiE/Lv3ZJ3kChPvKXB2X9vGQ=
58,12,3DguFVt9reA1UqXlMTECP69jV+k=,MUtgiE/Lv3ZJ3kChPvKXB2X9vGQ=
49,1,3DguFVt9reA1UqXlMTECP69jV+k=,MUtgiE/Lv3ZJ3kChPvKXB2X9vGQ=
53,12,3DguFVt9reA1UqXlMTECP69jV+k=,MUtgiE/Lv3ZJ3kChPvKXB2X9vGQ=
52,12,3DguFVt9reA1UqXlMTECP69jV+k=,MUtgiE/Lv3ZJ3kChPvKXB2X9vGQ=
50,3,3DguFVt9reA1UqXlMTECP69jV+k=,MUtgiE/Lv3ZJ3kChPvKXB2X9vGQ=
58,2,3DguFVt9reA1UqXlMTECP69jV+k=,MUtgiE/Lv3ZJ3kChPvKXB2X9vGQ=
55,12,3DguFVt9reA1UqXlMTECP69jV+k=,MUtgiE/Lv3ZJ3kChPvKXB2X9vGQ=
54,12,3DguFVt9reA1UqXlMTECP69jV+k=,MUtgiE/Lv3ZJ3kChPvKXB2X9vGQ=
63,11,3DguFVt9reA1UqXlMTECP69jV+k=,MUtgiE/Lv3ZJ3kChPvKXB2X9vGQ=
51,12,3DguFVt9reA1UqXlMTECP69jV+k=,MUtgiE/Lv3ZJ3kChPvKXB2X9vGQ=
59,2,3DguFVt9reA1UqXlMTECP69jV+k=,MUtgiE/Lv3ZJ3kChPvKXB2X9vGQ=
60,11,3DguFVt9reA1UqXlMTECP69jV+k=,MUtgiE/Lv3ZJ3kChPvKXB2X9vGQ=
63,0,3DguFVt9reA1UqXlMTECP69jV+k=,MUtgiE/Lv3ZJ3kChPvKXB2X9vGQ=
60,12,3DguFVt9reA1UqXlMTECP69jV+k=,MUtgiE/Lv3ZJ3kChPvKXB2X9vGQ=
61,11,3DguFVt9reA1UqXlMTECP69jV+k=,MUtgiE/Lv3ZJ3kChPvKXB2X9vGQ=
50,1,3DguFVt9reA1UqXlMTECP69jV+k=,MUtgiE/Lv3ZJ3kChPvKXB2X9vGQ=
56,12,3DguFVt9reA1UqXlMTECP69jV+k=,MUtgiE/Lv3ZJ3kChPvKXB2X9vGQ=
62,11,3DguFVt9reA1UqXlMTECP69jV+k=,MUtgiE/Lv3ZJ3kChPvKXB2X9vGQ=
49,12,3DguFVt9reA1UqXlMTECP69jV+k=,MUtgiE/Lv3ZJ3kChPvKXB2X9vGQ=
50,12,3DguFVt9reA1UqXlMTECP69jV+k=,MUtgiE/Lv3ZJ3kChPvKXB2X9vGQ=
48,12,3DguFVt9reA1UqXlMTECP69jV+k=,MUtgiE/Lv3ZJ3kChPvKXB2X9vGQ=
53,11,3DguFVt9reA1UqXlMTECP69jV+k=,MUtgiE/Lv3ZJ3kChPvKXB2X9vGQ=
50,0,3DguFVt9reA1UqXlMTECP69jV+k=,MUtgiE/Lv3ZJ3kChPvKXB2X9vGQ=
58,11,3DguFVt9reA1UqXlMTECP69jV+k=,MUtgiE/Lv3ZJ3kChPvKXB2X9vGQ=
54,11,3DguFVt9reA1UqXlMTECP69jV+k=,MUtgiE/Lv3ZJ3kChPvKXB2X9vGQ=
62,0,3DguFVt9reA1UqXlMTECP69jV+k=,MUtgiE/Lv3ZJ3kChPvKXB2X9vGQ=
57,11,3DguFVt9reA1UqXlMTECP69jV+k=,MUtgiE/Lv3ZJ3kChPvKXB2X9vGQ=
59,11,3DguFVt9reA1UqXlMTECP69jV+k=,MUtgiE/Lv3ZJ3kChPvKXB2X9vGQ=
52,11,3DguFVt9reA1UqXlMTECP69jV+k=,MUtgiE/Lv3ZJ3kChPvKXB2X9vGQ=
61,10,3DguFVt9reA1UqXlMTECP69jV+k=,MUtgiE/Lv3ZJ3kChPvKXB2X9vGQ=
60,10,3DguFVt9reA1UqXlMTECP69jV+k=,MUtgiE/Lv3ZJ3kChPvKXB2X9vGQ=
55,11,3DguFVt9reA1UqXlMTECP69jV+k=,MUtgiE/Lv3ZJ3kChPvKXB2X9vGQ=
48,2,3DguFVt9reA1UqXlMTECP69jV+k=,MUtgiE/Lv3ZJ3kChPvKXB2X9vGQ=
56,11,3DguFVt9reA1UqXlMTECP69jV+k=,MUtgiE/Lv3ZJ3kChPvKXB2X9vGQ=
57,2,3DguFVt9reA1UqXlMTECP69jV+k=,MUtgiE/Lv3ZJ3kChPvKXB2X9vGQ=
51,3,3DguFVt9reA1UqXlMTECP69jV+k=,MUtgiE/Lv3ZJ3kChPvKXB2X9vGQ=
51,11,3DguFVt9reA1UqXlMTECP69jV+k=,MUtgiE/Lv3ZJ3kChPvKXB2X9vGQ=
63,10,3DguFVt9reA1UqXlMTECP69jV+k=,MUtgiE/Lv3ZJ3kChPvKXB2X9vGQ=
62,10,3DguFVt9reA1UqXlMTECP69jV+k=,MUtgiE/Lv3ZJ3kChPvKXB2X9vGQ=
56,2,3DguFVt9reA1UqXlMTECP69jV+k=,MUtgiE/Lv3ZJ3kChPvKXB2X9vGQ=
60,0,3DguFVt9reA1UqXlMTECP69jV+k=,MUtgiE/Lv3ZJ3kChPvKXB2X9vGQ=
59,10,3DguFVt9reA1UqXlMTECP69jV+k=,MUtgiE/Lv3ZJ3kChPvKXB2X9vGQ=
49,11,3DguFVt9reA1UqXlMTECP69jV+k=,MUtgiE/Lv3ZJ3kChPvKXB2X9vGQ=
50,11,3DguFVt9reA1UqXlMTECP69jV+k=,MUtgiE/Lv3ZJ3kChPvKXB2X9vGQ=
48,11,3DguFVt9reA1UqXlMTECP69jV+k=,MUtgiE/Lv3ZJ3kChPvKXB2X9vGQ=
55,10,3DguFVt9reA1UqXlMTECP69jV+k=,MUtgiE/Lv3ZJ3kChPvKXB2X9vGQ=
48,1,3DguFVt9reA1UqXlMTECP69jV+k=,MUtgiE/Lv3ZJ3kChPvKXB2X9vGQ=
52,10,3DguFVt9reA1UqXlMTECP69jV+k=,MUtgiE/Lv3ZJ3kChPvKXB2X9vGQ=
61,0,3DguFVt9reA1UqXlMTECP69jV+k=,MUtgiE/Lv3ZJ3kChPvKXB2X9vGQ=
61,9,3DguFVt9reA1UqXlMTECP69jV+k=,MUtgiE/Lv3ZJ3kChPvKXB2X9vGQ=
56,10,3DguFVt9reA1UqXlMTECP69jV+k=,MUtgiE/Lv3ZJ3kChPvKXB2X9vGQ=
54,10,3DguFVt9reA1UqXlMTECP69jV+k=,MUtgiE/Lv3ZJ3kChPvKXB2X9vGQ=
59,0,3DguFVt9reA1UqXlMTECP69jV+k=,MUtgiE/Lv3ZJ3kChPvKXB2X9vGQ=
60,9,3DguFVt9reA1UqXlMTECP69jV+k=,MUtgiE/Lv3ZJ3kChPvKXB2X9vGQ=
55,2,3DguFVt9reA1UqXlMTECP69jV+k=,MUtgiE/Lv3ZJ3kChPvKXB2X9vGQ=
56,9,3DguFVt9reA1UqXlMTECP69jV+k=,MUtgiE/Lv3ZJ3kChPvKXB2X9vGQ=
48,10,3DguFVt9reA1UqXlMTECP69jV+k=,MUtgiE/Lv3ZJ3kChPvKXB2X9vGQ=
59,9,3DguFVt9reA1UqXlMTECP69jV+k=,MUtgiE/Lv3ZJ3kChPvKXB2X9vGQ=
57,9,3DguFVt9reA1UqXlMTECP69jV+k=,MUtgiE/Lv3ZJ3kChPvKXB2X9vGQ=
51,10,3DguFVt9reA1UqXlMTECP69jV+k=,MUtgiE/Lv3ZJ3kChPvKXB2X9vGQ=
58,10,3DguFVt9reA1UqXlMTECP69jV+k=,MUtgiE/Lv3ZJ3kChPvKXB2X9vGQ=
57,10,3DguFVt9reA1UqXlMTECP69jV+k=,MUtgiE/Lv3ZJ3kChPvKXB2X9vGQ=
63,9,3DguFVt9reA1UqXlMTECP69jV+k=,MUtgiE/Lv3ZJ3kChPvKXB2X9vGQ=
58,9,3DguFVt9reA1UqXlMTECP69jV+k=,MUtgiE/Lv3ZJ3kChPvKXB2X9vGQ=
52,9,3DguFVt9reA1UqXlMTECP69jV+k=,MUtgiE/Lv3ZJ3kChPvKXB2X9vGQ=
53,10,3DguFVt9reA1UqXlMTECP69jV+k=,MUtgiE/Lv3ZJ3kChPvKXB2X9vGQ=
49,0,3DguFVt9reA1UqXlMTECP69jV+k=,MUtgiE/Lv3ZJ3kChPvKXB2X9vGQ=
53,9,3DguFVt9reA1UqXlMTECP69jV+k=,MUtgiE/Lv3ZJ3kChPvKXB2X9vGQ=
60,8,3DguFVt9reA1UqXlMTECP69jV+k=,MUtgiE/Lv3ZJ3kChPvKXB2X9vGQ=
63,8,3DguFVt9reA1UqXlMTECP69jV+k=,MUtgiE/Lv3ZJ3kChPvKXB2X9vGQ=
61,8,3DguFVt9reA1UqXlMTECP69jV+k=,MUtgiE/Lv3ZJ3kChPvKXB2X9vGQ=
56,8,3DguFVt9reA1UqXlMTECP69jV+k=,MUtgiE/Lv3ZJ3kChPvKXB2X9vGQ=
58,0,3DguFVt9reA1UqXlMTECP69jV+k=,MUtgiE/Lv3ZJ3kChPvKXB2X9vGQ=
62,9,3DguFVt9reA1UqXlMTECP69jV+k=,MUtgiE/Lv3ZJ3kChPvKXB2X9vGQ=
59,8,3DguFVt9reA1UqXlMTECP69jV+k=,MUtgiE/Lv3ZJ3kChPvKXB2X9vGQ=
62,8,3DguFVt9reA1UqXlMTECP69jV+k=,MUtgiE/Lv3ZJ3kChPvKXB2X9vGQ=
52,3,3DguFVt9reA1UqXlMTECP69jV+k=,MUtgiE/Lv3ZJ3kChPvKXB2X9vGQ=
57,8,3DguFVt9reA1UqXlMTECP69jV+k=,MUtgiE/Lv3ZJ3kChPvKXB2X9vGQ=
55,9,3DguFVt9reA1UqXlMTECP69jV+k=,MUtgiE/Lv3ZJ3kChPvKXB2X9vGQ=
54,2,3DguFVt9reA1UqXlMTECP69jV+k=,MUtgiE/Lv3ZJ3kChPvKXB2X9vGQ=
58,8,3DguFVt9reA1UqXlMTECP69jV+k=,MUtgiE/Lv3ZJ3kChPvKXB2X9vGQ=
54,9,3DguFVt9reA1UqXlMTECP69jV+k=,MUtgiE/Lv3ZJ3kChPvKXB2X9vGQ=
48,9,3DguFVt9reA1UqXlMTECP69jV+k=,MUtgiE/Lv3ZJ3kChPvKXB2X9vGQ=
49,10,3DguFVt9reA1UqXlMTECP69jV+k=,MUtgiE/Lv3ZJ3kChPvKXB2X9vGQ=
55,8,3DguFVt9reA1UqXlMTECP69jV+k=,MUtgiE/Lv3ZJ3kChPvKXB2X9vGQ=
54,8,3DguFVt9reA1UqXlMTECP69jV+k=,MUtgiE/Lv3ZJ3kChPvKXB2X9vGQ=
60,7,3DguFVt9reA1UqXlMTECP69jV+k=,MUtgiE/Lv3ZJ3kChPvKXB2X9vGQ=
53,8,3DguFVt9reA1UqXlMTECP69jV+k=,MUtgiE/Lv3ZJ3kChPvKXB2X9vGQ=
63,7,3DguFVt9reA1UqXlMTECP69jV+k=,MUtgiE/Lv3ZJ3kChPvKXB2X9vGQ=
58,7,3DguFVt9reA1UqXlMTECP69jV+k=,MUtgiE/Lv3ZJ3kChPvKXB2X9vGQ=
56,7,3DguFVt9reA1UqXlMTECP69jV+k=,MUtgiE/Lv3ZJ3kChPvKXB2X9vGQ=
55,7,3DguFVt9reA1UqXlMTECP69jV+k=,MUtgiE/Lv3ZJ3kChPvKXB2X9vGQ=
57,0,3DguFVt9reA1UqXlMTECP69jV+k=,MUtgiE/Lv3ZJ3kChPvKXB2X9vGQ=
54,7,3DguFVt9reA1UqXlMTECP69jV+k=,MUtgiE/Lv3ZJ3kChPvKXB2X9vGQ=
48,8,3DguFVt9reA1UqXlMTECP69jV+k=,MUtgiE/Lv3ZJ3kChPvKXB2X9vGQ=
57,7,3DguFVt9reA1UqXlMTECP69jV+k=,MUtgiE/Lv3ZJ3kChPvKXB2X9vGQ=
50,10,3DguFVt9reA1UqXlMTECP69jV+k=,MUtgiE/Lv3ZJ3kChPvKXB2X9vGQ=
62,7,3DguFVt9reA1UqXlMTECP69jV+k=,MUtgiE/Lv3ZJ3kChPvKXB2X9vGQ=
51,8,3DguFVt9reA1UqXlMTECP69jV+k=,MUtgiE/Lv3ZJ3kChPvKXB2X9vGQ=
49,9,3DguFVt9reA1UqXlMTECP69jV+k=,MUtgiE/Lv3ZJ3kChPvKXB2X9vGQ=
52,0,3DguFVt9reA1UqXlMTECP69jV+k=,MUtgiE/Lv3ZJ3kChPvKXB2X9vGQ=
52,8,3DguFVt9reA1UqXlMTECP69jV+k=,MUtgiE/Lv3ZJ3kChPvKXB2X9vGQ=
53,7,3DguFVt9reA1UqXlMTECP69jV+k=,MUtgiE/Lv3ZJ3kChPvKXB2X9vGQ=
61,7,3DguFVt9reA1UqXlMTECP69jV+k=,MUtgiE/Lv3ZJ3kChPvKXB2X9vGQ=
51,9,3DguFVt9reA1UqXlMTECP69jV+k=,MUtgiE/Lv3ZJ3kChPvKXB2X9vGQ=
50,7,3DguFVt9reA1UqXlMTECP69jV+k=,MUtgiE/Lv3ZJ3kChPvKXB2X9vGQ=
59,7,3DguFVt9reA1UqXlMTECP69jV+k=,MUtgiE/Lv3ZJ3kChPvKXB2X9vGQ=
49,8,3DguFVt9reA1UqXlMTECP69jV+k=,MUtgiE/Lv3ZJ3kChPvKXB2X9vGQ=
57,6,3DguFVt9reA1UqXlMTECP69jV+k=,MUtgiE/Lv3ZJ3kChPvKXB2X9vGQ=
59,6,3DguFVt9reA1UqXlMTECP69jV+k=,MUtgiE/Lv3ZJ3kChPvKXB2X9vGQ=
50,8,3DguFVt9reA1UqXlMTECP69jV+k=,MUtgiE/Lv3ZJ3kChPvKXB2X9vGQ=
56,0,3DguFVt9reA1UqXlMTECP69jV+k=,MUtgiE/Lv3ZJ3kChPvKXB2X9vGQ=
50,9,3DguFVt9reA1UqXlMTECP69jV+k=,MUtgiE/Lv3ZJ3kChPvKXB2X9vGQ=
60,6,3DguFVt9reA1UqXlMTECP69jV+k=,MUtgiE/Lv3ZJ3kChPvKXB2X9vGQ=
63,6,3DguFVt9reA1UqXlMTECP69jV+k=,MUtgiE/Lv3ZJ3kChPvKXB2X9vGQ=
61,6,3DguFVt9reA1UqXlMTECP69jV+k=,MUtgiE/Lv3ZJ3kChPvKXB2X9vGQ=
48,7,3DguFVt9reA1UqXlMTECP69jV+k=,MUtgiE/Lv3ZJ3kChPvKXB2X9vGQ=
53,2,3DguFVt9reA1UqXlMTECP69jV+k=,MUtgiE/Lv3ZJ3kChPvKXB2X9vGQ=
49,7,3DguFVt9reA1UqXlMTECP69jV+k=,MUtgiE/Lv3ZJ3kChPvKXB2X9vGQ=
49,6,3DguFVt9reA1UqXlMTECP69jV+k=,MUtgiE/Lv3ZJ3kChPvKXB2X9vGQ=
51,7,3DguFVt9reA1UqXlMTECP69jV+k=,MUtgiE/Lv3ZJ3kChPvKXB2X9vGQ=
56,6,3DguFVt9reA1UqXlMTECP69jV+k=,MUtgiE/Lv3ZJ3kChPvKXB2X9vGQ=
55,6,3DguFVt9reA1UqXlMTECP69jV+k=,MUtgiE/Lv3ZJ3kChPvKXB2X9vGQ=
53,6,3DguFVt9reA1UqXlMTECP69jV+k=,MUtgiE/Lv3ZJ3kChPvKXB2X9vGQ=
58,6,3DguFVt9reA1UqXlMTECP69jV+k=,MUtgiE/Lv3ZJ3kChPvKXB2X9vGQ=
48,6,3DguFVt9reA1UqXlMTECP69jV+k=,MUtgiE/Lv3ZJ3kChPvKXB2X9vGQ=
52,6,3DguFVt9reA1UqXlMTECP69jV+k=,MUtgiE/Lv3ZJ3kChPvKXB2X9vGQ=
50,6,3DguFVt9reA1UqXlMTECP69jV+k=,MUtgiE/Lv3ZJ3kChPvKXB2X9vGQ=
61,5,3DguFVt9reA1UqXlMTECP69jV+k=,MUtgiE/Lv3ZJ3kChPvKXB2X9vGQ=
52,7,3DguFVt9reA1UqXlMTECP69jV+k=,MUtgiE/Lv3ZJ3kChPvKXB2X9vGQ=
57,5,3DguFVt9reA1UqXlMTECP69jV+k=,MUtgiE/Lv3ZJ3kChPvKXB2X9vGQ=
54,6,3DguFVt9reA1UqXlMTECP69jV+k=,MUtgiE/Lv3ZJ3kChPvKXB2X9vGQ=
60,5,3DguFVt9reA1UqXlMTECP69jV+k=,MUtgiE/Lv3ZJ3kChPvKXB2X9vGQ=
62,6,3DguFVt9reA1UqXlMTECP69jV+k=,MUtgiE/Lv3ZJ3kChPvKXB2X9vGQ=
58,5,3DguFVt9reA1UqXlMTECP69jV+k=,MUtgiE/Lv3ZJ3kChPvKXB2X9vGQ=
49,5,3DguFVt9reA1UqXlMTECP69jV+k=,MUtgiE/Lv3ZJ3kChPvKXB2X9vGQ=
50,5,3DguFVt9reA1UqXlMTECP69jV+k=,MUtgiE/Lv3ZJ3kChPvKXB2X9vGQ=
48,5,3DguFVt9reA1UqXlMTECP69jV+k=,MUtgiE/Lv3ZJ3kChPvKXB2X9vGQ=
51,6,3DguFVt9reA1UqXlMTECP69jV+k=,MUtgiE/Lv3ZJ3kChPvKXB2X9vGQ=
53,3,3DguFVt9reA1UqXlMTECP69jV+k=,MUtgiE/Lv3ZJ3kChPvKXB2X9vGQ=
55,0,3DguFVt9reA1UqXlMTECP69jV+k=,MUtgiE/Lv3ZJ3kChPvKXB2X9vGQ=
59,5,3DguFVt9reA1UqXlMTECP69jV+k=,MUtgiE/Lv3ZJ3kChPvKXB2X9vGQ=
56,5,3DguFVt9reA1UqXlMTECP69jV+k=,MUtgiE/Lv3ZJ3kChPvKXB2X9vGQ=
54,5,3DguFVt9reA1UqXlMTECP69jV+k=,MUtgiE/Lv3ZJ3kChPvKXB2X9vGQ=
63,5,3DguFVt9reA1UqXlMTECP69jV+k=,MUtgiE/Lv3ZJ3kChPvKXB2X9vGQ=
51,5,3DguFVt9reA1UqXlMTECP69jV+k=,MUtgiE/Lv3ZJ3kChPvKXB2X9vGQ=
52,2,3DguFVt9reA1UqXlMTECP69jV+k=,MUtgiE/Lv3ZJ3kChPvKXB2X9vGQ=
62,5,3DguFVt9reA1UqXlMTECP69jV+k=,MUtgiE/Lv3ZJ3kChPvKXB2X9vGQ=
55,5,3DguFVt9reA1UqXlMTECP69jV+k=,MUtgiE/Lv3ZJ3kChPvKXB2X9vGQ=
60,4,3DguFVt9reA1UqXlMTECP69jV+k=,MUtgiE/Lv3ZJ3kChPvKXB2X9vGQ=
61,4,3DguFVt9reA1UqXlMTECP69jV+k=,MUtgiE/Lv3ZJ3kChPvKXB2X9vGQ=
54,4,3DguFVt9reA1UqXlMTECP69jV+k=,MUtgiE/Lv3ZJ3kChPvKXB2X9vGQ=
63,4,3DguFVt9reA1UqXlMTECP69jV+k=,MUtgiE/Lv3ZJ3kChPvKXB2X9vGQ=
54,3,3DguFVt9reA1UqXlMTECP69jV+k=,MUtgiE/Lv3ZJ3kChPvKXB2X9vGQ=
54,0,3DguFVt9reA1UqXlMTECP69jV+k=,MUtgiE/Lv3ZJ3kChPvKXB2X9vGQ=
53,5,3DguFVt9reA1UqXlMTECP69jV+k=,MUtgiE/Lv3ZJ3kChPvKXB2X9vGQ=
49,4,3DguFVt9reA1UqXlMTECP69jV+k=,MUtgiE/Lv3ZJ3kChPvKXB2X9vGQ=
52,5,3DguFVt9reA1UqXlMTECP69jV+k=,MUtgiE/Lv3ZJ3kChPvKXB2X9vGQ=
52,4,3DguFVt9reA1UqXlMTECP69jV+k=,MUtgiE/Lv3ZJ3kChPvKXB2X9vGQ=
51,2,3DguFVt9reA1UqXlMTECP69jV+k=,MUtgiE/Lv3ZJ3kChPvKXB2X9vGQ=
57,4,3DguFVt9reA1UqXlMTECP69jV+k=,MUtgiE/Lv3ZJ3kChPvKXB2X9vGQ=
55,4,3DguFVt9reA1UqXlMTECP69jV+k=,MUtgiE/Lv3ZJ3kChPvKXB2X9vGQ=
48,4,3DguFVt9reA1UqXlMTECP69jV+k=,MUtgiE/Lv3ZJ3kChPvKXB2X9vGQ=
50,4,3DguFVt9reA1UqXlMTECP69jV+k=,MUtgiE/Lv3ZJ3kChPvKXB2X9vGQ=
62,4,3DguFVt9reA1UqXlMTECP69jV+k=,MUtgiE/Lv3ZJ3kChPvKXB2X9vGQ=
61,3,3DguFVt9reA1UqXlMTECP69jV+k=,MUtgiE/Lv3ZJ3kChPvKXB2X9vGQ=
51,4,3DguFVt9reA1UqXlMTECP69jV+k=,MUtgiE/Lv3ZJ3kChPvKXB2X9vGQ=
53,4,3DguFVt9reA1UqXlMTECP69jV+k=,MUtgiE/Lv3ZJ3kChPvKXB2X9vGQ=
59,4,3DguFVt9reA1UqXlMTECP69jV+k=,MUtgiE/Lv3ZJ3kChPvKXB2X9vGQ=
58,4,3DguFVt9reA1UqXlMTECP69jV+k=,MUtgiE/Lv3ZJ3kChPvKXB2X9vGQ=
56,4,3DguFVt9reA1UqXlMTECP69jV+k=,MUtgiE/Lv3ZJ3kChPvKXB2X9vGQ=
55,3,3DguFVt9reA1UqXlMTECP69jV+k=,MUtgiE/Lv3ZJ3kChPvKXB2X9vGQ=
50,2,3DguFVt9reA1UqXlMTECP69jV+k=,MUtgiE/Lv3ZJ3kChPvKXB2X9vGQ=
63,3,3DguFVt9reA1UqXlMTECP69jV+k=,MUtgiE/Lv3ZJ3kChPvKXB2X9vGQ=
59,3,3DguFVt9reA1UqXlMTECP69jV+k=,MUtgiE/Lv3ZJ3kChPvKXB2X9vGQ=
53,0,3DguFVt9reA1UqXlMTECP69jV+k=,MUtgiE/Lv3ZJ3kChPvKXB2X9vGQ=
62,3,3DguFVt9reA1UqXlMTECP69jV+k=,MUtgiE/Lv3ZJ3kChPvKXB2X9vGQ=
56,3,3DguFVt9reA1UqXlMTECP69jV+k=,MUtgiE/Lv3ZJ3kChPvKXB2X9vGQ=
60,3,3DguFVt9reA1UqXlMTECP69jV+k=,MUtgiE/Lv3ZJ3kChPvKXB2X9vGQ=
58,3,3DguFVt9reA1UqXlMTECP69jV+k=,MUtgiE/Lv3ZJ3kChPvKXB2X9vGQ=
49,2,3DguFVt9reA1UqXlMTECP69jV+k=,MUtgiE/Lv3ZJ3kChPvKXB2X9vGQ=
57,3,3DguFVt9reA1UqXlMTECP69jV+k=,MUtgiE/Lv3ZJ3kChPvKXB2X9vGQ=
48,0,3DguFVt9reA1UqXlMTECP69jV+k=,MUtgiE/Lv3ZJ3kChPvKXB2X9vGQ=
