142,-30,t+TxxsPy2ikKg3YmHIJOHS1Zpi4=,/xC8KexwHRjHLH5G0u0VqjnIjBM=
143,-17,t+TxxsPy2ikKg3YmHIJOHS1Zpi4=,/xC8KexwHRjHLH5G0u0VqjnIjBM=
142,-17,t+TxxsPy2ikKg3YmHIJOHS1Zpi4=,/xC8KexwHRjHLH5G0u0VqjnIjBM=
143,-30,t+TxxsPy2ikKg3YmHIJOHS1Zpi4=,/xC8KexwHRjHLH5G0u0VqjnIjBM=
141,-17,t+TxxsPy2ikKg3YmHIJOHS1Zpi4=,/xC8KexwHRjHLH5G0u0VqjnIjBM=
140,-17,t+TxxsPy2ikKg3YmHIJOHS1Zpi4=,/xC8KexwHRjHLH5G0u0VqjnIjBM=
141,-30,t+TxxsPy2ikKg3YmHIJOHS1Zpi4=,/xC8KexwHRjHLH5G0u0VqjnIjBM=
138,-17,t+TxxsPy2ikKg3YmHIJOHS1Zpi4=,/xC8KexwHRjHLH5G0u0VqjnIjBM=
137,-17,t+TxxsPy2ikKg3YmHIJOHS1Zpi4=,/xC8KexwHRjHLH5G0u0VqjnIjBM=
136,-17,t+TxxsPy2ikKg3YmHIJOHS1Zpi4=,/xC8KexwHRjHLH5G0u0VqjnIjBM=
135,-17,t+TxxsPy2ikKg3YmHIJOHS1Zpi4=,/xC8KexwHRjHLH5G0u0VqjnIjBM=
134,-17,t+TxxsPy2ikKg3YmHIJOHS1Zpi4=,/xC8KexwHRjHLH5G0u0VqjnIjBM=
132,-17,t+TxxsPy2ikKg3YmHIJOHS1Zpi4=,/xC8KexwHRjHLH5G0u0VqjnIjBM=
139,-17,t+TxxsPy2ikKg3YmHIJOHS1Zpi4=,/xC8KexwHRjHLH5G0u0VqjnIjBM=
131,-17,t+TxxsPy2ikKg3YmHIJOHS1Zpi4=,/xC8KexwHRjHLH5G0u0VqjnIjBM=
130,-17,t+TxxsPy2ikKg3YmHIJOHS1Zpi4=,/xC8KexwHRjHLH5G0u0VqjnIjBM=
129,-31,t+TxxsPy2ikKg3YmHIJOHS1Zpi4=,/xC8KexwHRjHLH5G0u0VqjnIjBM=
129,-17,t+TxxsPy2ikKg3YmHIJOHS1Zpi4=,/xC8KexwHRjHLH5G0u0VqjnIjBM=
133,-17,t+TxxsPy2ikKg3YmHIJOHS1Zpi4=,/xC8KexwHRjHLH5G0u0VqjnIjBM=
142,-31,t+TxxsPy2ikKg3YmHIJOHS1Zpi4=,/xC8KexwHRjHLH5G0u0VqjnIjBM=
137,-31,t+TxxsPy2ikKg3YmHIJOHS1Zpi4=,/xC8KexwHRjHLH5G0u0VqjnIjBM=
141,-31,t+TxxsPy2ikKg3YmHIJOHS1Zpi4=,/xC8KexwHRjHLH5G0u0VqjnIjBM=
136,-31,t+TxxsPy2ikKg3YmHIJOHS1Zpi4=,/xC8KexwHRjHLH5G0u0VqjnIjBM=
140,-31,t+TxxsPy2ikKg3YmHIJOHS1Zpi4=,/xC8KexwHRjHLH5G0u0VqjnIjBM=
135,-31,t+TxxsPy2ikKg3YmHIJOHS1Zpi4=,/xC8KexwHRjHLH5G0u0VqjnIjBM=
134,-31,t+TxxsPy2ikKg3YmHIJOHS1Zpi4=,/xC8KexwHRjHLH5G0u0VqjnIjBM=
132,-31,t+TxxsPy2ikKg3YmHIJOHS1Zpi4=,/xC8KexwHRjHLH5G0u0VqjnIjBM=
143,-31,t+TxxsPy2ikKg3YmHIJOHS1Zpi4=,/xC8KexwHRjHLH5G0u0VqjnIjBM=
133,-31,t+TxxsPy2ikKg3YmHIJOHS1Zpi4=,/xC8KexwHRjHLH5G0u0VqjnIjBM=
128,-17,t+TxxsPy2ikKg3YmHIJOHS1Zpi4=,/xC8KexwHRjHLH5G0u0VqjnIjBM=
131,-31,t+TxxsPy2ikKg3YmHIJOHS1Zpi4=,/xC8KexwHRjHLH5G0u0VqjnIjBM=
143,-18,t+TxxsPy2ikKg3YmHIJOHS1Zpi4=,/xC8KexwHRjHLH5G0u0VqjnIjBM=
130,-31,t+TxxsPy2ikKg3YmHIJOHS1Zpi4=,/xC8KexwHRjHLH5G0u0VqjnIjBM=
142,-18,t+TxxsPy2ikKg3YmHIJOHS1Zpi4=,/xC8KexwHRjHLH5G0u0VqjnIjBM=
141,-18,t+TxxsPy2ikKg3YmHIJOHS1Zpi4=,/xC8KexwHRjHLH5G0u0VqjnIjBM=
140,-18,t+TxxsPy2ikKg3YmHIJOHS1Zpi4=,/xC8KexwHRjHLH5G0u0VqjnIjBM=
138,-18,t+TxxsPy2ikKg3YmHIJOHS1Zpi4=,/xC8KexwHRjHLH5G0u0VqjnIjBM=
137,-18,t+TxxsPy2ikKg3YmHIJOHS1Zpi4=,/xC8KexwHRjHLH5G0u0VqjnIjBM=
134,-18,t+TxxsPy2ikKg3YmHIJOHS1Zpi4=,/xC8KexwHRjHLH5G0u0VqjnIjBM=
139,-18,t+TxxsPy2ikKg3YmHIJOHS1Zpi4=,/xC8KexwHRjHLH5G0u0VqjnIjBM=
133,-18,t+TxxsPy2ikKg3YmHIJOHS1Zpi4=,/xC8KexwHRjHLH5G0u0VqjnIjBM=
132,-18,t+TxxsPy2ikKg3YmHIJOHS1Zpi4=,/xC8KexwHRjHLH5G0u0VqjnIjBM=
136,-18,t+TxxsPy2ikKg3YmHIJOHS1Zpi4=,/xC8KexwHRjHLH5G0u0VqjnIjBM=
131,-18,t+TxxsPy2ikKg3YmHIJOHS1Zpi4=,/xC8KexwHRjHLH5G0u0VqjnIjBM=
129,-18,t+TxxsPy2ikKg3YmHIJOHS1Zpi4=,/xC8KexwHRjHLH5G0u0VqjnIjBM=
135,-18,t+TxxsPy2ikKg3YmHIJOHS1Zpi4=,/xC8KexwHRjHLH5G0u0VqjnIjBM=
128,-18,t+TxxsPy2ikKg3YmHIJOHS1Zpi4=,/xC8KexwHRjHLH5G0u0VqjnIjBM=
143,-19,t+TxxsPy2ikKg3YmHIJOHS1Zpi4=,/xC8KexwHRjHLH5G0u0VqjnIjBM=
128,-31,t+TxxsPy2ikKg3YmHIJOHS1Zpi4=,/xC8KexwHRjHLH5G0u0VqjnIjBM=
130,-18,t+TxxsPy2ikKg3YmHIJOHS1Zpi4=,/xC8KexwHRjHLH5G0u0VqjnIjBM=
140,-19,t+TxxsPy2ikKg3YmHIJOHS1Zpi4=,/xC8KexwHRjHLH5G0u0VqjnIjBM=
141,-19,t+TxxsPy2ikKg3YmHIJOHS1Zpi4=,/xC8KexwHRjHLH5G0u0VqjnIjBM=
143,-32,t+TxxsPy2ikKg3YmHIJOHS1Zpi4=,/xC8KexwHRjHLH5G0u0VqjnIjBM=
139,-19,t+TxxsPy2ikKg3YmHIJOHS1Zpi4=,/xC8KexwHRjHLH5G0u0VqjnIjBM=
142,-19,t+TxxsPy2ikKg3YmHIJOHS1Zpi4=,/xC8KexwHRjHLH5G0u0VqjnIjBM=
138,-19,t+TxxsPy2ikKg3YmHIJOHS1Zpi4=,/xC8KexwHRjHLH5G0u0VqjnIjBM=
135,-19,t+TxxsPy2ikKg3YmHIJOHS1Zpi4=,/xC8KexwHRjHLH5G0u0VqjnIjBM=
133,-19,t+TxxsPy2ikKg3YmHIJOHS1Zpi4=,/xC8KexwHRjHLH5G0u0VqjnIjBM=
136,-19,t+TxxsPy2ikKg3YmHIJOHS1Zpi4=,/xC8KexwHRjHLH5G0u0VqjnIjBM=
137,-19,t+TxxsPy2ikKg3YmHIJOHS1Zpi4=,/xC8KexwHRjHLH5G0u0VqjnIjBM=
132,-19,t+TxxsPy2ikKg3YmHIJOHS1Zpi4=,/xC8KexwHRjHLH5G0u0VqjnIjBM=
129,-19,t+TxxsPy2ikKg3YmHIJOHS1Zpi4=,/xC8KexwHRjHLH5G0u0VqjnIjBM=
131,-19,t+TxxsPy2ikKg3YmHIJOHS1Zpi4=,/xC8KexwHRjHLH5G0u0VqjnIjBM=
130,-19,t+TxxsPy2ikKg3YmHIJOHS1Zpi4=,/xC8KexwHRjHLH5G0u0VqjnIjBM=
143,-20,t+TxxsPy2ikKg3YmHIJOHS1Zpi4=,/xC8KexwHRjHLH5G0u0VqjnIjBM=
128,-19,t+TxxsPy2ikKg3YmHIJOHS1Zpi4=,/xC8KexwHRjHLH5G0u0VqjnIjBM=
141,-20,t+TxxsPy2ikKg3YmHIJOHS1Zpi4=,/xC8KexwHRjHLH5G0u0VqjnIjBM=
142,-20,t+TxxsPy2ikKg3YmHIJOHS1Zpi4=,/xC8KexwHRjHLH5G0u0VqjnIjBM=
140,-20,t+TxxsPy2ikKg3YmHIJOHS1Zpi4=,/xC8KexwHRjHLH5G0u0VqjnIjBM=
139,-20,t+TxxsPy2ikKg3YmHIJOHS1Zpi4=,/xC8KexwHRjHLH5G0u0VqjnIjBM=
131,-32,t+TxxsPy2ikKg3YmHIJOHS1Zpi4=,/xC8KexwHRjHLH5G0u0VqjnIjBM=
142,-32,t+TxxsPy2ikKg3YmHIJOHS1Zpi4=,/xC8KexwHRjHLH5G0u0VqjnIjBM=
135,-20,t+TxxsPy2ikKg3YmHIJOHS1Zpi4=,/xC8KexwHRjHLH5G0u0VqjnIjBM=
136,-20,t+TxxsPy2ikKg3YmHIJOHS1Zpi4=,/xC8KexwHRjHLH5G0u0VqjnIjBM=
129,-32,t+TxxsPy2ikKg3YmHIJOHS1Zpi4=,/xC8KexwHRjHLH5G0u0VqjnIjBM=
131,-20,t+TxxsPy2ikKg3YmHIJOHS1Zpi4=,/xC8KexwHRjHLH5G0u0VqjnIjBM=
129,-20,t+TxxsPy2ikKg3YmHIJOHS1Zpi4=,/xC8KexwHRjHLH5G0u0VqjnIjBM=
128,-20,t+TxxsPy2ikKg3YmHIJOHS1Zpi4=,/xC8KexwHRjHLH5G0u0VqjnIjBM=
130,-20,t+TxxsPy2ikKg3YmHIJOHS1Zpi4=,/xC8KexwHRjHLH5G0u0VqjnIjBM=
143,-21,t+TxxsPy2ikKg3YmHIJOHS1Zpi4=,/xC8KexwHRjHLH5G0u0VqjnIjBM=
139,-31,t+TxxsPy2ikKg3YmHIJOHS1Zpi4=,/xC8KexwHRjHLH5G0u0VqjnIjBM=
142,-21,t+TxxsPy2ikKg3YmHIJOHS1Zpi4=,/xC8KexwHRjHLH5G0u0VqjnIjBM=
134,-19,t+TxxsPy2ikKg3YmHIJOHS1Zpi4=,/xC8KexwHRjHLH5G0u0VqjnIjBM=
140,-30,t+TxxsPy2ikKg3YmHIJOHS1Zpi4=,/xC8KexwHRjHLH5G0u0VqjnIjBM=
141,-32,t+TxxsPy2ikKg3YmHIJOHS1Zpi4=,/xC8KexwHRjHLH5G0u0VqjnIjBM=
137,-30,t+TxxsPy2ikKg3YmHIJOHS1Zpi4=,/xC8KexwHRjHLH5G0u0VqjnIjBM=
138,-31,t+TxxsPy2ikKg3YmHIJOHS1Zpi4=,/xC8KexwHRjHLH5G0u0VqjnIjBM=
137,-20,t+TxxsPy2ikKg3YmHIJOHS1Zpi4=,/xC8KexwHRjHLH5G0u0VqjnIjBM=
139,-30,t+TxxsPy2ikKg3YmHIJOHS1Zpi4=,/xC8KexwHRjHLH5G0u0VqjnIjBM=
138,-20,t+TxxsPy2ikKg3YmHIJOHS1Zpi4=,/xC8KexwHRjHLH5G0u0VqjnIjBM=
133,-20,t+TxxsPy2ikKg3YmHIJOHS1Zpi4=,/xC8KexwHRjHLH5G0u0VqjnIjBM=
130,-32,t+TxxsPy2ikKg3YmHIJOHS1Zpi4=,/xC8KexwHRjHLH5G0u0VqjnIjBM=
141,-21,t+TxxsPy2ikKg3YmHIJOHS1Zpi4=,/xC8KexwHRjHLH5G0u0VqjnIjBM=
130,-21,t+TxxsPy2ikKg3YmHIJOHS1Zpi4=,/xC8KexwHRjHLH5G0u0VqjnIjBM=
143,-22,t+TxxsPy2ikKg3YmHIJOHS1Zpi4=,/xC8KexwHRjHLH5G0u0VqjnIjBM=
134,-20,t+TxxsPy2ikKg3YmHIJOHS1Zpi4=,/xC8KexwHRjHLH5G0u0VqjnIjBM=
142,-22,t+TxxsPy2ikKg3YmHIJOHS1Zpi4=,/xC8KexwHRjHLH5G0u0VqjnIjBM=
141,-22,t+TxxsPy2ikKg3YmHIJOHS1Zpi4=,/xC8KexwHRjHLH5G0u0VqjnIjBM=
138,-30,t+TxxsPy2ikKg3YmHIJOHS1Zpi4=,/xC8KexwHRjHLH5G0u0VqjnIjBM=
139,-21,t+TxxsPy2ikKg3YmHIJOHS1Zpi4=,/xC8KexwHRjHLH5G0u0VqjnIjBM=
136,-30,t+TxxsPy2ikKg3YmHIJOHS1Zpi4=,/xC8KexwHRjHLH5G0u0VqjnIjBM=
140,-32,t+TxxsPy2ikKg3YmHIJOHS1Zpi4=,/xC8KexwHRjHLH5G0u0VqjnIjBM=
133,-21,t+TxxsPy2ikKg3YmHIJOHS1Zpi4=,/xC8KexwHRjHLH5G0u0VqjnIjBM=
129,-29,t+TxxsPy2ikKg3YmHIJOHS1Zpi4=,/xC8KexwHRjHLH5G0u0VqjnIjBM=
132,-20,t+TxxsPy2ikKg3YmHIJOHS1Zpi4=,/xC8KexwHRjHLH5G0u0VqjnIjBM=
129,-21,t+TxxsPy2ikKg3YmHIJOHS1Zpi4=,/xC8KexwHRjHLH5G0u0VqjnIjBM=
128,-21,t+TxxsPy2ikKg3YmHIJOHS1Zpi4=,/xC8KexwHRjHLH5G0u0VqjnIjBM=
140,-21,t+TxxsPy2ikKg3YmHIJOHS1Zpi4=,/xC8KexwHRjHLH5G0u0VqjnIjBM=
128,-29,t+TxxsPy2ikKg3YmHIJOHS1Zpi4=,/xC8KexwHRjHLH5G0u0VqjnIjBM=
137,-21,t+TxxsPy2ikKg3YmHIJOHS1Zpi4=,/xC8KexwHRjHLH5G0u0VqjnIjBM=
134,-21,t+TxxsPy2ikKg3YmHIJOHS1Zpi4=,/xC8KexwHRjHLH5G0u0VqjnIjBM=
136,-21,t+TxxsPy2ikKg3YmHIJOHS1Zpi4=,/xC8KexwHRjHLH5G0u0VqjnIjBM=
136,-22,t+TxxsPy2ikKg3YmHIJOHS1Zpi4=,/xC8KexwHRjHLH5G0u0VqjnIjBM=
135,-21,t+TxxsPy2ikKg3YmHIJOHS1Zpi4=,/xC8KexwHRjHLH5G0u0VqjnIjBM=
142,-23,t+TxxsPy2ikKg3YmHIJOHS1Zpi4=,/xC8KexwHRjHLH5G0u0VqjnIjBM=
143,-23,t+TxxsPy2ikKg3YmHIJOHS1Zpi4=,/xC8KexwHRjHLH5G0u0VqjnIjBM=
131,-21,t+TxxsPy2ikKg3YmHIJOHS1Zpi4=,/xC8KexwHRjHLH5G0u0VqjnIjBM=
139,-22,t+TxxsPy2ikKg3YmHIJOHS1Zpi4=,/xC8KexwHRjHLH5G0u0VqjnIjBM=
132,-21,t+TxxsPy2ikKg3YmHIJOHS1Zpi4=,/xC8KexwHRjHLH5G0u0VqjnIjBM=
141,-23,t+TxxsPy2ikKg3YmHIJOHS1Zpi4=,/xC8KexwHRjHLH5G0u0VqjnIjBM=
138,-21,t+TxxsPy2ikKg3YmHIJOHS1Zpi4=,/xC8KexwHRjHLH5G0u0VqjnIjBM=
139,-32,t+TxxsPy2ikKg3YmHIJOHS1Zpi4=,/xC8KexwHRjHLH5G0u0VqjnIjBM=
133,-22,t+TxxsPy2ikKg3YmHIJOHS1Zpi4=,/xC8KexwHRjHLH5G0u0VqjnIjBM=
135,-30,t+TxxsPy2ikKg3YmHIJOHS1Zpi4=,/xC8KexwHRjHLH5G0u0VqjnIjBM=
130,-29,t+TxxsPy2ikKg3YmHIJOHS1Zpi4=,/xC8KexwHRjHLH5G0u0VqjnIjBM=
135,-22,t+TxxsPy2ikKg3YmHIJOHS1Zpi4=,/xC8KexwHRjHLH5G0u0VqjnIjBM=
130,-22,t+TxxsPy2ikKg3YmHIJOHS1Zpi4=,/xC8KexwHRjHLH5G0u0VqjnIjBM=
128,-30,t+TxxsPy2ikKg3YmHIJOHS1Zpi4=,/xC8KexwHRjHLH5G0u0VqjnIjBM=
137,-22,t+TxxsPy2ikKg3YmHIJOHS1Zpi4=,/xC8KexwHRjHLH5G0u0VqjnIjBM=
131,-22,t+TxxsPy2ikKg3YmHIJOHS1Zpi4=,/xC8KexwHRjHLH5G0u0VqjnIjBM=
140,-22,t+TxxsPy2ikKg3YmHIJOHS1Zpi4=,/xC8KexwHRjHLH5G0u0VqjnIjBM=
129,-22,t+TxxsPy2ikKg3YmHIJOHS1Zpi4=,/xC8KexwHRjHLH5G0u0VqjnIjBM=
134,-23,t+TxxsPy2ikKg3YmHIJOHS1Zpi4=,/xC8KexwHRjHLH5G0u0VqjnIjBM=
132,-22,t+TxxsPy2ikKg3YmHIJOHS1Zpi4=,/xC8KexwHRjHLH5G0u0VqjnIjBM=
143,-24,t+TxxsPy2ikKg3YmHIJOHS1Zpi4=,/xC8KexwHRjHLH5G0u0VqjnIjBM=
130,-23,t+TxxsPy2ikKg3YmHIJOHS1Zpi4=,/xC8KexwHRjHLH5G0u0VqjnIjBM=
138,-22,t+TxxsPy2ikKg3YmHIJOHS1Zpi4=,/xC8KexwHRjHLH5G0u0VqjnIjBM=
142,-24,t+TxxsPy2ikKg3YmHIJOHS1Zpi4=,/xC8KexwHRjHLH5G0u0VqjnIjBM=
134,-22,t+TxxsPy2ikKg3YmHIJOHS1Zpi4=,/xC8KexwHRjHLH5G0u0VqjnIjBM=
135,-23,t+TxxsPy2ikKg3YmHIJOHS1Zpi4=,/xC8KexwHRjHLH5G0u0VqjnIjBM=
128,-22,t+TxxsPy2ikKg3YmHIJOHS1Zpi4=,/xC8KexwHRjHLH5G0u0VqjnIjBM=
129,-23,t+TxxsPy2ikKg3YmHIJOHS1Zpi4=,/xC8KexwHRjHLH5G0u0VqjnIjBM=
133,-23,t+TxxsPy2ikKg3YmHIJOHS1Zpi4=,/xC8KexwHRjHLH5G0u0VqjnIjBM=
136,-24,t+TxxsPy2ikKg3YmHIJOHS1Zpi4=,/xC8KexwHRjHLH5G0u0VqjnIjBM=
134,-30,t+TxxsPy2ikKg3YmHIJOHS1Zpi4=,/xC8KexwHRjHLH5G0u0VqjnIjBM=
140,-23,t+TxxsPy2ikKg3YmHIJOHS1Zpi4=,/xC8KexwHRjHLH5G0u0VqjnIjBM=
138,-32,t+TxxsPy2ikKg3YmHIJOHS1Zpi4=,/xC8KexwHRjHLH5G0u0VqjnIjBM=
137,-23,t+TxxsPy2ikKg3YmHIJOHS1Zpi4=,/xC8KexwHRjHLH5G0u0VqjnIjBM=
141,-24,t+TxxsPy2ikKg3YmHIJOHS1Zpi4=,/xC8KexwHRjHLH5G0u0VqjnIjBM=
131,-23,t+TxxsPy2ikKg3YmHIJOHS1Zpi4=,/xC8KexwHRjHLH5G0u0VqjnIjBM=
131,-29,t+TxxsPy2ikKg3YmHIJOHS1Zpi4=,/xC8KexwHRjHLH5G0u0VqjnIjBM=
136,-23,t+TxxsPy2ikKg3YmHIJOHS1Zpi4=,/xC8KexwHRjHLH5G0u0VqjnIjBM=
139,-23,t+TxxsPy2ikKg3YmHIJOHS1Zpi4=,/xC8KexwHRjHLH5G0u0VqjnIjBM=
142,-25,t+TxxsPy2ikKg3YmHIJOHS1Zpi4=,/xC8KexwHRjHLH5G0u0VqjnIjBM=
134,-24,t+TxxsPy2ikKg3YmHIJOHS1Zpi4=,/xC8KexwHRjHLH5G0u0VqjnIjBM=
138,-23,t+TxxsPy2ikKg3YmHIJOHS1Zpi4=,/xC8KexwHRjHLH5G0u0VqjnIjBM=
143,-25,t+TxxsPy2ikKg3YmHIJOHS1Zpi4=,/xC8KexwHRjHLH5G0u0VqjnIjBM=
132,-23,t+TxxsPy2ikKg3YmHIJOHS1Zpi4=,/xC8KexwHRjHLH5G0u0VqjnIjBM=
129,-24,t+TxxsPy2ikKg3YmHIJOHS1Zpi4=,/xC8KexwHRjHLH5G0u0VqjnIjBM=
128,-23,t+TxxsPy2ikKg3YmHIJOHS1Zpi4=,/xC8KexwHRjHLH5G0u0VqjnIjBM=
135,-24,t+TxxsPy2ikKg3YmHIJOHS1Zpi4=,/xC8KexwHRjHLH5G0u0VqjnIjBM=
130,-24,t+TxxsPy2ikKg3YmHIJOHS1Zpi4=,/xC8KexwHRjHLH5G0u0VqjnIjBM=
137,-32,t+TxxsPy2ikKg3YmHIJOHS1Zpi4=,/xC8KexwHRjHLH5G0u0VqjnIjBM=
138,-24,t+TxxsPy2ikKg3YmHIJOHS1Zpi4=,/xC8KexwHRjHLH5G0u0VqjnIjBM=
140,-24,t+TxxsPy2ikKg3YmHIJOHS1Zpi4=,/xC8KexwHRjHLH5G0u0VqjnIjBM=
137,-24,t+TxxsPy2ikKg3YmHIJOHS1Zpi4=,/xC8KexwHRjHLH5G0u0VqjnIjBM=
128,-24,t+TxxsPy2ikKg3YmHIJOHS1Zpi4=,/xC8KexwHRjHLH5G0u0VqjnIjBM=
139,-24,t+TxxsPy2ikKg3YmHIJOHS1Zpi4=,/xC8KexwHRjHLH5G0u0VqjnIjBM=
133,-30,t+TxxsPy2ikKg3YmHIJOHS1Zpi4=,/xC8KexwHRjHLH5G0u0VqjnIjBM=
132,-29,t+TxxsPy2ikKg3YmHIJOHS1Zpi4=,/xC8KexwHRjHLH5G0u0VqjnIjBM=
133,-24,t+TxxsPy2ikKg3YmHIJOHS1Zpi4=,/xC8KexwHRjHLH5G0u0VqjnIjBM=
138,-25,t+TxxsPy2ikKg3YmHIJOHS1Zpi4=,/xC8KexwHRjHLH5G0u0VqjnIjBM=
132,-32,t+TxxsPy2ikKg3YmHIJOHS1Zpi4=,/xC8KexwHRjHLH5G0u0VqjnIjBM=
131,-24,t+TxxsPy2ikKg3YmHIJOHS1Zpi4=,/xC8KexwHRjHLH5G0u0VqjnIjBM=
143,-26,t+TxxsPy2ikKg3YmHIJOHS1Zpi4=,/xC8KexwHRjHLH5G0u0VqjnIjBM=
142,-26,t+TxxsPy2ikKg3YmHIJOHS1Zpi4=,/xC8KexwHRjHLH5G0u0VqjnIjBM=
140,-25,t+TxxsPy2ikKg3YmHIJOHS1Zpi4=,/xC8KexwHRjHLH5G0u0VqjnIjBM=
139,-25,t+TxxsPy2ikKg3YmHIJOHS1Zpi4=,/xC8KexwHRjHLH5G0u0VqjnIjBM=
132,-24,t+TxxsPy2ikKg3YmHIJOHS1Zpi4=,/xC8KexwHRjHLH5G0u0VqjnIjBM=
141,-25,t+TxxsPy2ikKg3YmHIJOHS1Zpi4=,/xC8KexwHRjHLH5G0u0VqjnIjBM=
133,-29,t+TxxsPy2ikKg3YmHIJOHS1Zpi4=,/xC8KexwHRjHLH5G0u0VqjnIjBM=
135,-29,t+TxxsPy2ikKg3YmHIJOHS1Zpi4=,/xC8KexwHRjHLH5G0u0VqjnIjBM=
134,-29,t+TxxsPy2ikKg3YmHIJOHS1Zpi4=,/xC8KexwHRjHLH5G0u0VqjnIjBM=
129,-25,t+TxxsPy2ikKg3YmHIJOHS1Zpi4=,/xC8KexwHRjHLH5G0u0VqjnIjBM=
136,-25,t+TxxsPy2ikKg3YmHIJOHS1Zpi4=,/xC8KexwHRjHLH5G0u0VqjnIjBM=
134,-25,t+TxxsPy2ikKg3YmHIJOHS1Zpi4=,/xC8KexwHRjHLH5G0u0VqjnIjBM=
136,-32,t+TxxsPy2ikKg3YmHIJOHS1Zpi4=,/xC8KexwHRjHLH5G0u0VqjnIjBM=
141,-26,t+TxxsPy2ikKg3YmHIJOHS1Zpi4=,/xC8KexwHRjHLH5G0u0VqjnIjBM=
135,-25,t+TxxsPy2ikKg3YmHIJOHS1Zpi4=,/xC8KexwHRjHLH5G0u0VqjnIjBM=
128,-25,t+TxxsPy2ikKg3YmHIJOHS1Zpi4=,/xC8KexwHRjHLH5G0u0VqjnIjBM=
137,-25,t+TxxsPy2ikKg3YmHIJOHS1Zpi4=,/xC8KexwHRjHLH5G0u0VqjnIjBM=
133,-25,t+TxxsPy2ikKg3YmHIJOHS1Zpi4=,/xC8KexwHRjHLH5G0u0VqjnIjBM=
131,-25,t+TxxsPy2ikKg3YmHIJOHS1Zpi4=,/xC8KexwHRjHLH5G0u0VqjnIjBM=
132,-25,t+TxxsPy2ikKg3YmHIJOHS1Zpi4=,/xC8KexwHRjHLH5G0u0VqjnIjBM=
140,-26,t+TxxsPy2ikKg3YmHIJOHS1Zpi4=,/xC8KexwHRjHLH5G0u0VqjnIjBM=
143,-27,t+TxxsPy2ikKg3YmHIJOHS1Zpi4=,/xC8KexwHRjHLH5G0u0VqjnIjBM=
128,-26,t+TxxsPy2ikKg3YmHIJOHS1Zpi4=,/xC8KexwHRjHLH5G0u0VqjnIjBM=
141,-27,t+TxxsPy2ikKg3YmHIJOHS1Zpi4=,/xC8KexwHRjHLH5G0u0VqjnIjBM=
142,-27,t+TxxsPy2ikKg3YmHIJOHS1Zpi4=,/xC8KexwHRjHLH5G0u0VqjnIjBM=
136,-29,t+TxxsPy2ikKg3YmHIJOHS1Zpi4=,/xC8KexwHRjHLH5G0u0VqjnIjBM=
132,-30,t+TxxsPy2ikKg3YmHIJOHS1Zpi4=,/xC8KexwHRjHLH5G0u0VqjnIjBM=
139,-26,t+TxxsPy2ikKg3YmHIJOHS1Zpi4=,/xC8KexwHRjHLH5G0u0VqjnIjBM=
130,-25,t+TxxsPy2ikKg3YmHIJOHS1Zpi4=,/xC8KexwHRjHLH5G0u0VqjnIjBM=
133,-26,t+TxxsPy2ikKg3YmHIJOHS1Zpi4=,/xC8KexwHRjHLH5G0u0VqjnIjBM=
134,-26,t+TxxsPy2ikKg3YmHIJOHS1Zpi4=,/xC8KexwHRjHLH5G0u0VqjnIjBM=
129,-26,t+TxxsPy2ikKg3YmHIJOHS1Zpi4=,/xC8KexwHRjHLH5G0u0VqjnIjBM=
136,-26,t+TxxsPy2ikKg3YmHIJOHS1Zpi4=,/xC8KexwHRjHLH5G0u0VqjnIjBM=
135,-26,t+TxxsPy2ikKg3YmHIJOHS1Zpi4=,/xC8KexwHRjHLH5G0u0VqjnIjBM=
138,-26,t+TxxsPy2ikKg3YmHIJOHS1Zpi4=,/xC8KexwHRjHLH5G0u0VqjnIjBM=
140,-27,t+TxxsPy2ikKg3YmHIJOHS1Zpi4=,/xC8KexwHRjHLH5G0u0VqjnIjBM=
128,-27,t+TxxsPy2ikKg3YmHIJOHS1Zpi4=,/xC8KexwHRjHLH5G0u0VqjnIjBM=
135,-32,t+TxxsPy2ikKg3YmHIJOHS1Zpi4=,/xC8KexwHRjHLH5G0u0VqjnIjBM=
134,-32,t+TxxsPy2ikKg3YmHIJOHS1Zpi4=,/xC8KexwHRjHLH5G0u0VqjnIjBM=
143,-28,t+TxxsPy2ikKg3YmHIJOHS1Zpi4=,/xC8KexwHRjHLH5G0u0VqjnIjBM=
137,-26,t+TxxsPy2ikKg3YmHIJOHS1Zpi4=,/xC8KexwHRjHLH5G0u0VqjnIjBM=
130,-26,t+TxxsPy2ikKg3YmHIJOHS1Zpi4=,/xC8KexwHRjHLH5G0u0VqjnIjBM=
141,-28,t+TxxsPy2ikKg3YmHIJOHS1Zpi4=,/xC8KexwHRjHLH5G0u0VqjnIjBM=
129,-27,t+TxxsPy2ikKg3YmHIJOHS1Zpi4=,/xC8KexwHRjHLH5G0u0VqjnIjBM=
131,-30,t+TxxsPy2ikKg3YmHIJOHS1Zpi4=,/xC8KexwHRjHLH5G0u0VqjnIjBM=
137,-29,t+TxxsPy2ikKg3YmHIJOHS1Zpi4=,/xC8KexwHRjHLH5G0u0VqjnIjBM=
139,-27,t+TxxsPy2ikKg3YmHIJOHS1Zpi4=,/xC8KexwHRjHLH5G0u0VqjnIjBM=
136,-27,t+TxxsPy2ikKg3YmHIJOHS1Zpi4=,/xC8KexwHRjHLH5G0u0VqjnIjBM=
138,-27,t+TxxsPy2ikKg3YmHIJOHS1Zpi4=,/xC8KexwHRjHLH5G0u0VqjnIjBM=
134,-27,t+TxxsPy2ikKg3YmHIJOHS1Zpi4=,/xC8KexwHRjHLH5G0u0VqjnIjBM=
137,-27,t+TxxsPy2ikKg3YmHIJOHS1Zpi4=,/xC8KexwHRjHLH5G0u0VqjnIjBM=
133,-27,t+TxxsPy2ikKg3YmHIJOHS1Zpi4=,/xC8KexwHRjHLH5G0u0VqjnIjBM=
142,-28,t+TxxsPy2ikKg3YmHIJOHS1Zpi4=,/xC8KexwHRjHLH5G0u0VqjnIjBM=
140,-28,t+TxxsPy2ikKg3YmHIJOHS1Zpi4=,/xC8KexwHRjHLH5G0u0VqjnIjBM=
135,-27,t+TxxsPy2ikKg3YmHIJOHS1Zpi4=,/xC8KexwHRjHLH5G0u0VqjnIjBM=
133,-32,t+TxxsPy2ikKg3YmHIJOHS1Zpi4=,/xC8KexwHRjHLH5G0u0VqjnIjBM=
136,-28,t+TxxsPy2ikKg3YmHIJOHS1Zpi4=,/xC8KexwHRjHLH5G0u0VqjnIjBM=
135,-28,t+TxxsPy2ikKg3YmHIJOHS1Zpi4=,/xC8KexwHRjHLH5G0u0VqjnIjBM=
139,-28,t+TxxsPy2ikKg3YmHIJOHS1Zpi4=,/xC8KexwHRjHLH5G0u0VqjnIjBM=
143,-29,t+TxxsPy2ikKg3YmHIJOHS1Zpi4=,/xC8KexwHRjHLH5G0u0VqjnIjBM=
132,-27,t+TxxsPy2ikKg3YmHIJOHS1Zpi4=,/xC8KexwHRjHLH5G0u0VqjnIjBM=
131,-27,t+TxxsPy2ikKg3YmHIJOHS1Zpi4=,/xC8KexwHRjHLH5G0u0VqjnIjBM=
128,-28,t+TxxsPy2ikKg3YmHIJOHS1Zpi4=,/xC8KexwHRjHLH5G0u0VqjnIjBM=
133,-28,t+TxxsPy2ikKg3YmHIJOHS1Zpi4=,/xC8KexwHRjHLH5G0u0VqjnIjBM=
142,-29,t+TxxsPy2ikKg3YmHIJOHS1Zpi4=,/xC8KexwHRjHLH5G0u0VqjnIjBM=
134,-28,t+TxxsPy2ikKg3YmHIJOHS1Zpi4=,/xC8KexwHRjHLH5G0u0VqjnIjBM=
132,-28,t+TxxsPy2ikKg3YmHIJOHS1Zpi4=,/xC8KexwHRjHLH5G0u0VqjnIjBM=
131,-26,t+TxxsPy2ikKg3YmHIJOHS1Zpi4=,/xC8KexwHRjHLH5G0u0VqjnIjBM=
128,-32,t+TxxsPy2ikKg3YmHIJOHS1Zpi4=,/xC8KexwHRjHLH5G0u0VqjnIjBM=
141,-29,t+TxxsPy2ikKg3YmHIJOHS1Zpi4=,/xC8KexwHRjHLH5G0u0VqjnIjBM=
130,-27,t+TxxsPy2ikKg3YmHIJOHS1Zpi4=,/xC8KexwHRjHLH5G0u0VqjnIjBM=
138,-28,t+TxxsPy2ikKg3YmHIJOHS1Zpi4=,/xC8KexwHRjHLH5G0u0VqjnIjBM=
130,-30,t+TxxsPy2ikKg3YmHIJOHS1Zpi4=,/xC8KexwHRjHLH5G0u0VqjnIjBM=
138,-29,t+TxxsPy2ikKg3YmHIJOHS1Zpi4=,/xC8KexwHRjHLH5G0u0VqjnIjBM=
140,-29,t+TxxsPy2ikKg3YmHIJOHS1Zpi4=,/xC8KexwHRjHLH5G0u0VqjnIjBM=
137,-28,t+TxxsPy2ikKg3YmHIJOHS1Zpi4=,/xC8KexwHRjHLH5G0u0VqjnIjBM=
129,-30,t+TxxsPy2ikKg3YmHIJOHS1Zpi4=,/xC8KexwHRjHLH5G0u0VqjnIjBM=
129,-28,t+TxxsPy2ikKg3YmHIJOHS1Zpi4=,/xC8KexwHRjHLH5G0u0VqjnIjBM=
139,-29,t+TxxsPy2ikKg3YmHIJOHS1Zpi4=,/xC8KexwHRjHLH5G0u0VqjnIjBM=
131,-28,t+TxxsPy2ikKg3YmHIJOHS1Zpi4=,/xC8KexwHRjHLH5G0u0VqjnIjBM=
130,-28,t+TxxsPy2ikKg3YmHIJOHS1Zpi4=,/xC8KexwHRjHLH5G0u0VqjnIjBM=
132,-26,t+TxxsPy2ikKg3YmHIJOHS1Zpi4=,/xC8KexwHRjHLH5G0u0VqjnIjBM=
141,-14,t+TxxsPy2ikKg3YmHIJOHS1Zpi4=,3s/UPNAvPfCjdOmswnlJdp2B1Ng=
131,-16,t+TxxsPy2ikKg3YmHIJOHS1Zpi4=,3s/UPNAvPfCjdOmswnlJdp2B1Ng=
143,-15,t+TxxsPy2ikKg3YmHIJOHS1Zpi4=,3s/UPNAvPfCjdOmswnlJdp2B1Ng=
140,-14,t+TxxsPy2ikKg3YmHIJOHS1Zpi4=,3s/UPNAvPfCjdOmswnlJdp2B1Ng=
139,-14,t+TxxsPy2ikKg3YmHIJOHS1Zpi4=,3s/UPNAvPfCjdOmswnlJdp2B1Ng=
138,-14,t+TxxsPy2ikKg3YmHIJOHS1Zpi4=,3s/UPNAvPfCjdOmswnlJdp2B1Ng=
143,-1,t+TxxsPy2ikKg3YmHIJOHS1Zpi4=,3s/UPNAvPfCjdOmswnlJdp2B1Ng=
137,-14,t+TxxsPy2ikKg3YmHIJOHS1Zpi4=,3s/UPNAvPfCjdOmswnlJdp2B1Ng=
136,-14,t+TxxsPy2ikKg3YmHIJOHS1Zpi4=,3s/UPNAvPfCjdOmswnlJdp2B1Ng=
140,-13,t+TxxsPy2ikKg3YmHIJOHS1Zpi4=,3s/UPNAvPfCjdOmswnlJdp2B1Ng=
135,-14,t+TxxsPy2ikKg3YmHIJOHS1Zpi4=,3s/UPNAvPfCjdOmswnlJdp2B1Ng=
134,-14,t+TxxsPy2ikKg3YmHIJOHS1Zpi4=,3s/UPNAvPfCjdOmswnlJdp2B1Ng=
142,-14,t+TxxsPy2ikKg3YmHIJOHS1Zpi4=,3s/UPNAvPfCjdOmswnlJdp2B1Ng=
132,-16,t+TxxsPy2ikKg3YmHIJOHS1Zpi4=,3s/UPNAvPfCjdOmswnlJdp2B1Ng=
129,-14,t+TxxsPy2ikKg3YmHIJOHS1Zpi4=,3s/UPNAvPfCjdOmswnlJdp2B1Ng=
130,-14,t+TxxsPy2ikKg3YmHIJOHS1Zpi4=,3s/UPNAvPfCjdOmswnlJdp2B1Ng=
141,-13,t+TxxsPy2ikKg3YmHIJOHS1Zpi4=,3s/UPNAvPfCjdOmswnlJdp2B1Ng=
133,-14,t+TxxsPy2ikKg3YmHIJOHS1Zpi4=,3s/UPNAvPfCjdOmswnlJdp2B1Ng=
132,-14,t+TxxsPy2ikKg3YmHIJOHS1Zpi4=,3s/UPNAvPfCjdOmswnlJdp2B1Ng=
142,-1,t+TxxsPy2ikKg3YmHIJOHS1Zpi4=,3s/UPNAvPfCjdOmswnlJdp2B1Ng=
142,-13,t+TxxsPy2ikKg3YmHIJOHS1Zpi4=,3s/UPNAvPfCjdOmswnlJdp2B1Ng=
128,-14,t+TxxsPy2ikKg3YmHIJOHS1Zpi4=,3s/UPNAvPfCjdOmswnlJdp2B1Ng=
141,-1,t+TxxsPy2ikKg3YmHIJOHS1Zpi4=,3s/UPNAvPfCjdOmswnlJdp2B1Ng=
133,-16,t+TxxsPy2ikKg3YmHIJOHS1Zpi4=,3s/UPNAvPfCjdOmswnlJdp2B1Ng=
140,-1,t+TxxsPy2ikKg3YmHIJOHS1Zpi4=,3s/UPNAvPfCjdOmswnlJdp2B1Ng=
139,-1,t+TxxsPy2ikKg3YmHIJOHS1Zpi4=,3s/UPNAvPfCjdOmswnlJdp2B1Ng=
143,-13,t+TxxsPy2ikKg3YmHIJOHS1Zpi4=,3s/UPNAvPfCjdOmswnlJdp2B1Ng=
138,-1,t+TxxsPy2ikKg3YmHIJOHS1Zpi4=,3s/UPNAvPfCjdOmswnlJdp2B1Ng=
128,-12,t+TxxsPy2ikKg3YmHIJOHS1Zpi4=,3s/UPNAvPfCjdOmswnlJdp2B1Ng=
137,-1,t+TxxsPy2ikKg3YmHIJOHS1Zpi4=,3s/UPNAvPfCjdOmswnlJdp2B1Ng=
136,-1,t+TxxsPy2ikKg3YmHIJOHS1Zpi4=,3s/UPNAvPfCjdOmswnlJdp2B1Ng=
130,-15,t+TxxsPy2ikKg3YmHIJOHS1Zpi4=,3s/UPNAvPfCjdOmswnlJdp2B1Ng=
129,-12,t+TxxsPy2ikKg3YmHIJOHS1Zpi4=,3s/UPNAvPfCjdOmswnlJdp2B1Ng=
134,-1,t+TxxsPy2ikKg3YmHIJOHS1Zpi4=,3s/UPNAvPfCjdOmswnlJdp2B1Ng=
135,-1,t+TxxsPy2ikKg3YmHIJOHS1Zpi4=,3s/UPNAvPfCjdOmswnlJdp2B1Ng=
139,-13,t+TxxsPy2ikKg3YmHIJOHS1Zpi4=,3s/UPNAvPfCjdOmswnlJdp2B1Ng=
130,-1,t+TxxsPy2ikKg3YmHIJOHS1Zpi4=,3s/UPNAvPfCjdOmswnlJdp2B1Ng=
130,-12,t+TxxsPy2ikKg3YmHIJOHS1Zpi4=,3s/UPNAvPfCjdOmswnlJdp2B1Ng=
132,-1,t+TxxsPy2ikKg3YmHIJOHS1Zpi4=,3s/UPNAvPfCjdOmswnlJdp2B1Ng=
131,-1,t+TxxsPy2ikKg3YmHIJOHS1Zpi4=,3s/UPNAvPfCjdOmswnlJdp2B1Ng=
130,-16,t+TxxsPy2ikKg3YmHIJOHS1Zpi4=,3s/UPNAvPfCjdOmswnlJdp2B1Ng=
131,-12,t+TxxsPy2ikKg3YmHIJOHS1Zpi4=,3s/UPNAvPfCjdOmswnlJdp2B1Ng=
131,-14,t+TxxsPy2ikKg3YmHIJOHS1Zpi4=,3s/UPNAvPfCjdOmswnlJdp2B1Ng=
138,-13,t+TxxsPy2ikKg3YmHIJOHS1Zpi4=,3s/UPNAvPfCjdOmswnlJdp2B1Ng=
129,-1,t+TxxsPy2ikKg3YmHIJOHS1Zpi4=,3s/UPNAvPfCjdOmswnlJdp2B1Ng=
132,-12,t+TxxsPy2ikKg3YmHIJOHS1Zpi4=,3s/UPNAvPfCjdOmswnlJdp2B1Ng=
128,-1,t+TxxsPy2ikKg3YmHIJOHS1Zpi4=,3s/UPNAvPfCjdOmswnlJdp2B1Ng=
133,-12,t+TxxsPy2ikKg3YmHIJOHS1Zpi4=,3s/UPNAvPfCjdOmswnlJdp2B1Ng=
142,-15,t+TxxsPy2ikKg3YmHIJOHS1Zpi4=,3s/UPNAvPfCjdOmswnlJdp2B1Ng=
134,-12,t+TxxsPy2ikKg3YmHIJOHS1Zpi4=,3s/UPNAvPfCjdOmswnlJdp2B1Ng=
141,-2,t+TxxsPy2ikKg3YmHIJOHS1Zpi4=,3s/UPNAvPfCjdOmswnlJdp2B1Ng=
142,-2,t+TxxsPy2ikKg3YmHIJOHS1Zpi4=,3s/UPNAvPfCjdOmswnlJdp2B1Ng=
140,-2,t+TxxsPy2ikKg3YmHIJOHS1Zpi4=,3s/UPNAvPfCjdOmswnlJdp2B1Ng=
135,-12,t+TxxsPy2ikKg3YmHIJOHS1Zpi4=,3s/UPNAvPfCjdOmswnlJdp2B1Ng=
139,-2,t+TxxsPy2ikKg3YmHIJOHS1Zpi4=,3s/UPNAvPfCjdOmswnlJdp2B1Ng=
133,-1,t+TxxsPy2ikKg3YmHIJOHS1Zpi4=,3s/UPNAvPfCjdOmswnlJdp2B1Ng=
128,-16,t+TxxsPy2ikKg3YmHIJOHS1Zpi4=,3s/UPNAvPfCjdOmswnlJdp2B1Ng=
138,-2,t+TxxsPy2ikKg3YmHIJOHS1Zpi4=,3s/UPNAvPfCjdOmswnlJdp2B1Ng=
136,-2,t+TxxsPy2ikKg3YmHIJOHS1Zpi4=,3s/UPNAvPfCjdOmswnlJdp2B1Ng=
137,-2,t+TxxsPy2ikKg3YmHIJOHS1Zpi4=,3s/UPNAvPfCjdOmswnlJdp2B1Ng=
136,-12,t+TxxsPy2ikKg3YmHIJOHS1Zpi4=,3s/UPNAvPfCjdOmswnlJdp2B1Ng=
135,-2,t+TxxsPy2ikKg3YmHIJOHS1Zpi4=,3s/UPNAvPfCjdOmswnlJdp2B1Ng=
133,-2,t+TxxsPy2ikKg3YmHIJOHS1Zpi4=,3s/UPNAvPfCjdOmswnlJdp2B1Ng=
134,-2,t+TxxsPy2ikKg3YmHIJOHS1Zpi4=,3s/UPNAvPfCjdOmswnlJdp2B1Ng=
137,-12,t+TxxsPy2ikKg3YmHIJOHS1Zpi4=,3s/UPNAvPfCjdOmswnlJdp2B1Ng=
143,-2,t+TxxsPy2ikKg3YmHIJOHS1Zpi4=,3s/UPNAvPfCjdOmswnlJdp2B1Ng=
132,-2,t+TxxsPy2ikKg3YmHIJOHS1Zpi4=,3s/UPNAvPfCjdOmswnlJdp2B1Ng=
130,-2,t+TxxsPy2ikKg3YmHIJOHS1Zpi4=,3s/UPNAvPfCjdOmswnlJdp2B1Ng=
138,-12,t+TxxsPy2ikKg3YmHIJOHS1Zpi4=,3s/UPNAvPfCjdOmswnlJdp2B1Ng=
137,-13,t+TxxsPy2ikKg3YmHIJOHS1Zpi4=,3s/UPNAvPfCjdOmswnlJdp2B1Ng=
131,-2,t+TxxsPy2ikKg3YmHIJOHS1Zpi4=,3s/UPNAvPfCjdOmswnlJdp2B1Ng=
143,-14,t+TxxsPy2ikKg3YmHIJOHS1Zpi4=,3s/UPNAvPfCjdOmswnlJdp2B1Ng=
129,-2,t+TxxsPy2ikKg3YmHIJOHS1Zpi4=,3s/UPNAvPfCjdOmswnlJdp2B1Ng=
139,-12,t+TxxsPy2ikKg3YmHIJOHS1Zpi4=,3s/UPNAvPfCjdOmswnlJdp2B1Ng=
129,-15,t+TxxsPy2ikKg3YmHIJOHS1Zpi4=,3s/UPNAvPfCjdOmswnlJdp2B1Ng=
143,-3,t+TxxsPy2ikKg3YmHIJOHS1Zpi4=,3s/UPNAvPfCjdOmswnlJdp2B1Ng=
128,-15,t+TxxsPy2ikKg3YmHIJOHS1Zpi4=,3s/UPNAvPfCjdOmswnlJdp2B1Ng=
142,-3,t+TxxsPy2ikKg3YmHIJOHS1Zpi4=,3s/UPNAvPfCjdOmswnlJdp2B1Ng=
134,-16,t+TxxsPy2ikKg3YmHIJOHS1Zpi4=,3s/UPNAvPfCjdOmswnlJdp2B1Ng=
141,-3,t+TxxsPy2ikKg3YmHIJOHS1Zpi4=,3s/UPNAvPfCjdOmswnlJdp2B1Ng=
128,-2,t+TxxsPy2ikKg3YmHIJOHS1Zpi4=,3s/UPNAvPfCjdOmswnlJdp2B1Ng=
129,-16,t+TxxsPy2ikKg3YmHIJOHS1Zpi4=,3s/UPNAvPfCjdOmswnlJdp2B1Ng=
140,-3,t+TxxsPy2ikKg3YmHIJOHS1Zpi4=,3s/UPNAvPfCjdOmswnlJdp2B1Ng=
138,-3,t+TxxsPy2ikKg3YmHIJOHS1Zpi4=,3s/UPNAvPfCjdOmswnlJdp2B1Ng=
139,-3,t+TxxsPy2ikKg3YmHIJOHS1Zpi4=,3s/UPNAvPfCjdOmswnlJdp2B1Ng=
137,-3,t+TxxsPy2ikKg3YmHIJOHS1Zpi4=,3s/UPNAvPfCjdOmswnlJdp2B1Ng=
136,-3,t+TxxsPy2ikKg3YmHIJOHS1Zpi4=,3s/UPNAvPfCjdOmswnlJdp2B1Ng=
140,-12,t+TxxsPy2ikKg3YmHIJOHS1Zpi4=,3s/UPNAvPfCjdOmswnlJdp2B1Ng=
133,-3,t+TxxsPy2ikKg3YmHIJOHS1Zpi4=,3s/UPNAvPfCjdOmswnlJdp2B1Ng=
134,-3,t+TxxsPy2ikKg3YmHIJOHS1Zpi4=,3s/UPNAvPfCjdOmswnlJdp2B1Ng=
141,-12,t+TxxsPy2ikKg3YmHIJOHS1Zpi4=,3s/UPNAvPfCjdOmswnlJdp2B1Ng=
141,-15,t+TxxsPy2ikKg3YmHIJOHS1Zpi4=,3s/UPNAvPfCjdOmswnlJdp2B1Ng=
142,-12,t+TxxsPy2ikKg3YmHIJOHS1Zpi4=,3s/UPNAvPfCjdOmswnlJdp2B1Ng=
131,-3,t+TxxsPy2ikKg3YmHIJOHS1Zpi4=,3s/UPNAvPfCjdOmswnlJdp2B1Ng=
130,-3,t+TxxsPy2ikKg3YmHIJOHS1Zpi4=,3s/UPNAvPfCjdOmswnlJdp2B1Ng=
135,-3,t+TxxsPy2ikKg3YmHIJOHS1Zpi4=,3s/UPNAvPfCjdOmswnlJdp2B1Ng=
140,-15,t+TxxsPy2ikKg3YmHIJOHS1Zpi4=,3s/UPNAvPfCjdOmswnlJdp2B1Ng=
132,-3,t+TxxsPy2ikKg3YmHIJOHS1Zpi4=,3s/UPNAvPfCjdOmswnlJdp2B1Ng=
143,-12,t+TxxsPy2ikKg3YmHIJOHS1Zpi4=,3s/UPNAvPfCjdOmswnlJdp2B1Ng=
129,-3,t+TxxsPy2ikKg3YmHIJOHS1Zpi4=,3s/UPNAvPfCjdOmswnlJdp2B1Ng=
128,-3,t+TxxsPy2ikKg3YmHIJOHS1Zpi4=,3s/UPNAvPfCjdOmswnlJdp2B1Ng=
140,-4,t+TxxsPy2ikKg3YmHIJOHS1Zpi4=,3s/UPNAvPfCjdOmswnlJdp2B1Ng=
141,-4,t+TxxsPy2ikKg3YmHIJOHS1Zpi4=,3s/UPNAvPfCjdOmswnlJdp2B1Ng=
143,-4,t+TxxsPy2ikKg3YmHIJOHS1Zpi4=,3s/UPNAvPfCjdOmswnlJdp2B1Ng=
139,-4,t+TxxsPy2ikKg3YmHIJOHS1Zpi4=,3s/UPNAvPfCjdOmswnlJdp2B1Ng=
136,-13,t+TxxsPy2ikKg3YmHIJOHS1Zpi4=,3s/UPNAvPfCjdOmswnlJdp2B1Ng=
142,-4,t+TxxsPy2ikKg3YmHIJOHS1Zpi4=,3s/UPNAvPfCjdOmswnlJdp2B1Ng=
136,-4,t+TxxsPy2ikKg3YmHIJOHS1Zpi4=,3s/UPNAvPfCjdOmswnlJdp2B1Ng=
135,-4,t+TxxsPy2ikKg3YmHIJOHS1Zpi4=,3s/UPNAvPfCjdOmswnlJdp2B1Ng=
138,-4,t+TxxsPy2ikKg3YmHIJOHS1Zpi4=,3s/UPNAvPfCjdOmswnlJdp2B1Ng=
134,-4,t+TxxsPy2ikKg3YmHIJOHS1Zpi4=,3s/UPNAvPfCjdOmswnlJdp2B1Ng=
142,-16,t+TxxsPy2ikKg3YmHIJOHS1Zpi4=,3s/UPNAvPfCjdOmswnlJdp2B1Ng=
132,-4,t+TxxsPy2ikKg3YmHIJOHS1Zpi4=,3s/UPNAvPfCjdOmswnlJdp2B1Ng=
130,-4,t+TxxsPy2ikKg3YmHIJOHS1Zpi4=,3s/UPNAvPfCjdOmswnlJdp2B1Ng=
133,-4,t+TxxsPy2ikKg3YmHIJOHS1Zpi4=,3s/UPNAvPfCjdOmswnlJdp2B1Ng=
131,-4,t+TxxsPy2ikKg3YmHIJOHS1Zpi4=,3s/UPNAvPfCjdOmswnlJdp2B1Ng=
135,-13,t+TxxsPy2ikKg3YmHIJOHS1Zpi4=,3s/UPNAvPfCjdOmswnlJdp2B1Ng=
131,-15,t+TxxsPy2ikKg3YmHIJOHS1Zpi4=,3s/UPNAvPfCjdOmswnlJdp2B1Ng=
129,-4,t+TxxsPy2ikKg3YmHIJOHS1Zpi4=,3s/UPNAvPfCjdOmswnlJdp2B1Ng=
143,-5,t+TxxsPy2ikKg3YmHIJOHS1Zpi4=,3s/UPNAvPfCjdOmswnlJdp2B1Ng=
143,-16,t+TxxsPy2ikKg3YmHIJOHS1Zpi4=,3s/UPNAvPfCjdOmswnlJdp2B1Ng=
128,-4,t+TxxsPy2ikKg3YmHIJOHS1Zpi4=,3s/UPNAvPfCjdOmswnlJdp2B1Ng=
141,-5,t+TxxsPy2ikKg3YmHIJOHS1Zpi4=,3s/UPNAvPfCjdOmswnlJdp2B1Ng=
142,-5,t+TxxsPy2ikKg3YmHIJOHS1Zpi4=,3s/UPNAvPfCjdOmswnlJdp2B1Ng=
140,-5,t+TxxsPy2ikKg3YmHIJOHS1Zpi4=,3s/UPNAvPfCjdOmswnlJdp2B1Ng=
137,-4,t+TxxsPy2ikKg3YmHIJOHS1Zpi4=,3s/UPNAvPfCjdOmswnlJdp2B1Ng=
138,-5,t+TxxsPy2ikKg3YmHIJOHS1Zpi4=,3s/UPNAvPfCjdOmswnlJdp2B1Ng=
128,-11,t+TxxsPy2ikKg3YmHIJOHS1Zpi4=,3s/UPNAvPfCjdOmswnlJdp2B1Ng=
136,-5,t+TxxsPy2ikKg3YmHIJOHS1Zpi4=,3s/UPNAvPfCjdOmswnlJdp2B1Ng=
135,-5,t+TxxsPy2ikKg3YmHIJOHS1Zpi4=,3s/UPNAvPfCjdOmswnlJdp2B1Ng=
137,-5,t+TxxsPy2ikKg3YmHIJOHS1Zpi4=,3s/UPNAvPfCjdOmswnlJdp2B1Ng=
134,-5,t+TxxsPy2ikKg3YmHIJOHS1Zpi4=,3s/UPNAvPfCjdOmswnlJdp2B1Ng=
133,-5,t+TxxsPy2ikKg3YmHIJOHS1Zpi4=,3s/UPNAvPfCjdOmswnlJdp2B1Ng=
139,-15,t+TxxsPy2ikKg3YmHIJOHS1Zpi4=,3s/UPNAvPfCjdOmswnlJdp2B1Ng=
134,-13,t+TxxsPy2ikKg3YmHIJOHS1Zpi4=,3s/UPNAvPfCjdOmswnlJdp2B1Ng=
129,-11,t+TxxsPy2ikKg3YmHIJOHS1Zpi4=,3s/UPNAvPfCjdOmswnlJdp2B1Ng=
132,-5,t+TxxsPy2ikKg3YmHIJOHS1Zpi4=,3s/UPNAvPfCjdOmswnlJdp2B1Ng=
131,-5,t+TxxsPy2ikKg3YmHIJOHS1Zpi4=,3s/UPNAvPfCjdOmswnlJdp2B1Ng=
138,-15,t+TxxsPy2ikKg3YmHIJOHS1Zpi4=,3s/UPNAvPfCjdOmswnlJdp2B1Ng=
129,-5,t+TxxsPy2ikKg3YmHIJOHS1Zpi4=,3s/UPNAvPfCjdOmswnlJdp2B1Ng=
142,-6,t+TxxsPy2ikKg3YmHIJOHS1Zpi4=,3s/UPNAvPfCjdOmswnlJdp2B1Ng=
130,-11,t+TxxsPy2ikKg3YmHIJOHS1Zpi4=,3s/UPNAvPfCjdOmswnlJdp2B1Ng=
141,-16,t+TxxsPy2ikKg3YmHIJOHS1Zpi4=,3s/UPNAvPfCjdOmswnlJdp2B1Ng=
143,-6,t+TxxsPy2ikKg3YmHIJOHS1Zpi4=,3s/UPNAvPfCjdOmswnlJdp2B1Ng=
141,-6,t+TxxsPy2ikKg3YmHIJOHS1Zpi4=,3s/UPNAvPfCjdOmswnlJdp2B1Ng=
140,-6,t+TxxsPy2ikKg3YmHIJOHS1Zpi4=,3s/UPNAvPfCjdOmswnlJdp2B1Ng=
131,-11,t+TxxsPy2ikKg3YmHIJOHS1Zpi4=,3s/UPNAvPfCjdOmswnlJdp2B1Ng=
139,-6,t+TxxsPy2ikKg3YmHIJOHS1Zpi4=,3s/UPNAvPfCjdOmswnlJdp2B1Ng=
128,-5,t+TxxsPy2ikKg3YmHIJOHS1Zpi4=,3s/UPNAvPfCjdOmswnlJdp2B1Ng=
138,-6,t+TxxsPy2ikKg3YmHIJOHS1Zpi4=,3s/UPNAvPfCjdOmswnlJdp2B1Ng=
130,-5,t+TxxsPy2ikKg3YmHIJOHS1Zpi4=,3s/UPNAvPfCjdOmswnlJdp2B1Ng=
137,-6,t+TxxsPy2ikKg3YmHIJOHS1Zpi4=,3s/UPNAvPfCjdOmswnlJdp2B1Ng=
136,-6,t+TxxsPy2ikKg3YmHIJOHS1Zpi4=,3s/UPNAvPfCjdOmswnlJdp2B1Ng=
135,-6,t+TxxsPy2ikKg3YmHIJOHS1Zpi4=,3s/UPNAvPfCjdOmswnlJdp2B1Ng=
132,-11,t+TxxsPy2ikKg3YmHIJOHS1Zpi4=,3s/UPNAvPfCjdOmswnlJdp2B1Ng=
140,-16,t+TxxsPy2ikKg3YmHIJOHS1Zpi4=,3s/UPNAvPfCjdOmswnlJdp2B1Ng=
132,-6,t+TxxsPy2ikKg3YmHIJOHS1Zpi4=,3s/UPNAvPfCjdOmswnlJdp2B1Ng=
133,-13,t+TxxsPy2ikKg3YmHIJOHS1Zpi4=,3s/UPNAvPfCjdOmswnlJdp2B1Ng=
133,-6,t+TxxsPy2ikKg3YmHIJOHS1Zpi4=,3s/UPNAvPfCjdOmswnlJdp2B1Ng=
139,-5,t+TxxsPy2ikKg3YmHIJOHS1Zpi4=,3s/UPNAvPfCjdOmswnlJdp2B1Ng=
133,-11,t+TxxsPy2ikKg3YmHIJOHS1Zpi4=,3s/UPNAvPfCjdOmswnlJdp2B1Ng=
129,-6,t+TxxsPy2ikKg3YmHIJOHS1Zpi4=,3s/UPNAvPfCjdOmswnlJdp2B1Ng=
137,-15,t+TxxsPy2ikKg3YmHIJOHS1Zpi4=,3s/UPNAvPfCjdOmswnlJdp2B1Ng=
140,-7,t+TxxsPy2ikKg3YmHIJOHS1Zpi4=,3s/UPNAvPfCjdOmswnlJdp2B1Ng=
139,-7,t+TxxsPy2ikKg3YmHIJOHS1Zpi4=,3s/UPNAvPfCjdOmswnlJdp2B1Ng=
130,-6,t+TxxsPy2ikKg3YmHIJOHS1Zpi4=,3s/UPNAvPfCjdOmswnlJdp2B1Ng=
141,-7,t+TxxsPy2ikKg3YmHIJOHS1Zpi4=,3s/UPNAvPfCjdOmswnlJdp2B1Ng=
134,-6,t+TxxsPy2ikKg3YmHIJOHS1Zpi4=,3s/UPNAvPfCjdOmswnlJdp2B1Ng=
142,-7,t+TxxsPy2ikKg3YmHIJOHS1Zpi4=,3s/UPNAvPfCjdOmswnlJdp2B1Ng=
138,-7,t+TxxsPy2ikKg3YmHIJOHS1Zpi4=,3s/UPNAvPfCjdOmswnlJdp2B1Ng=
131,-6,t+TxxsPy2ikKg3YmHIJOHS1Zpi4=,3s/UPNAvPfCjdOmswnlJdp2B1Ng=
134,-11,t+TxxsPy2ikKg3YmHIJOHS1Zpi4=,3s/UPNAvPfCjdOmswnlJdp2B1Ng=
137,-7,t+TxxsPy2ikKg3YmHIJOHS1Zpi4=,3s/UPNAvPfCjdOmswnlJdp2B1Ng=
135,-7,t+TxxsPy2ikKg3YmHIJOHS1Zpi4=,3s/UPNAvPfCjdOmswnlJdp2B1Ng=
136,-7,t+TxxsPy2ikKg3YmHIJOHS1Zpi4=,3s/UPNAvPfCjdOmswnlJdp2B1Ng=
132,-13,t+TxxsPy2ikKg3YmHIJOHS1Zpi4=,3s/UPNAvPfCjdOmswnlJdp2B1Ng=
135,-11,t+TxxsPy2ikKg3YmHIJOHS1Zpi4=,3s/UPNAvPfCjdOmswnlJdp2B1Ng=
132,-7,t+TxxsPy2ikKg3YmHIJOHS1Zpi4=,3s/UPNAvPfCjdOmswnlJdp2B1Ng=
143,-7,t+TxxsPy2ikKg3YmHIJOHS1Zpi4=,3s/UPNAvPfCjdOmswnlJdp2B1Ng=
139,-16,t+TxxsPy2ikKg3YmHIJOHS1Zpi4=,3s/UPNAvPfCjdOmswnlJdp2B1Ng=
133,-7,t+TxxsPy2ikKg3YmHIJOHS1Zpi4=,3s/UPNAvPfCjdOmswnlJdp2B1Ng=
130,-7,t+TxxsPy2ikKg3YmHIJOHS1Zpi4=,3s/UPNAvPfCjdOmswnlJdp2B1Ng=
128,-7,t+TxxsPy2ikKg3YmHIJOHS1Zpi4=,3s/UPNAvPfCjdOmswnlJdp2B1Ng=
134,-7,t+TxxsPy2ikKg3YmHIJOHS1Zpi4=,3s/UPNAvPfCjdOmswnlJdp2B1Ng=
131,-7,t+TxxsPy2ikKg3YmHIJOHS1Zpi4=,3s/UPNAvPfCjdOmswnlJdp2B1Ng=
136,-11,t+TxxsPy2ikKg3YmHIJOHS1Zpi4=,3s/UPNAvPfCjdOmswnlJdp2B1Ng=
143,-8,t+TxxsPy2ikKg3YmHIJOHS1Zpi4=,3s/UPNAvPfCjdOmswnlJdp2B1Ng=
136,-15,t+TxxsPy2ikKg3YmHIJOHS1Zpi4=,3s/UPNAvPfCjdOmswnlJdp2B1Ng=
142,-8,t+TxxsPy2ikKg3YmHIJOHS1Zpi4=,3s/UPNAvPfCjdOmswnlJdp2B1Ng=
138,-8,t+TxxsPy2ikKg3YmHIJOHS1Zpi4=,3s/UPNAvPfCjdOmswnlJdp2B1Ng=
137,-8,t+TxxsPy2ikKg3YmHIJOHS1Zpi4=,3s/UPNAvPfCjdOmswnlJdp2B1Ng=
140,-8,t+TxxsPy2ikKg3YmHIJOHS1Zpi4=,3s/UPNAvPfCjdOmswnlJdp2B1Ng=
141,-8,t+TxxsPy2ikKg3YmHIJOHS1Zpi4=,3s/UPNAvPfCjdOmswnlJdp2B1Ng=
139,-8,t+TxxsPy2ikKg3YmHIJOHS1Zpi4=,3s/UPNAvPfCjdOmswnlJdp2B1Ng=
137,-11,t+TxxsPy2ikKg3YmHIJOHS1Zpi4=,3s/UPNAvPfCjdOmswnlJdp2B1Ng=
131,-13,t+TxxsPy2ikKg3YmHIJOHS1Zpi4=,3s/UPNAvPfCjdOmswnlJdp2B1Ng=
136,-8,t+TxxsPy2ikKg3YmHIJOHS1Zpi4=,3s/UPNAvPfCjdOmswnlJdp2B1Ng=
135,-8,t+TxxsPy2ikKg3YmHIJOHS1Zpi4=,3s/UPNAvPfCjdOmswnlJdp2B1Ng=
138,-16,t+TxxsPy2ikKg3YmHIJOHS1Zpi4=,3s/UPNAvPfCjdOmswnlJdp2B1Ng=
129,-7,t+TxxsPy2ikKg3YmHIJOHS1Zpi4=,3s/UPNAvPfCjdOmswnlJdp2B1Ng=
132,-8,t+TxxsPy2ikKg3YmHIJOHS1Zpi4=,3s/UPNAvPfCjdOmswnlJdp2B1Ng=
138,-11,t+TxxsPy2ikKg3YmHIJOHS1Zpi4=,3s/UPNAvPfCjdOmswnlJdp2B1Ng=
131,-8,t+TxxsPy2ikKg3YmHIJOHS1Zpi4=,3s/UPNAvPfCjdOmswnlJdp2B1Ng=
133,-8,t+TxxsPy2ikKg3YmHIJOHS1Zpi4=,3s/UPNAvPfCjdOmswnlJdp2B1Ng=
129,-8,t+TxxsPy2ikKg3YmHIJOHS1Zpi4=,3s/UPNAvPfCjdOmswnlJdp2B1Ng=
143,-9,t+TxxsPy2ikKg3YmHIJOHS1Zpi4=,3s/UPNAvPfCjdOmswnlJdp2B1Ng=
128,-8,t+TxxsPy2ikKg3YmHIJOHS1Zpi4=,3s/UPNAvPfCjdOmswnlJdp2B1Ng=
142,-9,t+TxxsPy2ikKg3YmHIJOHS1Zpi4=,3s/UPNAvPfCjdOmswnlJdp2B1Ng=
135,-15,t+TxxsPy2ikKg3YmHIJOHS1Zpi4=,3s/UPNAvPfCjdOmswnlJdp2B1Ng=
140,-9,t+TxxsPy2ikKg3YmHIJOHS1Zpi4=,3s/UPNAvPfCjdOmswnlJdp2B1Ng=
141,-9,t+TxxsPy2ikKg3YmHIJOHS1Zpi4=,3s/UPNAvPfCjdOmswnlJdp2B1Ng=
132,-15,t+TxxsPy2ikKg3YmHIJOHS1Zpi4=,3s/UPNAvPfCjdOmswnlJdp2B1Ng=
130,-8,t+TxxsPy2ikKg3YmHIJOHS1Zpi4=,3s/UPNAvPfCjdOmswnlJdp2B1Ng=
137,-9,t+TxxsPy2ikKg3YmHIJOHS1Zpi4=,3s/UPNAvPfCjdOmswnlJdp2B1Ng=
138,-9,t+TxxsPy2ikKg3YmHIJOHS1Zpi4=,3s/UPNAvPfCjdOmswnlJdp2B1Ng=
139,-9,t+TxxsPy2ikKg3YmHIJOHS1Zpi4=,3s/UPNAvPfCjdOmswnlJdp2B1Ng=
137,-16,t+TxxsPy2ikKg3YmHIJOHS1Zpi4=,3s/UPNAvPfCjdOmswnlJdp2B1Ng=
134,-8,t+TxxsPy2ikKg3YmHIJOHS1Zpi4=,3s/UPNAvPfCjdOmswnlJdp2B1Ng=
135,-9,t+TxxsPy2ikKg3YmHIJOHS1Zpi4=,3s/UPNAvPfCjdOmswnlJdp2B1Ng=
128,-13,t+TxxsPy2ikKg3YmHIJOHS1Zpi4=,3s/UPNAvPfCjdOmswnlJdp2B1Ng=
133,-9,t+TxxsPy2ikKg3YmHIJOHS1Zpi4=,3s/UPNAvPfCjdOmswnlJdp2B1Ng=
134,-15,t+TxxsPy2ikKg3YmHIJOHS1Zpi4=,3s/UPNAvPfCjdOmswnlJdp2B1Ng=
129,-9,t+TxxsPy2ikKg3YmHIJOHS1Zpi4=,3s/UPNAvPfCjdOmswnlJdp2B1Ng=
131,-9,t+TxxsPy2ikKg3YmHIJOHS1Zpi4=,3s/UPNAvPfCjdOmswnlJdp2B1Ng=
130,-9,t+TxxsPy2ikKg3YmHIJOHS1Zpi4=,3s/UPNAvPfCjdOmswnlJdp2B1Ng=
128,-9,t+TxxsPy2ikKg3YmHIJOHS1Zpi4=,3s/UPNAvPfCjdOmswnlJdp2B1Ng=
134,-9,t+TxxsPy2ikKg3YmHIJOHS1Zpi4=,3s/UPNAvPfCjdOmswnlJdp2B1Ng=
132,-9,t+TxxsPy2ikKg3YmHIJOHS1Zpi4=,3s/UPNAvPfCjdOmswnlJdp2B1Ng=
135,-16,t+TxxsPy2ikKg3YmHIJOHS1Zpi4=,3s/UPNAvPfCjdOmswnlJdp2B1Ng=
143,-10,t+TxxsPy2ikKg3YmHIJOHS1Zpi4=,3s/UPNAvPfCjdOmswnlJdp2B1Ng=
142,-10,t+TxxsPy2ikKg3YmHIJOHS1Zpi4=,3s/UPNAvPfCjdOmswnlJdp2B1Ng=
141,-10,t+TxxsPy2ikKg3YmHIJOHS1Zpi4=,3s/UPNAvPfCjdOmswnlJdp2B1Ng=
130,-13,t+TxxsPy2ikKg3YmHIJOHS1Zpi4=,3s/UPNAvPfCjdOmswnlJdp2B1Ng=
136,-9,t+TxxsPy2ikKg3YmHIJOHS1Zpi4=,3s/UPNAvPfCjdOmswnlJdp2B1Ng=
138,-10,t+TxxsPy2ikKg3YmHIJOHS1Zpi4=,3s/UPNAvPfCjdOmswnlJdp2B1Ng=
140,-10,t+TxxsPy2ikKg3YmHIJOHS1Zpi4=,3s/UPNAvPfCjdOmswnlJdp2B1Ng=
129,-13,t+TxxsPy2ikKg3YmHIJOHS1Zpi4=,3s/UPNAvPfCjdOmswnlJdp2B1Ng=
136,-16,t+TxxsPy2ikKg3YmHIJOHS1Zpi4=,3s/UPNAvPfCjdOmswnlJdp2B1Ng=
139,-11,t+TxxsPy2ikKg3YmHIJOHS1Zpi4=,3s/UPNAvPfCjdOmswnlJdp2B1Ng=
136,-10,t+TxxsPy2ikKg3YmHIJOHS1Zpi4=,3s/UPNAvPfCjdOmswnlJdp2B1Ng=
134,-10,t+TxxsPy2ikKg3YmHIJOHS1Zpi4=,3s/UPNAvPfCjdOmswnlJdp2B1Ng=
135,-10,t+TxxsPy2ikKg3YmHIJOHS1Zpi4=,3s/UPNAvPfCjdOmswnlJdp2B1Ng=
133,-10,t+TxxsPy2ikKg3YmHIJOHS1Zpi4=,3s/UPNAvPfCjdOmswnlJdp2B1Ng=
139,-10,t+TxxsPy2ikKg3YmHIJOHS1Zpi4=,3s/UPNAvPfCjdOmswnlJdp2B1Ng=
131,-10,t+TxxsPy2ikKg3YmHIJOHS1Zpi4=,3s/UPNAvPfCjdOmswnlJdp2B1Ng=
137,-10,t+TxxsPy2ikKg3YmHIJOHS1Zpi4=,3s/UPNAvPfCjdOmswnlJdp2B1Ng=
130,-10,t+TxxsPy2ikKg3YmHIJOHS1Zpi4=,3s/UPNAvPfCjdOmswnlJdp2B1Ng=
132,-10,t+TxxsPy2ikKg3YmHIJOHS1Zpi4=,3s/UPNAvPfCjdOmswnlJdp2B1Ng=
128,-10,t+TxxsPy2ikKg3YmHIJOHS1Zpi4=,3s/UPNAvPfCjdOmswnlJdp2B1Ng=
141,-11,t+TxxsPy2ikKg3YmHIJOHS1Zpi4=,3s/UPNAvPfCjdOmswnlJdp2B1Ng=
140,-11,t+TxxsPy2ikKg3YmHIJOHS1Zpi4=,3s/UPNAvPfCjdOmswnlJdp2B1Ng=
143,-11,t+TxxsPy2ikKg3YmHIJOHS1Zpi4=,3s/UPNAvPfCjdOmswnlJdp2B1Ng=
142,-11,t+TxxsPy2ikKg3YmHIJOHS1Zpi4=,3s/UPNAvPfCjdOmswnlJdp2B1Ng=
129,-10,t+TxxsPy2ikKg3YmHIJOHS1Zpi4=,3s/UPNAvPfCjdOmswnlJdp2B1Ng=
133,-15,t+TxxsPy2ikKg3YmHIJOHS1Zpi4=,3s/UPNAvPfCjdOmswnlJdp2B1Ng=
128,-6,t+TxxsPy2ikKg3YmHIJOHS1Zpi4=,3s/UPNAvPfCjdOmswnlJdp2B1Ng=
