8,-3,1oZ9MY9vyLdiZDIKHL/IWSkh0x0=,DBizo8ouAx9MFSobI5uolr7ZmWQ=
8,-2,1oZ9MY9vyLdiZDIKHL/IWSkh0x0=,DBizo8ouAx9MFSobI5uolr7ZmWQ=
8,-1,1oZ9MY9vyLdiZDIKHL/IWSkh0x0=,DBizo8ouAx9MFSobI5uolr7ZmWQ=
7,-1,1oZ9MY9vyLdiZDIKHL/IWSkh0x0=,msVkTVoSZbiKfV2K1HfG6xAt6M8=
7,-2,1oZ9MY9vyLdiZDIKHL/IWSkh0x0=,msVkTVoSZbiKfV2K1HfG6xAt6M8=
7,-3,1oZ9MY9vyLdiZDIKHL/IWSkh0x0=,msVkTVoSZbiKfV2K1HfG6xAt6M8=
6,-2,1oZ9MY9vyLdiZDIKHL/IWSkh0x0=,msVkTVoSZbiKfV2K1HfG6xAt6M8=
6,-1,1oZ9MY9vyLdiZDIKHL/IWSkh0x0=,msVkTVoSZbiKfV2K1HfG6xAt6M8=
6,-4,1oZ9MY9vyLdiZDIKHL/IWSkh0x0=,msVkTVoSZbiKfV2K1HfG6xAt6M8=
6,-3,1oZ9MY9vyLdiZDIKHL/IWSkh0x0=,msVkTVoSZbiKfV2K1HfG6xAt6M8=
5,-3,1oZ9MY9vyLdiZDIKHL/IWSkh0x0=,msVkTVoSZbiKfV2K1HfG6xAt6M8=
5,-4,1oZ9MY9vyLdiZDIKHL/IWSkh0x0=,msVkTVoSZbiKfV2K1HfG6xAt6M8=
5,-1,1oZ9MY9vyLdiZDIKHL/IWSkh0x0=,msVkTVoSZbiKfV2K1HfG6xAt6M8=
5,-2,1oZ9MY9vyLdiZDIKHL/IWSkh0x0=,msVkTVoSZbiKfV2K1HfG6xAt6M8=
5,-5,1oZ9MY9vyLdiZDIKHL/IWSkh0x0=,msVkTVoSZbiKfV2K1HfG6xAt6M8=
4,-4,1oZ9MY9vyLdiZDIKHL/IWSkh0x0=,msVkTVoSZbiKfV2K1HfG6xAt6M8=
4,-3,1oZ9MY9vyLdiZDIKHL/IWSkh0x0=,msVkTVoSZbiKfV2K1HfG6xAt6M8=
4,-2,1oZ9MY9vyLdiZDIKHL/IWSkh0x0=,msVkTVoSZbiKfV2K1HfG6xAt6M8=
4,-1,1oZ9MY9vyLdiZDIKHL/IWSkh0x0=,msVkTVoSZbiKfV2K1HfG6xAt6M8=
3,-1,1oZ9MY9vyLdiZDIKHL/IWSkh0x0=,msVkTVoSZbiKfV2K1HfG6xAt6M8=
3,-2,1oZ9MY9vyLdiZDIKHL/IWSkh0x0=,msVkTVoSZbiKfV2K1HfG6xAt6M8=
3,-3,1oZ9MY9vyLdiZDIKHL/IWSkh0x0=,msVkTVoSZbiKfV2K1HfG6xAt6M8=
3,-4,1oZ9MY9vyLdiZDIKHL/IWSkh0x0=,msVkTVoSZbiKfV2K1HfG6xAt6M8=
2,-5,1oZ9MY9vyLdiZDIKHL/IWSkh0x0=,msVkTVoSZbiKfV2K1HfG6xAt6M8=
2,-2,1oZ9MY9vyLdiZDIKHL/IWSkh0x0=,msVkTVoSZbiKfV2K1HfG6xAt6M8=
2,-1,1oZ9MY9vyLdiZDIKHL/IWSkh0x0=,msVkTVoSZbiKfV2K1HfG6xAt6M8=
2,-4,1oZ9MY9vyLdiZDIKHL/IWSkh0x0=,msVkTVoSZbiKfV2K1HfG6xAt6M8=
2,-3,1oZ9MY9vyLdiZDIKHL/IWSkh0x0=,msVkTVoSZbiKfV2K1HfG6xAt6M8=
1,-5,1oZ9MY9vyLdiZDIKHL/IWSkh0x0=,msVkTVoSZbiKfV2K1HfG6xAt6M8=
1,-3,1oZ9MY9vyLdiZDIKHL/IWSkh0x0=,msVkTVoSZbiKfV2K1HfG6xAt6M8=
1,-4,1oZ9MY9vyLdiZDIKHL/IWSkh0x0=,msVkTVoSZbiKfV2K1HfG6xAt6M8=
1,-1,1oZ9MY9vyLdiZDIKHL/IWSkh0x0=,msVkTVoSZbiKfV2K1HfG6xAt6M8=
1,-2,1oZ9MY9vyLdiZDIKHL/IWSkh0x0=,msVkTVoSZbiKfV2K1HfG6xAt6M8=
0,-8,1oZ9MY9vyLdiZDIKHL/IWSkh0x0=,msVkTVoSZbiKfV2K1HfG6xAt6M8=
0,-7,1oZ9MY9vyLdiZDIKHL/IWSkh0x0=,msVkTVoSZbiKfV2K1HfG6xAt6M8=
0,-6,1oZ9MY9vyLdiZDIKHL/IWSkh0x0=,msVkTVoSZbiKfV2K1HfG6xAt6M8=
0,-5,1oZ9MY9vyLdiZDIKHL/IWSkh0x0=,msVkTVoSZbiKfV2K1HfG6xAt6M8=
0,-4,1oZ9MY9vyLdiZDIKHL/IWSkh0x0=,msVkTVoSZbiKfV2K1HfG6xAt6M8=
0,-3,1oZ9MY9vyLdiZDIKHL/IWSkh0x0=,msVkTVoSZbiKfV2K1HfG6xAt6M8=
0,-2,1oZ9MY9vyLdiZDIKHL/IWSkh0x0=,msVkTVoSZbiKfV2K1HfG6xAt6M8=
0,-1,1oZ9MY9vyLdiZDIKHL/IWSkh0x0=,msVkTVoSZbiKfV2K1HfG6xAt6M8=
